score,review,date,rating,created_at,cleaned_review,review_len,word_count,datetime,year_month,year,month,day,weekday,is_weekend,sentiment,tfidf_svd_0,tfidf_svd_1,tfidf_svd_2,tfidf_svd_3,tfidf_svd_4,tfidf_svd_5,tfidf_svd_6,tfidf_svd_7,tfidf_svd_8,tfidf_svd_9
10,어른들에게도 교훈이 있는 좋은영화,2 분전,10,2026-07-20,어른들에게도 교훈이 있는 좋은영화,18,4,2026-07-20,2026-07,2026,7,20,Monday,False,positive,0.023822178226368167,0.004003143930763341,0.04624805513141861,-0.00044699731082568597,0.03265799896581149,-0.010483170011987753,0.03039265180401802,0.03153247554801888,-0.06229707136278897,-0.026216781420445694
10,"아이가 보고싶어해서 봤어요
토이스토리 첨 보는데 많은 교훈을 주는 내용이네요
폰시간을 줄이자고하니 그렇게 영화를 이해하면 안된다네요 ㅋㅋ",44 분전,10,2026-07-20,아이가 보고싶어해서 봤어요 토이스토리 첨 보는데 많은 교훈을 주는 내용이네요 폰시간을 줄이자고하니 그렇게 영화를 이해하면 안된다네요 ㅋㅋ,76,17,2026-07-20,2026-07,2026,7,20,Monday,False,positive,0.19293129073808787,0.232308696710149,0.16115327830833825,-0.036308917112930765,-0.09451928714925738,-0.06033509604589923,-0.08751193043629125,-0.08785574199539735,0.07096193062983543,-0.03978333359674452
4,애들이 좋아할 듯한 스토리… 유치함 ㅜㅜ,1 시간전,4,2026-07-20,애들이 좋아할 듯한 스토리 유치함 ㅜㅜ,21,6,2026-07-20,2026-07,2026,7,20,Monday,False,negative,0.03885101856054218,-0.0030205282779432402,0.05060454843553244,-0.004177425815731948,0.04323319701921945,0.0031356753867385085,0.09477412306488915,-0.0030054752872244804,-0.014376043250986039,0.03150263554917358
9,"""시대는 변해도, 친구들은 영원하다""",2 시간전,9,2026-07-20,시대는 변해도 친구들은 영원하다,17,4,2026-07-20,2026-07,2026,7,20,Monday,False,positive,8.35286991291186e-18,-4.5157530129122304e-17,-4.623080311409947e-17,-1.2710811495819595e-17,-1.1101695325055379e-16,4.067580829754651e-18,1.1122568613064337e-18,-3.936181122557199e-17,9.932164100565809e-18,3.881864928288815e-18
8,새로운 디지털 장난감과 끝나지 않은 아날로그 장난감들의 이야기...,3 시간전,8,2026-07-20,새로운 디지털 장난감과 끝나지 않은 아날로그 장난감들의 이야기,34,8,2026-07-20,2026-07,2026,7,20,Monday,False,positive,0.013889322693227488,0.005290155370769215,0.02198574220168092,0.020076437775194328,0.0520701956475238,-0.0177231435932378,-0.003715769862416089,-0.0020188120043964615,-0.003351055983149688,-0.00597339401053623
8,토이 스토리 재미있게 잘 봤어요,3 시간전,8,2026-07-20,토이 스토리 재미있게 잘 봤어요,17,5,2026-07-20,2026-07,2026,7,20,Monday,False,positive,0.13179062231905397,-0.033835380583217126,0.5479571268936047,-0.01839699302360802,-0.20953911229748365,-0.027418762623989526,0.1459308987852326,-0.09589502848855477,0.008076876446420765,0.17495191702083224
10,재미있어요 굿굿 ㅠㅠ,4 시간전,10,2026-07-20,재미있어요 굿굿 ㅠㅠ,11,3,2026-07-20,2026-07,2026,7,20,Monday,False,positive,0.012103443982175973,0.005989683893920212,0.02379418399348877,-0.0011034490799399096,0.00023713000662018704,0.01810257797371175,-0.001198937937228746,0.03369801533557231,0.00513491078082444,-0.02238064954024414
10,재미있게 봤어요 또 보고  싶어 요,4 시간전,10,2026-07-20,재미있게 봤어요 또 보고 싶어 요,18,6,2026-07-20,2026-07,2026,7,20,Monday,False,positive,0.15012316293804087,-0.04865965054880374,0.6073263871079007,-0.02876164940664768,-0.31779997557141926,-0.04598875689340559,0.08802442381585206,-0.10157939483367746,0.013945897334203745,0.1370343718133558
9,토이스토리는 언제나 기대를 저버리지않아요♡,4 시간전,9,2026-07-20,토이스토리는 언제나 기대를 저버리지않아요,22,4,2026-07-20,2026-07,2026,7,20,Monday,False,positive,0.04086370842386056,0.020441872321864486,0.03513782152342357,0.029848074205259183,0.05836869296323368,0.48914558289448795,0.0010698354338728696,0.0018021347054078681,-0.008821666119814102,-0.13182788565774867
8,여전히 생명력이 있는 시리즈라는게 느껴진다,4 시간전,8,2026-07-20,여전히 생명력이 있는 시리즈라는게 느껴진다,23,5,2026-07-20,2026-07,2026,7,20,Monday,False,positive,0.07025924396445188,-0.010508911234314997,0.028652874753281345,0.06192397654667121,0.0297167216129867,0.03169437508281267,0.055928950033391205,0.04660795637275183,-0.16748914081860355,-0.19840554396764673
10,관계는 바뀌어도 추억은 바뀌지 않는다. 소중한 추억...,4 시간전,10,2026-07-20,관계는 바뀌어도 추억은 바뀌지 않는다 소중한 추억,27,7,2026-07-20,2026-07,2026,7,20,Monday,False,positive,0.0026989803698033096,0.0043059692832465015,-4.746700654037895e-05,0.0014644092358162795,-2.1767868795172333e-05,0.0003803330050233351,0.0008971253686915373,0.006048780952908186,-0.007980105850133435,-0.012446313329216863
9,토이스토리  아이가 좋아하는 애니에요,5 시간전,9,2026-07-20,토이스토리 아이가 좋아하는 애니에요,19,4,2026-07-20,2026-07,2026,7,20,Monday,False,positive,0.2119582408550611,0.3826279747605243,-0.03708160980825851,-0.07880267633462905,-0.029787748779481447,-0.05917277231153445,-0.037805085516748604,-0.0064605417389644836,-0.0052720998985281995,-0.06962796600439566
10,사실 시리즈가 많아 기대는 안했는데 고1.중2아들과 같이봤는데 재미있었어요~,5 시간전,10,2026-07-20,사실 시리즈가 많아 기대는 안했는데 고1중2아들과 같이봤는데 재미있었어요,40,8,2026-07-20,2026-07,2026,7,20,Monday,False,positive,0.008614655793087834,0.019189993133869692,0.002346098264983673,-0.0032424487187269918,0.0008827264306138253,-0.002254645770915623,-0.004027133473935599,0.028216944411072437,-0.004074910634586396,-0.01002045053675552
10,"오랜만에 보는 토이스토리, 재밌었어요",5 시간전,10,2026-07-20,오랜만에 보는 토이스토리 재밌었어요,19,4,2026-07-20,2026-07,2026,7,20,Monday,False,positive,0.19209541120598217,0.36495150384909486,-0.016528258008833216,-0.04078779065880858,0.0018872586683856222,-0.028357984794057708,-0.04398398535927798,0.04582751071966975,-0.037608377741778956,-0.14388914551578583
8,"디즈니 스러운 교훈과 스토리네요
시리즈를 전부본게아니라서 왜 인생영화인지까진 공감하지못했지만 작중 감정변화나 표현은 좋았습니다
버즈 장난감을 가지고 관람한 아이덕에 별하나 추가요",6 시간전,8,2026-07-20,디즈니 스러운 교훈과 스토리네요 시리즈를 전부본게아니라서 왜 인생영화인지까진 공감하지못했지만 작중 감정변화나 표현은 좋았습니다 버즈 장난감을 가지고 관람한 아이덕에 별하나 추가요,99,20,2026-07-20,2026-07,2026,7,20,Monday,False,positive,0.008342039778101823,0.003017998146923365,0.01550419486427746,0.001912261429923546,0.005881087214659631,0.0004714177494238093,0.023897987887923536,0.02252406010926273,-0.011177045884812784,-0.009289176296372766
10,굿굿입니다용 ㅎㅎㅎㅎ,7 시간전,10,2026-07-20,굿굿입니다용 ㅎㅎㅎㅎ,11,2,2026-07-20,2026-07,2026,7,20,Monday,False,positive,-0.0,-0.0,-0.0,0.0,0.0,0.0,-0.0,0.0,0.0,0.0
10,끝없는 아이들과 장난감의 유대,10 시간전,10,2026-07-20,끝없는 아이들과 장난감의 유대,16,4,2026-07-20,2026-07,2026,7,20,Monday,False,positive,0.02570645720514613,0.0020575924307767337,0.051423932869250705,-0.005160933611048761,-0.009700371415195228,-0.003973416047375795,0.007104615334268104,0.21512869327647427,-0.16752450681648204,0.056877735035941186
10,토이스토리 시리즈중 최고,10 시간전,10,2026-07-20,토이스토리 시리즈중 최고,13,3,2026-07-20,2026-07,2026,7,20,Monday,False,positive,0.14311742659823773,0.3643243370836024,-0.016392800269443546,-0.05706678242671025,-0.0309677417253304,-0.04733986398254797,-0.03922423057931427,0.04054586216018999,0.06879850775328022,-0.06984183078886969
10,감동적이고 노래ost도 좋아요,11 시간전,10,2026-07-20,감동적이고 노래ost도 좋아요,16,3,2026-07-20,2026-07,2026,7,20,Monday,False,positive,0.034917115205124805,-0.013044856685159575,-0.0057709600211304675,-0.006584781383160401,0.006598112397309991,0.0024511678655876304,0.005301551107052487,0.05816074309799533,-0.058276129663353944,-0.014149561144250405
6,아무 생각 없이 힐링하기 좋은 킬링 타임용 영화. 동심 충전 완료.,11 시간전,6,2026-07-20,아무 생각 없이 힐링하기 좋은 킬링 타임용 영화 동심 충전 완료,35,11,2026-07-20,2026-07,2026,7,20,Monday,False,neutral,0.03227910201054831,0.006617595796773646,0.11160355925384817,0.020283640602099175,0.26859176697584,-0.04670691577813508,-0.016163614164686774,0.052829965578385436,0.01728531760701753,0.023172642638609558
10,영상이 예뻐서 어른도 힐링각,12 시간전,10,2026-07-20,영상이 예뻐서 어른도 힐링각,15,4,2026-07-20,2026-07,2026,7,20,Monday,False,positive,0.005354391237329751,-0.0019691126481519217,0.020339696253859823,-0.0008969980121740606,-0.010510455556837389,0.0023262784958963468,-0.031792208370992066,-0.0027231662254360773,0.012816021965854567,-0.005297275392566001
10,요즘 아이들이 꼭 봐야할 영화,13 시간전,10,2026-07-20,요즘 아이들이 꼭 봐야할 영화,16,5,2026-07-20,2026-07,2026,7,20,Monday,False,positive,0.09860404526260012,-4.497963495210799e-05,0.3019880933785755,0.007503494708480014,0.43552847674943634,-0.10556018727205829,0.32521970374739584,-0.062081564392036576,0.05262777436892953,-0.28183079767111424
10,집에 안쓰는 장난감에게 다시 애정을,14 시간전,10,2026-07-20,집에 안쓰는 장난감에게 다시 애정을,19,5,2026-07-20,2026-07,2026,7,20,Monday,False,positive,0.008494622829315584,0.016167364106477396,0.0060632217337948735,0.0011283044144820217,0.007135418562447387,0.00025622368225083046,0.0051000971064362,0.01980616602825752,-0.023528127033532072,0.02011017196333627
10,그시절의 추억과 감동이 물밀려오듯이 한꺼번에 들이차서 눈물을 훔칠수 밖에 없었습니다 감동적이예요,15 시간전,10,2026-07-20,그시절의 추억과 감동이 물밀려오듯이 한꺼번에 들이차서 눈물을 훔칠수 밖에 없었습니다 감동적이예요,53,11,2026-07-20,2026-07,2026,7,20,Monday,False,positive,0.011518668785327844,0.015609266029484908,0.025923040348659544,-0.00175672386349447,0.046521220359274126,-0.007639321777047393,-0.028243533250615786,0.11548986291462067,-0.10094068210471882,-0.016202897381055542
10,기다린 보람이 있음. 너무너무 재밌어요.,21 시간전,10,2026-07-20,기다린 보람이 있음 너무너무 재밌어요,20,5,2026-07-20,2026-07,2026,7,20,Monday,False,positive,0.13631293412020817,0.00710976556506153,0.01374837604359591,0.7045537961170056,-0.04344847632292828,-0.10241474865436316,-0.13317427564049125,-0.008514494325317711,0.05790026151731098,-0.11914014220418935
10,너무 재밌어요! 이래서 토이스토리가 많은 사랑을 받는 구나 깨달았습니다 🫶,21 시간전,10,2026-07-20,너무 재밌어요 이래서 토이스토리가 많은 사랑을 받는 구나 깨달았습니다,38,9,2026-07-20,2026-07,2026,7,20,Monday,False,positive,0.3915638055619823,-0.12632503934202502,-0.12700886021501467,0.3896984264161641,-0.02696982593133654,-0.08309458376021564,0.015314735148182696,-0.031833627591158695,-0.013398089580353312,-0.010251860540728602
10,재미 있었어요 특히 제시.목소리 성우님 제가 좋아하는 목소리라 더 흥미롭게 들었네요. 아이들이랑 같이 봤는데 재미 있었대요~ 그런데 왠지 토이스토리는 어른을 위한 영화 같다는 생각,21 시간전,10,2026-07-20,재미 있었어요 특히 제시목소리 성우님 제가 좋아하는 목소리라 더 흥미롭게 들었네요 아이들이랑 같이 봤는데 재미 있었대요 그런데 왠지 토이스토리는 어른을 위한 영화 같다는 생각,97,24,2026-07-20,2026-07,2026,7,20,Monday,False,positive,0.09320312468670176,0.009889817613236901,0.11489417219550478,0.005549014382225339,0.1743181665570652,0.17900887058603182,-0.05946915463146741,0.1432732148514764,-0.1183212059845301,-0.032986778337365213
8,무난무난 나쁘지 않았다,23 시간전,8,2026-07-20,무난무난 나쁘지 않았다,12,3,2026-07-20,2026-07,2026,7,20,Monday,False,positive,0.0002590547431899738,7.436278326146429e-05,0.0010790471601012225,0.00018816399097404786,0.003247748355975813,-0.0007353336212973816,-0.000899131473729305,0.0013492456307207528,-0.001994896144534264,9.558824404689117e-05
10,스토리 자체는 재미있음. 어른보다 아이들이 더 좋아할 영화,23 시간전,10,2026-07-20,스토리 자체는 재미있음 어른보다 아이들이 더 좋아할 영화,31,8,2026-07-20,2026-07,2026,7,20,Monday,False,positive,0.07724960540497579,-0.0012509039833414615,0.22996598509246605,0.0051762695505588865,0.3208691014511724,-0.06280212584974185,0.2678967593117145,-0.0609093588021526,0.0001757345753045269,-0.159769790205197
10,너무 좋았어요 🫶,23 시간전,10,2026-07-20,너무 좋았어요,7,2,2026-07-20,2026-07,2026,7,20,Monday,False,positive,0.4681170571706909,-0.20801416397777245,-0.14827612107906651,-0.0931513232495819,0.011268760108581325,-0.02161290856793629,0.021328815519887658,0.030011987449852718,-0.019424237673171477,0.05528353040933173
10,아이들과재밌게봤어요!,1 일전,10,2026-07-19,아이들과재밌게봤어요,10,1,2026-07-19,2026-07,2026,7,19,Sunday,True,positive,-0.0,-0.0,-0.0,0.0,0.0,0.0,-0.0,0.0,0.0,0.0
10,정말 재미있어요 ㅋ,1 일전,10,2026-07-19,정말 재미있어요 ㅋ,10,3,2026-07-19,2026-07,2026,7,19,Sunday,True,positive,0.028496212252891995,0.0011689020545312255,0.07837841789732701,-0.0002950770738731782,-0.0003540506385565083,0.005078515354596687,0.07645397355199957,0.13800703458051997,-0.04446326114799349,-0.027324780357184154
10,스토리가 재밌고 속 시원,1 일전,10,2026-07-19,스토리가 재밌고 속 시원,13,4,2026-07-19,2026-07,2026,7,19,Sunday,True,positive,0.10824209606682994,-0.050577449738021966,-0.007732964704704635,-0.03239356349782873,0.024840377118087554,0.01026137070111726,0.14271127540920997,0.4591392517438469,0.6550265962576323,0.04130730149064385
10,초연결 속 단절을 야기하는 스마트 기기에 대한 고찰,1 일전,10,2026-07-19,초연결 속 단절을 야기하는 스마트 기기에 대한 고찰,28,8,2026-07-19,2026-07,2026,7,19,Sunday,True,positive,0.003217644593623923,0.002269680039158443,0.008380819276723744,0.00011772477868290719,0.008431020810761927,-0.003086164688418474,0.02013781746467045,0.004535364464476469,-0.0032352940351088664,-0.01765725791089322
9,기본컨셉을 해치지않고 시대변화상을 매우 잘 녹여내어 연출한 상상력이 대단하다!,1 일전,9,2026-07-19,기본컨셉을 해치지않고 시대변화상을 매우 잘 녹여내어 연출한 상상력이 대단하다,42,9,2026-07-19,2026-07,2026,7,19,Sunday,True,positive,0.003184923955939668,-0.0006555642222578433,0.014154382623254965,-0.00017518206336562304,0.01409392329500751,-0.004967328973550735,0.04125217850712163,-0.0021792133560272656,-0.0003396555573162514,-0.04269767037733445
10,아이들과 너무 즐겁게 관람했어요~,1 일전,10,2026-07-19,아이들과 너무 즐겁게 관람했어요,17,4,2026-07-19,2026-07,2026,7,19,Sunday,True,positive,0.32580003666710966,-0.14389189571931407,-0.030896741273888525,-0.06669915951171762,0.004058711062390538,-0.023802689140349113,-0.02105102861926003,0.11096619443915447,-0.11240846519631459,0.06923519769642136
8,"스마트기기에 중독된 시대에 위트 있는 이야기로 재미있게
감상했습니다. 9살 아이도 재미있게 봤다네요.",1 일전,8,2026-07-19,스마트기기에 중독된 시대에 위트 있는 이야기로 재미있게 감상했습니다 9살 아이도 재미있게 봤다네요,54,12,2026-07-19,2026-07,2026,7,19,Sunday,True,positive,0.09545872186492142,-0.021126586510022336,0.4110831598791446,-0.0024408459893826132,-0.1911563551355995,-0.04140725441046859,0.23714367240283168,0.056829779301797875,-0.15625063935662747,0.12765321045133893
10,"전자기기의 무서움을 시각적으로 보게되니 너무 무서웠고, 아이들의 미래가 걱정되었어요. 어릴적 논던게 떠올라 추억여행도 되고 오히려 어른들이 봐야하지 싶네요",1 일전,10,2026-07-19,전자기기의 무서움을 시각적으로 보게되니 너무 무서웠고 아이들의 미래가 걱정되었어요 어릴적 논던게 떠올라 추억여행도 되고 오히려 어른들이 봐야하지 싶네요,84,18,2026-07-19,2026-07,2026,7,19,Sunday,True,positive,0.21594263605596148,-0.09473025140607565,-0.057056721987899926,-0.04406175295270043,0.009409476736340287,-0.015409159996789245,0.025924466782532227,-0.022052194678323155,-0.01716023815603092,-0.001070554926924859
10,역시 토이스토리… 👍🏻👍🏻,1 일전,10,2026-07-19,역시 토이스토리,8,2,2026-07-19,2026-07,2026,7,19,Sunday,True,positive,0.30897748478290327,0.7350159476315408,-0.04371778808712769,0.030529251640327305,-0.029940470659920074,0.15951627731951926,0.11555139237865068,-0.07248486293779711,0.022840821218136555,0.3793641815697357
10,잘봤습니다  재밌어지더라고요,1 일전,10,2026-07-19,잘봤습니다 재밌어지더라고요,14,2,2026-07-19,2026-07,2026,7,19,Sunday,True,positive,0.002990346242898044,-0.0004949782765856202,0.00791060957641986,-0.0006112364194929328,-0.003281601107446162,0.0028796575442020258,-0.040054197565195564,-0.0023478743664226524,0.011570321763237891,-0.013794055528741852
10,AI 시대에 맞는 주제로 재밌게 봤습니다,1 일전,10,2026-07-19,AI 시대에 맞는 주제로 재밌게 봤습니다,22,6,2026-07-19,2026-07,2026,7,19,Sunday,True,positive,0.08646158477687708,-0.015384015391454377,0.19454453197824054,0.009538368889318647,-0.06350589986393819,0.027452180411169168,-0.18754680526131864,0.05333381427771674,-0.008965209971149812,-0.004460010987859732
10,어른인 제가 감동 받은 부분이 많아 코끝찡했네요. 아이들에게도 마음속 깊이 타임캡슐로 남아 언젠가 문득 끄집어 내게 되는 영화로 기억되지 않을까 생각합니다,1 일전,10,2026-07-19,어른인 제가 감동 받은 부분이 많아 코끝찡했네요 아이들에게도 마음속 깊이 타임캡슐로 남아 언젠가 문득 끄집어 내게 되는 영화로 기억되지 않을까 생각합니다,85,21,2026-07-19,2026-07,2026,7,19,Sunday,True,positive,0.011011213360448335,0.0004796288086604974,0.025936218513682094,0.0028364275045120704,0.0468219289977608,0.013460073284354186,0.0007941589654177738,0.02801769833720297,-0.009432391751845383,0.010967120828283716
10,"재밌었어요! 나이대별로 좋아하는게 달라지면서, 어릴때 갖구놀던 장난감의 소중함을 다시 느끼게 되었던..요즘 아이들의 모습도 보였습니다.",1 일전,10,2026-07-19,재밌었어요 나이대별로 좋아하는게 달라지면서 어릴때 갖구놀던 장난감의 소중함을 다시 느끼게 되었던요즘 아이들의 모습도 보였습니다,70,14,2026-07-19,2026-07,2026,7,19,Sunday,True,positive,0.05103291996457544,0.02078337483906726,0.014113600682872702,-0.004153915918034483,0.016153231151704927,0.0038149201249177735,-0.005489222687955394,0.06514362635779085,-0.07177646408424096,0.0014522460731042914
9,"초등, 유치원 딸들과 봤은데 감동이래요",1 일전,9,2026-07-19,초등 유치원 딸들과 봤은데 감동이래요,20,5,2026-07-19,2026-07,2026,7,19,Sunday,True,positive,-0.0,-0.0,-0.0,0.0,0.0,0.0,-0.0,0.0,0.0,0.0
10,아이들과 같이 보기 좋아요~,1 일전,10,2026-07-19,아이들과 같이 보기 좋아요,14,4,2026-07-19,2026-07,2026,7,19,Sunday,True,positive,0.03691786558699549,-0.012071035248853411,0.03429837769053862,0.005585800741733562,-0.004834640339593292,0.019269542139581663,0.009983935296387704,0.21665231440153815,-0.129809672518193,0.051223901082707385
10,추억의토이스토리해피엔드,1 일전,10,2026-07-19,추억의토이스토리해피엔드,12,1,2026-07-19,2026-07,2026,7,19,Sunday,True,positive,-0.0,-0.0,-0.0,0.0,0.0,0.0,-0.0,0.0,0.0,0.0
10,영화 재밌게 관람했어요,1 일전,10,2026-07-19,영화 재밌게 관람했어요,12,3,2026-07-19,2026-07,2026,7,19,Sunday,True,positive,0.12168537083663956,-0.022468820000265486,0.2880911374337721,0.009406302801425424,0.32899538918631616,-0.03302163442495936,-0.31640691965589657,-0.04848479676970064,0.07017204243025373,-0.025575470570338002
10,역시 재밌어요~~~ 6시리즈도 나왔음 좋겠어요!!,1 일전,10,2026-07-19,역시 재밌어요 6시리즈도 나왔음 좋겠어요,22,5,2026-07-19,2026-07,2026,7,19,Sunday,True,positive,0.2056147440257656,0.1636386607136256,-0.055643514278261814,0.7702934848525226,-0.0404273696262666,0.12261386080842324,0.1483394158106393,-0.06557337113236032,0.017050612859959527,0.3863922692737825
7,다 좋았는데 뭔가 임팩트가 없음 약간 전편들 보다는 쫌....,1 일전,7,2026-07-19,다 좋았는데 뭔가 임팩트가 없음 약간 전편들 보다는 쫌,30,9,2026-07-19,2026-07,2026,7,19,Sunday,True,positive,0.006433716632217331,-0.0007809467435442467,0.00565180088024076,0.010963227445905745,0.008292980586639225,-0.0022718582258797046,-0.010332924906856033,0.03175785941938099,-0.01697030067154271,-0.007697685952069383
10,숨실틈없이 재미있게 잘 봤어요,1 일전,10,2026-07-19,숨실틈없이 재미있게 잘 봤어요,16,4,2026-07-19,2026-07,2026,7,19,Sunday,True,positive,0.16979987302182362,-0.058357658297535545,0.743429223254034,-0.031116978565611225,-0.40066866263254447,-0.051134086262522416,0.10385411761776564,-0.13433626461666523,0.02464073203678879,0.16804205288370766
10,어린시절 내 놀이친구들 소환!!,1 일전,10,2026-07-19,어린시절 내 놀이친구들 소환,15,4,2026-07-19,2026-07,2026,7,19,Sunday,True,positive,-0.0,-0.0,-0.0,0.0,0.0,0.0,-0.0,0.0,0.0,0.0
10,토이들과 함께 나이를 먹는게 행복했어요,1 일전,10,2026-07-19,토이들과 함께 나이를 먹는게 행복했어요,21,5,2026-07-19,2026-07,2026,7,19,Sunday,True,positive,0.015689884767978803,-0.005196712555844541,0.009461872266316408,-0.002377044188043667,0.009259770478846642,-0.00027230364142283146,-0.010459584267488246,0.04763579273377734,0.004130522733591422,0.0007161953408607142
9,어른이 된 우리들에게 기억을 되찾아주는 영화,1 일전,9,2026-07-19,어른이 된 우리들에게 기억을 되찾아주는 영화,24,6,2026-07-19,2026-07,2026,7,19,Sunday,True,positive,0.051443234067157034,0.017772776434321392,0.2169110410375488,0.02672929581698392,0.5422463503126842,-0.09854409657875043,-0.024125954232777323,-0.045042266718037745,0.013234253819887047,0.0409794697197933
7,나이가 들면서 편견을 버리기가 점점 어려워진다.,1 일전,7,2026-07-19,나이가 들면서 편견을 버리기가 점점 어려워진다,25,6,2026-07-19,2026-07,2026,7,19,Sunday,True,positive,0.006483129801960271,-0.0023933416138765297,0.005139047127101876,-0.001002258069112076,-0.0023450295526680587,-0.000735794879282712,0.016648748997787635,-0.001171251325021395,-0.003888495286376774,-0.001182994661291969
10,아이들과 재미있게 봤습니다.,1 일전,10,2026-07-19,아이들과 재미있게 봤습니다,14,3,2026-07-19,2026-07,2026,7,19,Sunday,True,positive,0.0958951537940548,-0.020103911768641222,0.3952586657115086,-0.021155968333576393,-0.18550149983546177,-0.024462378853188662,0.20629730911072233,0.2506989968361563,-0.281082908786401,0.1966450344414489
10,아이들이 보고 싶다고 해서  아이 친구들까지 데리고 가서  봤는데 너무 재미있어하네요^^  요즘 진짜 전자기기 넘 많이 하는데  아주 공감했네요,1 일전,10,2026-07-19,아이들이 보고 싶다고 해서 아이 친구들까지 데리고 가서 봤는데 너무 재미있어하네요 요즘 진짜 전자기기 넘 많이 하는데 아주 공감했네요,74,19,2026-07-19,2026-07,2026,7,19,Sunday,True,positive,0.2063417465254264,-0.07568809464911248,0.05756176187439225,-0.04197086348547314,0.03589347060230977,-0.01869672496144153,0.12758909318160858,0.13252866531759339,-0.09622383735923856,-0.13413883315450384
10,신박한 내용 좋았습니다.,1 일전,10,2026-07-19,신박한 내용 좋았습니다,12,3,2026-07-19,2026-07,2026,7,19,Sunday,True,positive,0.011501375712291756,-0.0006691273086576152,0.027398667959804838,0.0008505501428348418,0.041014708075308715,-0.008146620057417195,-0.012958424214466876,0.025290274957381474,-0.02308470251965364,0.00213371544161422
10,감동적이고 잔잔한 스토리,1 일전,10,2026-07-19,감동적이고 잔잔한 스토리,13,3,2026-07-19,2026-07,2026,7,19,Sunday,True,positive,0.05095341071807965,0.005680358420224522,0.04130391352349498,-0.006970678557071269,0.033388808718089615,0.009859092309256369,0.0753201699059156,0.027986235104584003,-0.046196874240892215,0.020354690619657802
10,푸석푸석한 삶에 활력소같은 영화였습니다. 다시한번 되돌아보게되고 앞으로 나아갈 에너지를 주는 영화네요!,1 일전,10,2026-07-19,푸석푸석한 삶에 활력소같은 영화였습니다 다시한번 되돌아보게되고 앞으로 나아갈 에너지를 주는 영화네요,55,11,2026-07-19,2026-07,2026,7,19,Sunday,True,positive,0.0080375576748792,0.00510213484255555,0.025903203011907707,0.0008822202741776438,0.027947600074453148,-0.0091503941960299,-0.007891163038554501,-0.012228196300833579,0.013297312876943043,0.0022001345603421324
10,시대상까지 반영한 메시지를 전하는..왜 관람평이 별로인 글들이 많은지 이해가 안간다. 재미 있기만 하구만...,1 일전,10,2026-07-19,시대상까지 반영한 메시지를 전하는왜 관람평이 별로인 글들이 많은지 이해가 안간다 재미 있기만 하구만,55,13,2026-07-19,2026-07,2026,7,19,Sunday,True,positive,0.031124305967551388,0.020805107186177008,0.009145079007345977,-0.007773663801357088,0.007284881006689813,0.004810441137231375,-0.005890171811012243,0.0015547494224013685,-0.010256028400517174,0.011000856791476119
10,역시 토이스토리! 평 안좋은 게 종종 있는게 이해가 안 갈 정도로 좋았다!,1 일전,10,2026-07-19,역시 토이스토리 평 안좋은 게 종종 있는게 이해가 안 갈 정도로 좋았다,39,12,2026-07-19,2026-07,2026,7,19,Sunday,True,positive,0.17570342060862995,0.4182487210070065,-0.02474645442758845,0.017247722773692454,-0.016694327606381818,0.09399478802118205,0.06974779600759147,-0.04369223789431495,0.012598343238770652,0.23313707094458394
9,"30년간 기다려왔던 버즈의 특이점!
새로운 친구, 새로운 연출방식 모두가 맘에드는 한편이였다.우려먹는건 없다.캐릭터들은 이전의 그들이지만 이야기는 이전의 그것이 아니다!",1 일전,9,2026-07-19,30년간 기다려왔던 버즈의 특이점 새로운 친구 새로운 연출방식 모두가 맘에드는 한편이였다우려먹는건 없다캐릭터들은 이전의 그들이지만 이야기는 이전의 그것이 아니다,89,18,2026-07-19,2026-07,2026,7,19,Sunday,True,positive,0.004288608296839001,0.004959196606941305,0.005206639392253781,0.0022125933294552336,0.013365586382365898,-0.0020374748035810308,0.0017272343087085514,0.0017456520430035056,-0.006189327477865842,-0.010800321330052341
10,"동심으로 다시 돌아가는 시간이었습니다!
추천합니다!!",1 일전,10,2026-07-19,동심으로 다시 돌아가는 시간이었습니다 추천합니다,26,5,2026-07-19,2026-07,2026,7,19,Sunday,True,positive,0.015173826659449201,0.014925747468840254,0.012599323144958638,0.05077683166939162,0.00043848389264859424,-0.009781126211302317,0.009047291682046637,0.08538826854249985,-0.05939166280554225,-0.011483841688176209
10,재미있어요 가족과함께보기좋어요,1 일전,10,2026-07-19,재미있어요 가족과함께보기좋어요,16,2,2026-07-19,2026-07,2026,7,19,Sunday,True,positive,0.008599462655271365,0.01052664009747946,0.009560855859971322,-0.0034467654917884004,-0.000561319709576328,0.0006763224964475695,0.01582105250483337,0.04192257600165908,-0.013092864916735135,-0.019126583970835418
8,아기자기하면서 시끌벅적 토이들,1 일전,8,2026-07-19,아기자기하면서 시끌벅적 토이들,16,3,2026-07-19,2026-07,2026,7,19,Sunday,True,positive,0.001537898998095783,-0.0005268315030234938,-0.0008190880796907608,0.003267373631246239,0.0003780821243530432,0.0026647831585042457,0.002143631237758996,0.0014268310228047157,-0.010695994431980563,-0.017935402593350955
8,"볼만은 해요, 주제는 좋은거 같아요",2 일전,8,2026-07-18,볼만은 해요 주제는 좋은거 같아요,18,5,2026-07-18,2026-07,2026,7,18,Saturday,True,positive,0.015604825508149046,-0.0014453138002232914,0.0196009364309626,-0.003325739947677789,-0.002692834795344373,-0.0027270022147458774,0.023597164739905113,0.007946192426398276,-0.0036606243516105865,-0.0588044987588085
10,영화 내내 푹 빠져서 봤습니다. 모아나랑 토이스토리 중 고민했는데 보길 잘함!,2 일전,10,2026-07-18,영화 내내 푹 빠져서 봤습니다 모아나랑 토이스토리 중 고민했는데 보길 잘함,41,11,2026-07-18,2026-07,2026,7,18,Saturday,True,positive,0.1892399291626932,0.3671661384618765,0.19490727648807524,-0.04134503041203502,0.2810297996359314,-0.10431584140255899,-0.013932519298536516,0.04056889548812146,-0.0658681971895021,0.005858424511662431
10,아이랑 보는 영화 보통 재미없거나 그냥그런데요. 토이스토리는 전 시리즈 안봤었는데도 꽤 재밌었어요. 극장에 대부분은 어른들끼리 보러 온 사람들이었고 다들 즐기는 거 같았습니다.,2 일전,10,2026-07-18,아이랑 보는 영화 보통 재미없거나 그냥그런데요 토이스토리는 전 시리즈 안봤었는데도 꽤 재밌었어요 극장에 대부분은 어른들끼리 보러 온 사람들이었고 다들 즐기는 거 같았습니다,95,22,2026-07-18,2026-07,2026,7,18,Saturday,True,positive,0.1257110868212773,0.04490660422377849,0.20158185720901828,0.0724880380182783,0.29432652044523916,0.30539182683482075,-0.1269858480254494,0.0009772249841962137,-0.01218297999882948,-0.14536276434073142
7,저는 좀 졸렸어요..,2 일전,7,2026-07-18,저는 좀 졸렸어요,9,3,2026-07-18,2026-07,2026,7,18,Saturday,True,positive,0.020221396794888342,-0.003735658912415169,0.00048789683049799425,-0.00033979653539580035,0.00039641927077657224,0.006760508147759647,-0.0202975612636387,0.029854808541307183,-0.029952548678737166,0.01845950595104843
8,큰 기대없이 봤는데 정말 재미있게 관람했습니다. 추천합니다.,2 일전,8,2026-07-18,큰 기대없이 봤는데 정말 재미있게 관람했습니다 추천합니다,31,7,2026-07-18,2026-07,2026,7,18,Saturday,True,positive,0.07111206837804714,-0.022890967882602725,0.2782752610519131,-0.008328472889665385,-0.1039200079976347,-0.00821794774940484,0.10383559335587089,0.37873400133883756,-0.27801049673896144,0.08394412874005194
10,재밌었어요 오랜만에 봐서,2 일전,10,2026-07-18,재밌었어요 오랜만에 봐서,13,3,2026-07-18,2026-07,2026,7,18,Saturday,True,positive,0.06534649794737935,0.03339772041246899,-0.005275767475907454,0.007217205037379999,0.017735576941971126,0.00398527903288125,-0.029918599754368638,0.04868995154303337,-0.0449179783030647,-0.06940998505193846
10,내용 뻔하지만 보게되는 영화.. 빠져드는 영화..!,2 일전,10,2026-07-18,내용 뻔하지만 보게되는 영화 빠져드는 영화,23,6,2026-07-18,2026-07,2026,7,18,Saturday,True,positive,0.06690177176226084,0.024267857657227065,0.2713667144774093,0.03407431464997867,0.6787221230552454,-0.1219032255405724,-0.048133193473429044,-0.06318986172460676,-0.0021161239513162677,0.05593395674830132
6,재미있었습니다!!!,2 일전,6,2026-07-18,재미있었습니다,7,1,2026-07-18,2026-07,2026,7,18,Saturday,True,neutral,0.0009274158092632274,-0.00016730271398494601,0.001036783476745597,0.00029795912538128216,0.0004876503774172907,-0.00044363449440431685,0.002454809897247759,0.0008433535675708245,-0.0005760775122260008,-0.0010581051803524478
10,초중등생 관람 필수,2 일전,10,2026-07-18,초중등생 관람 필수,10,3,2026-07-18,2026-07,2026,7,18,Saturday,True,positive,0.0019621248454702576,-0.0003571288471274939,0.009985963996005308,-0.0007167256479810855,-0.005776661357839243,-0.0014404414820049574,0.013431215037770157,0.00043666990859449894,-0.006044478051532544,0.00663565102210633
8,아이들이 보기에 좋을 것 같아요 어른들도 볼만은해요,2 일전,8,2026-07-18,아이들이 보기에 좋을 것 같아요 어른들도 볼만은해요,28,7,2026-07-18,2026-07,2026,7,18,Saturday,True,positive,0.04052419185596388,-0.011904646891623507,0.10794894928926094,-0.009884645652196305,0.0137872396720355,-0.024188522551548828,0.27741321005087577,-0.02217055745818846,0.001778770350954523,-0.29565821866597375
10,스토리가 재밌고 요즘 어이들에게 보여주고싶은 영화입니다 감동있습니다,2 일전,10,2026-07-18,스토리가 재밌고 요즘 어이들에게 보여주고싶은 영화입니다 감동있습니다,37,7,2026-07-18,2026-07,2026,7,18,Saturday,True,positive,0.0919086708543669,-0.03502317085001516,0.022063927197664375,-0.01245189613637485,0.03581090910791026,-0.0012778219748494158,0.15079535672942018,0.364716235842412,0.5051130930774121,0.010831240575572347
2,토이스토리는 끝났어야 했다.,2 일전,2,2026-07-18,토이스토리는 끝났어야 했다,14,3,2026-07-18,2026-07,2026,7,18,Saturday,True,negative,0.05625968739361839,0.02157844261304736,0.03553088964860846,0.03487351833109812,0.06585965687504362,0.5594314293032926,0.004527213260116,-0.008369859302352957,-0.002913506587214644,-0.12353858339943949
10,토이스토리 처음봤는데 재밌었음,2 일전,10,2026-07-18,토이스토리 처음봤는데 재밌었음,16,3,2026-07-18,2026-07,2026,7,18,Saturday,True,positive,0.33732577713492595,0.8795280742185421,-0.0515978917349914,-0.13070035899103485,-0.06759094952929748,-0.11271092887562847,-0.04919324480405508,0.009415967709717499,0.013155141411711034,-0.14218149795005247
10,가족이 볼 수 있는 감동적인 이야기!,2 일전,10,2026-07-18,가족이 볼 수 있는 감동적인 이야기,19,6,2026-07-18,2026-07,2026,7,18,Saturday,True,positive,0.033538806631032224,0.00470650173402384,0.059052629564710385,9.69648331146531e-05,0.03994854653113277,-0.013375942284693437,-0.012966695899183287,0.018716839321932605,-0.029063885103320117,-0.02654054917759878
10,너무 재밌고 즐겁게 봤어요!!,2 일전,10,2026-07-18,너무 재밌고 즐겁게 봤어요,14,4,2026-07-18,2026-07,2026,7,18,Saturday,True,positive,0.4549079525196014,-0.19801926330013508,0.1598261837821949,-0.09492016531097891,-0.12104608263163444,-0.02616744108911183,-0.05117035109277653,-0.056256883218985754,0.18918573929176227,0.04846665114509251
8,전자기기 없던 어린 시절이 참 소중했다,2 일전,8,2026-07-18,전자기기 없던 어린 시절이 참 소중했다,21,6,2026-07-18,2026-07,2026,7,18,Saturday,True,positive,0.006270876350235881,0.0031182649802032566,0.00516933604801327,-0.0016763311576835764,0.011542052621870283,-0.0038254362506036743,0.005922580218321737,0.004836774588614271,-0.004819350131345783,-0.005701249786965931
10,너무너무 재밌어요 뭔가 슬프네요,2 일전,10,2026-07-18,너무너무 재밌어요 뭔가 슬프네요,17,4,2026-07-18,2026-07,2026,7,18,Saturday,True,positive,0.10339559926902586,-0.001676467384672629,0.004330512414957802,0.47122882192622967,-0.02707280367755768,-0.07215572368099131,-0.09283503505099028,-0.005295141228583285,0.042159417645180525,-0.08379110632503525
10,아이와 재밌게 봤어요,2 일전,10,2026-07-18,아이와 재밌게 봤어요,11,3,2026-07-18,2026-07,2026,7,18,Saturday,True,positive,0.17256511395472857,-0.06558374463780689,0.4475284472903554,-0.023229789700764104,-0.2123688594845855,0.026502026738225517,-0.44205411544196904,-0.06054215412608942,0.1593568473133044,-0.049530556362169235
10,"스토리, 연출이 좋네요",2 일전,10,2026-07-18,스토리 연출이 좋네요,11,3,2026-07-18,2026-07,2026,7,18,Saturday,True,positive,0.0271888045183008,0.008348707836806012,0.05002412607299936,-0.0031371883354518594,0.024711564966687104,0.00523072386830101,0.07509404616445105,0.0038033079004028,-0.012942255916767625,0.04435471536682669
5,그냥 그럭저럭....,2 일전,5,2026-07-18,그냥 그럭저럭,7,2,2026-07-18,2026-07,2026,7,18,Saturday,True,negative,0.018972120140815278,0.0026598087615045353,-0.004437200916278031,-0.007409558877658851,0.0031874614212904374,-0.005333304499102546,0.008606436445012125,-0.0016102884634857351,-0.008503358120688786,-0.0063940447004650425
7,123편에 비해서는 감동도 덜하고 무난한 감이 있었지만 지루하지 않고 재밌었다,2 일전,7,2026-07-18,123편에 비해서는 감동도 덜하고 무난한 감이 있었지만 지루하지 않고 재밌었다,43,10,2026-07-18,2026-07,2026,7,18,Saturday,True,positive,0.009690490667165649,0.0025549988305487723,0.015015372757170058,-0.0019894645691267096,0.011751292473477755,-0.006063767427485025,-0.0072779245739112335,-0.006226787862119859,0.009862188562868164,0.0030442737105788615
10,스토리도 좋고 뒤로갈수록 더 재밌습니다,2 일전,10,2026-07-18,스토리도 좋고 뒤로갈수록 더 재밌습니다,21,5,2026-07-18,2026-07,2026,7,18,Saturday,True,positive,0.01953318918736764,0.025531334519570393,0.008010682235804954,0.04039302397981891,-0.005869929666757136,0.011612142010218904,-0.021154631966405112,0.05470377499450756,-0.026247404208175024,-0.01623093569659386
8,전 작품보다는 아쉽지만 내용은 괜찮았다,2 일전,8,2026-07-18,전 작품보다는 아쉽지만 내용은 괜찮았다,21,5,2026-07-18,2026-07,2026,7,18,Saturday,True,positive,0.0037224232953998256,0.009836450193136587,-0.000777742099587332,-0.001952249161900607,-0.0009631060629534992,-0.001495051701776403,-0.00015822346811370397,0.0007945369860557756,-0.0008883580526743848,-0.0014177627057529692
8,토이스토리는 이제 마무리 짓자~!,2 일전,8,2026-07-18,토이스토리는 이제 마무리 짓자,16,4,2026-07-18,2026-07,2026,7,18,Saturday,True,positive,0.047118361917130064,0.013311976903309543,0.04526755951587293,0.03756935492515405,0.07138706269740369,0.5740247485918687,-0.013098811630299304,0.005622532216939605,-0.008007056035986481,-0.14433236009248962
10,굿    굿    굿,2 일전,10,2026-07-18,굿 굿 굿,5,3,2026-07-18,2026-07,2026,7,18,Saturday,True,positive,-0.0,-0.0,-0.0,0.0,0.0,0.0,-0.0,0.0,0.0,0.0
8,ㅎㅎㅎ다윗하고 비교했을때는 스토리가 다윗이 더 재미있다고 아들들이 평하고 저도 그러네요.,2 일전,8,2026-07-18,ㅎㅎㅎ다윗하고 비교했을때는 스토리가 다윗이 더 재미있다고 아들들이 평하고 저도 그러네요,48,10,2026-07-18,2026-07,2026,7,18,Saturday,True,positive,0.043150211174197026,-0.017090715917554792,0.017731784848349492,-0.01233757465008167,0.003575132495523494,0.01311537101802588,0.10128722333780386,0.40786762170906943,0.5226356697128866,0.016175780609958584
3,예상과 다른 전개. 예전 토이스토리 덕후로서 내용과 인물들의 서사가 달라진게 많이 아쉬움이 남는다.,2 일전,3,2026-07-18,예상과 다른 전개 예전 토이스토리 덕후로서 내용과 인물들의 서사가 달라진게 많이 아쉬움이 남는다,53,13,2026-07-18,2026-07,2026,7,18,Saturday,True,negative,0.10493433649721388,0.2660040202579286,-0.012415594378326957,-0.041454276313913005,-0.018026200628442235,-0.03576997217122723,-0.0059402359528106154,0.006847232041548054,0.002544641799970854,-0.05741886749671295
8,장난감들의 세대교체와 각자의 역할을 잘 보여주는 영화,3 일전,8,2026-07-17,장난감들의 세대교체와 각자의 역할을 잘 보여주는 영화,29,7,2026-07-17,2026-07,2026,7,17,Friday,False,positive,0.04668138098478919,0.012006147969282415,0.16450835324075086,0.04885975607337389,0.42298469609585376,-0.08631136135303764,-0.028215522205340165,-0.04684180377836068,0.009413593199077114,0.04022146686621109
10,역시 토이스토리는 감동이에요,3 일전,10,2026-07-17,역시 토이스토리는 감동이에요,15,3,2026-07-17,2026-07,2026,7,17,Friday,False,positive,0.09998023817784976,0.12424554561251619,0.029404604120699965,0.10918236361107908,0.06777602699676266,0.6346238238850317,0.1091800166489692,-0.058856576503628466,0.00741744994820147,0.21998825394928756
10,재밌습니다! 꼭 보세요,3 일전,10,2026-07-17,재밌습니다 꼭 보세요,11,3,2026-07-17,2026-07,2026,7,17,Friday,False,positive,0.01043632020163233,0.024901932143263347,0.002213367401995769,-0.0023647463071674777,-0.004484409762913798,-0.0041817908356690005,-0.013908261676707754,0.011555083804434846,-0.0020501723546567387,-0.014186048284288686
10,감동적이고 나름 뜻이 있는 영화였대요 ㅋㅋ,3 일전,10,2026-07-17,감동적이고 나름 뜻이 있는 영화였대요 ㅋㅋ,23,6,2026-07-17,2026-07,2026,7,17,Friday,False,positive,0.047967986588839155,-0.0035372857407436177,0.02613997113369296,-0.00716672588997546,0.02253558199094984,-0.006731290887433112,0.03695027257251614,0.036839623289855926,-0.07226055886504738,-0.038260232511975543
10,기대한만큼 너무 재미 있었어요,3 일전,10,2026-07-17,기대한만큼 너무 재미 있었어요,16,4,2026-07-17,2026-07,2026,7,17,Friday,False,positive,0.379603386453947,-0.1424815923370048,-0.102603300593199,-0.07505510786914366,0.02049244564856614,-0.0096474168674513,-0.0017705546572274167,-0.025422353350852498,-0.042326206258274275,0.028671700287317952
9,공감할수있는 스토리~,3 일전,9,2026-07-17,공감할수있는 스토리,10,2,2026-07-17,2026-07,2026,7,17,Friday,False,positive,0.03143626597134926,0.00641448477007794,0.09257004879391392,0.0018285292705580158,0.05411498798794319,0.017164665203089145,0.1238050664847533,0.0005989496465085996,-0.01452521381998644,0.0777376656988695
10,토이스토리 좋아하는데 4보다 재밌었어요,3 일전,10,2026-07-17,토이스토리 좋아하는데 4보다 재밌었어요,21,4,2026-07-17,2026-07,2026,7,17,Friday,False,positive,0.2098633161950733,0.4067550251819991,-0.02585133159997129,-0.06419002186677095,-0.013589176018524567,-0.03907568626399042,-0.07172804754108329,0.03523397419213826,-0.02806743224529038,-0.12241166153800781
7,어른들에겐 별루 아이들에게는 좀 의미를 줄듯,3 일전,7,2026-07-17,어른들에겐 별루 아이들에게는 좀 의미를 줄듯,24,6,2026-07-17,2026-07,2026,7,17,Friday,False,positive,-0.0,-0.0,-0.0,0.0,0.0,0.0,-0.0,0.0,0.0,0.0
10,동심으로 돌아가 즐거웠어요.,3 일전,10,2026-07-17,동심으로 돌아가 즐거웠어요,14,3,2026-07-17,2026-07,2026,7,17,Friday,False,positive,0.011839086196140523,0.0025750552246167346,-0.002993491942260604,0.10018307503264622,-0.003408406067253438,-0.01907256898410539,0.010286144379557497,0.06081388746331235,-0.031232965907409475,-0.06711935873509768
7,토이스토리를 재미있게 보기에는 나이가 이제는 너무 많은거 같다,3 일전,7,2026-07-17,토이스토리를 재미있게 보기에는 나이가 이제는 너무 많은거 같다,34,8,2026-07-17,2026-07,2026,7,17,Friday,False,positive,0.23760247672093912,-0.10337210702635352,0.09783897293229224,-0.04846175501438726,-0.08271939093441118,-0.028357665527570342,0.12430135924444213,-0.013508960000520473,-0.06637618149733729,0.09206313712395693
8,"오랜 친구 만나 그냥 소소한 이야기 하듯 웃고 떠드는 ..
그런 시간이 좋았다.",3 일전,8,2026-07-17,오랜 친구 만나 그냥 소소한 이야기 하듯 웃고 떠드는 그런 시간이 좋았다,40,12,2026-07-17,2026-07,2026,7,17,Friday,False,positive,0.023309155696062626,0.02027913281227742,0.004186163995262308,-0.003381356479668852,0.013701053155290582,-0.0030498703453656177,0.003306174334835441,0.006877296451033934,-0.012809673988834501,-0.005688181565618261
10,토이스토리 여기 명작이다,3 일전,10,2026-07-17,토이스토리 여기 명작이다,13,3,2026-07-17,2026-07,2026,7,17,Friday,False,positive,0.33732577713492595,0.8795280742185421,-0.0515978917349914,-0.13070035899103485,-0.06759094952929748,-0.11271092887562847,-0.04919324480405508,0.009415967709717499,0.013155141411711034,-0.14218149795005247
10,제시~ 인형 친구에서 인간 친구로!,3 일전,10,2026-07-17,제시 인형 친구에서 인간 친구로,17,5,2026-07-17,2026-07,2026,7,17,Friday,False,positive,0.0483413422423713,-0.024067505306759038,-0.024737229688321163,-0.015934018437599912,0.002197254810283318,-0.0043411352736090585,0.006057775279804798,-0.01640602715690392,-0.01322397336897102,0.010450918315098494
10,재밌어요 아이랑 잘봤네요,3 일전,10,2026-07-17,재밌어요 아이랑 잘봤네요,13,3,2026-07-17,2026-07,2026,7,17,Friday,False,positive,0.14420109528938843,0.0016695855846000308,0.07841375517892313,0.6595115710517829,-0.09506820184068877,-0.0688926776182072,-0.13008958776076604,-0.010975103150862505,0.04658713675546793,-0.0695534856831122
10,쪼금 울었어요. 시간이 아깝지 않은 영화에요,3 일전,10,2026-07-17,쪼금 울었어요 시간이 아깝지 않은 영화에요,23,6,2026-07-17,2026-07,2026,7,17,Friday,False,positive,0.003160883573947056,0.0014978584337595469,0.012919072045578184,0.0017909906129381895,0.03622416784703271,-0.008303503643901328,-0.0013683416498210183,-0.0036437499989766236,-0.0026387099695091287,0.002332984069541959
10,재미있게 잘 봤어요,3 일전,10,2026-07-17,재미있게 잘 봤어요,10,3,2026-07-17,2026-07,2026,7,17,Friday,False,positive,0.16979987302182362,-0.058357658297535545,0.743429223254034,-0.031116978565611225,-0.40066866263254447,-0.051134086262522416,0.10385411761776564,-0.13433626461666523,0.02464073203678879,0.16804205288370766
7,제시 사랑해 우디 사랑해 모두 사랑해,3 일전,7,2026-07-17,제시 사랑해 우디 사랑해 모두 사랑해,20,6,2026-07-17,2026-07,2026,7,17,Friday,False,positive,0.020553419401867248,-0.00964983268033586,-0.010469130886056242,-0.006902095809720808,0.0010691451671374782,-0.002918835731621305,0.005482768255725447,-0.008456842621875951,-0.00780472715126325,0.002388050861386489
8,버즈와 제시 행복해라 짠한 우디,3 일전,8,2026-07-17,버즈와 제시 행복해라 짠한 우디,17,5,2026-07-17,2026-07,2026,7,17,Friday,False,positive,0.047006519983651275,-0.023512364379865744,-0.024314313868005085,-0.014433606862050872,0.001916649411655064,-0.005000723549210623,0.005066305757931454,-0.016922151989826262,-0.01259111024207532,0.010259430423675015
10,기분 좋아지는 영화,3 일전,10,2026-07-17,기분 좋아지는 영화,10,3,2026-07-17,2026-07,2026,7,17,Friday,False,positive,0.042083990817263814,0.015732577286197,0.17987921278847846,0.022829640402969323,0.45170194171136646,-0.08241543489481949,-0.03002613786803554,-0.04832556827788641,0.0035894931892751416,0.04243770906343663
8,"""토이 스토리 5""
영화 어떠셨나요?",3 일전,8,2026-07-17,토이 스토리 5 영화 어떠셨나요,17,5,2026-07-17,2026-07,2026,7,17,Friday,False,positive,0.0636001045800455,0.016540188333082857,0.2370879357183984,0.019933630592029027,0.4132995215906359,-0.05957592793624968,0.07021814711648183,-0.049160077805182355,-0.005969631070473179,0.11120500275090052
8,재미있게 잘 봤습니다,3 일전,8,2026-07-17,재미있게 잘 봤습니다,11,3,2026-07-17,2026-07,2026,7,17,Friday,False,positive,0.09721398179639401,-0.017339974854025025,0.44070351786551865,-0.022384357358355218,-0.20909458917063578,-0.029147006165946714,0.24605503901585654,0.10048727575777726,-0.18866493801518583,0.18312966528018051
10,동심으로 돌아간 느낌..! 넘넘 재밋엇어요,3 일전,10,2026-07-17,동심으로 돌아간 느낌 넘넘 재밋엇어요,20,5,2026-07-17,2026-07,2026,7,17,Friday,False,positive,0.008199688790621652,0.0049753626463239315,-0.0005041421097393786,0.055253773414007196,-0.0026800833041544713,-0.010576331112632743,0.0022909715915382114,0.04645566943701827,-0.019732194131957127,-0.05036709868418211
8,재미있게 봤어요 ~,3 일전,8,2026-07-17,재미있게 봤어요,8,2,2026-07-17,2026-07,2026,7,17,Friday,False,positive,0.16979987302182362,-0.058357658297535545,0.743429223254034,-0.031116978565611225,-0.40066866263254447,-0.051134086262522416,0.10385411761776564,-0.13433626461666523,0.02464073203678879,0.16804205288370766
10,현실문제를 환상과 동심과 함께 잘 만들어낸 예술작품!,3 일전,10,2026-07-17,현실문제를 환상과 동심과 함께 잘 만들어낸 예술작품,28,7,2026-07-17,2026-07,2026,7,17,Friday,False,positive,0.03143746059709458,-0.010352314144757279,0.018160354380219294,-0.004650505123295994,0.01761874574022788,-0.0006738704487069978,-0.017516345371085724,0.08583966357591329,0.008341329933212734,0.0011524626571104248
7,적당히 보기좋은 그래픽 + 나쁘지 않은 구성과 내용,3 일전,7,2026-07-17,적당히 보기좋은 그래픽 나쁘지 않은 구성과 내용,26,7,2026-07-17,2026-07,2026,7,17,Friday,False,positive,0.006142643133765437,0.001657868544033358,0.017718515906737214,0.002503484266209892,0.047406472345182644,-0.009183201164338748,-0.007421929918755872,0.009271150302473176,-0.015433891479063412,0.0013977868231047185
10,"너무 재밌고, 뭔가 요즘 세대를 보여주는 거 같아서 재밌었다. 감동적인 요소도 있었다",3 일전,10,2026-07-17,너무 재밌고 뭔가 요즘 세대를 보여주는 거 같아서 재밌었다 감동적인 요소도 있었다,45,12,2026-07-17,2026-07,2026,7,17,Friday,False,positive,0.24809421320195824,-0.10404220396179151,-0.01950370962919935,-0.035927526294680615,0.06344197633507404,-0.02321166805934594,0.025731334796471474,0.03215761109129831,0.09621309920523743,0.006474038379975965
10,장난감으로 표현한 시대의 변화,3 일전,10,2026-07-17,장난감으로 표현한 시대의 변화,16,4,2026-07-17,2026-07,2026,7,17,Friday,False,positive,0.0003487938112968625,0.00016651571992425552,8.217142985703851e-05,0.0035199921240855222,0.00016040382395796063,-0.0009559271974645839,0.0009598202268801956,0.004311855781290937,-0.0023924945066049487,-0.005353753677863806
10,추억+그리움+감동 그리고 재미,4 일전,10,2026-07-16,추억그리움감동 그리고 재미,14,3,2026-07-16,2026-07,2026,7,16,Thursday,False,positive,0.03187689310213865,0.012793656376543944,0.017056600038159026,-0.008630889822958189,0.019564069284303983,-0.0016831551579187252,-0.0141770422107841,0.005551454233344834,-0.017027508472235903,-0.008044429686272978
6,너무 유치해서 아쉬웠다.,4 일전,6,2026-07-16,너무 유치해서 아쉬웠다,12,3,2026-07-16,2026-07,2026,7,16,Thursday,False,neutral,0.8228994113544211,-0.36836227561536805,-0.2718441754530265,-0.16438848085317276,0.013819668729951207,-0.04600207439063286,0.019122296643822687,-0.08058821161971663,-0.04693059408501719,0.054667790957708996
10,재밌었고 초2가 자막으로 봐도 좋은 영화,4 일전,10,2026-07-16,재밌었고 초2가 자막으로 봐도 좋은 영화,22,6,2026-07-16,2026-07,2026,7,16,Thursday,False,positive,0.06095013154767746,0.0009623090561135807,0.15677664367291513,0.024941273401057833,0.3833269020518726,-0.05982419067644815,-0.007168114682540111,0.032061290328967,0.06571178871023804,0.021165134886080933
10,추억의 새로운 지평을 열었다,4 일전,10,2026-07-16,추억의 새로운 지평을 열었다,15,4,2026-07-16,2026-07,2026,7,16,Thursday,False,positive,0.011174558868356596,0.006335780825709977,-0.003058724647775052,-0.002910379045190023,0.00261952449310495,-0.0027318562916224523,0.0012096853176789698,-0.00278335805868176,-0.0018420120437496706,0.0022010711653245086
10,어릴때 생각나고 재밌다,4 일전,10,2026-07-16,어릴때 생각나고 재밌다,12,3,2026-07-16,2026-07,2026,7,16,Thursday,False,positive,0.0038009358424854448,-8.42047416793434e-05,0.01239786324906951,-0.0011388484907337896,-0.00610919796577149,-0.0014938225477692487,0.014411765292799725,0.023237098882872564,-0.023609009067270155,0.01350159816659748
2,보니가너무답답해서내가막화가낫음,4 일전,2,2026-07-16,보니가너무답답해서내가막화가낫음,16,1,2026-07-16,2026-07,2026,7,16,Thursday,False,negative,-0.0,-0.0,-0.0,0.0,0.0,0.0,-0.0,0.0,0.0,0.0
10,너무너무 쟈미있었어요^^ 6편 기대합니다!,4 일전,10,2026-07-16,너무너무 쟈미있었어요 6편 기대합니다,20,4,2026-07-16,2026-07,2026,7,16,Thursday,False,positive,0.03376213370892204,-0.0024333799677022892,0.07305405875615746,0.1322822993147102,0.0059625144219817225,-0.02780694507560345,-0.19151575073086816,-0.018607989415712248,0.07143934105910153,-0.10409975537188991
10,잊고있던 현재 상황에 감동을 주었어요,4 일전,10,2026-07-16,잊고있던 현재 상황에 감동을 주었어요,20,5,2026-07-16,2026-07,2026,7,16,Thursday,False,positive,0.005364578839315685,0.008934031875680416,0.0029745659916412147,0.00521268263411993,0.004935438084134681,0.04053528837513404,0.01576543087489673,-0.004166726197788323,-0.000743255230320238,0.01469640408323093
9,언제까지나 내 최고의 파트너,4 일전,9,2026-07-16,언제까지나 내 최고의 파트너,15,4,2026-07-16,2026-07,2026,7,16,Thursday,False,positive,0.0009913564806570529,-0.00046110758818960167,-0.0006126390666297529,-0.0004711839961454354,0.00017181017553957747,-0.0002136907895647149,0.0005731251469278515,-0.0006211926243789519,-0.001146804694347109,0.00013990829521711958
10,굿 재밌어요!!!!,4 일전,10,2026-07-16,굿 재밌어요,6,2,2026-07-16,2026-07,2026,7,16,Thursday,False,positive,0.17041727328524756,0.013802936061318343,-0.06441722436455244,0.9302977431071253,-0.0739137516623888,-0.12517830040109892,0.019252361416757537,0.008686731782494263,0.005485878299176366,-0.061552106847839544
10,처음부터 시리즈 다 봤지만 유쾌한. 마음 찡한 영화,4 일전,10,2026-07-16,처음부터 시리즈 다 봤지만 유쾌한 마음 찡한 영화,27,8,2026-07-16,2026-07,2026,7,16,Thursday,False,positive,0.048861357102538805,0.01919114995093677,0.10253754834063476,0.017541956913808148,0.26870338223884804,-0.04393476470143786,-0.02689015247684553,-0.01379153982404904,-0.009806951877258158,0.005935507327413928
10,아이들이 엄청 재밌었다고 하네요.,4 일전,10,2026-07-16,아이들이 엄청 재밌었다고 하네요,17,4,2026-07-16,2026-07,2026,7,16,Thursday,False,positive,0.04362800848253421,-0.015738321107550312,0.10578980076329828,-0.012832915617499847,0.012467873285092648,-0.02716603643674884,0.30727357503876235,-0.04251047517161533,0.0019988064792364245,-0.2923377510219669
10,재밌었어요 감동있는 내용,4 일전,10,2026-07-16,재밌었어요 감동있는 내용,13,3,2026-07-16,2026-07,2026,7,16,Thursday,False,positive,0.06680005906782963,0.010703265120965947,0.008235061740001739,-0.002414860861676652,0.06588303575406117,0.0034700168438522075,-0.04456647223572457,0.034788884719668074,-0.04912111791565326,-0.04595062916867422
10,재미있고 교훈있는 스토리였습니다!,4 일전,10,2026-07-16,재미있고 교훈있는 스토리였습니다,17,3,2026-07-16,2026-07,2026,7,16,Thursday,False,positive,0.0029862080916908625,0.005659278250558906,9.751946673110233e-05,0.005365384516216838,0.0005507826993926842,0.01406818781376044,0.014380110567537985,-0.007229466762493584,0.0013350078291059998,0.04507400710785458
10,눈물 찔끔찔끔 나요,4 일전,10,2026-07-16,눈물 찔끔찔끔 나요,10,3,2026-07-16,2026-07,2026,7,16,Thursday,False,positive,0.0018829575789940961,-0.00022901710041916493,-0.0005162389924717574,0.0036398650578377133,0.0014270486253578957,0.0027036683405410253,0.0025350251537501027,0.0019067500712262576,-0.012261653534054057,-0.020652778555400913
10,너무 재밌고 감동적이었어요,4 일전,10,2026-07-16,너무 재밌고 감동적이었어요,14,3,2026-07-16,2026-07,2026,7,16,Thursday,False,positive,0.40752080053655204,-0.18441823304082872,-0.11483043463867713,-0.08836751045790447,0.017755260209481066,-0.01183990015793867,0.051136794207518876,0.052529972739650835,0.1094489373252563,0.02896748183380983
10,너무재밌고꙼̈ 제시 너무 멋져여,4 일전,10,2026-07-16,너무재밌고 제시 너무 멋져여,15,4,2026-07-16,2026-07,2026,7,16,Thursday,False,positive,0.4772525722309709,-0.21569581291974527,-0.1650941591212739,-0.10066177780764496,0.009189615360815763,-0.028069063819398613,0.015274167064834147,-0.05663489713657167,-0.0360930901290387,0.03784372439909877
8,"초반~중반 지루했는데 뒤로갈수록 재밌음
역시 토이스토리는 예상치못한 상황으로 감동을 줌",4 일전,8,2026-07-16,초반중반 지루했는데 뒤로갈수록 재밌음 역시 토이스토리는 예상치못한 상황으로 감동을 줌,47,10,2026-07-16,2026-07,2026,7,16,Thursday,False,positive,0.08368842490340038,0.10847491496662248,0.03011196806925522,0.08353253862621156,0.06054087554175205,0.49042545363216977,0.11237887328937107,-0.047617175682900144,0.004915793829264415,0.12828054915466192
10,아이와 부모가 함께 즐겁게 관람할 수 있어 너무 좋았습니다. 전작을 모르고 봐도 영화가 전달하려고 하는 메시지를 읽을 수 있게 만들어진 것 같아서 다행이었습니다.,4 일전,10,2026-07-16,아이와 부모가 함께 즐겁게 관람할 수 있어 너무 좋았습니다 전작을 모르고 봐도 영화가 전달하려고 하는 메시지를 읽을 수 있게 만들어진 것 같아서 다행이었습니다,88,23,2026-07-16,2026-07,2026,7,16,Thursday,False,positive,0.19229721480613962,-0.08136155512175201,0.007648639152611232,-0.03684891455960749,0.030996848951113515,-0.01054416722219544,-0.023327308408997775,0.049577769338900214,-0.001562182548506525,0.005833918836211185
10,아이들을 위한 스토리 감동이에요,4 일전,10,2026-07-16,아이들을 위한 스토리 감동이에요,17,4,2026-07-16,2026-07,2026,7,16,Thursday,False,positive,0.02013331825559689,0.008184501443936669,0.05024789866090843,0.0067021978040989446,0.03516553375392442,0.053775211812377786,0.07333515924413721,0.00011395064026172103,-0.011487423672431876,0.06183396495263745
10,아이들의 전자기기에 사용실태에 대해 다시 한번 생각해보게 되는 계기가 되었음,4 일전,10,2026-07-16,아이들의 전자기기에 사용실태에 대해 다시 한번 생각해보게 되는 계기가 되었음,42,10,2026-07-16,2026-07,2026,7,16,Thursday,False,positive,0.01178710577140846,0.010747214837084757,0.010531796309881391,-0.00024101602759525113,0.006414195079132334,-0.0003836078732735401,0.009838262380282306,0.020505323975063106,-0.022062407088803495,0.02285970982291673
10,매우몹시 재밌어요 추천입니다,4 일전,10,2026-07-16,매우몹시 재밌어요 추천입니다,15,3,2026-07-16,2026-07,2026,7,16,Thursday,False,positive,0.17041727328524756,0.013802936061318343,-0.06441722436455244,0.9302977431071253,-0.0739137516623888,-0.12517830040109892,0.019252361416757537,0.008686731782494263,0.005485878299176366,-0.061552106847839544
8,우디의 비중이 적어서 아쉬웠지만 역시 토이스토리는 토이스토리다.,4 일전,8,2026-07-16,우디의 비중이 적어서 아쉬웠지만 역시 토이스토리는 토이스토리다,34,7,2026-07-16,2026-07,2026,7,16,Thursday,False,positive,0.13696232179386592,0.17028990754050902,0.036637930332025455,0.14757093401179344,0.0889631493146435,0.8458119034352409,0.13550729760003496,-0.07702723372036989,0.010984533776586366,0.2792115136188707
10,역시 재밌어요. 추천!!!,4 일전,10,2026-07-16,역시 재밌어요 추천,10,3,2026-07-16,2026-07,2026,7,16,Thursday,False,positive,0.14991937296488644,0.11979384663269113,-0.04075882744195266,0.5707235064803986,-0.029877689261261428,0.09178899984523844,0.11296115646454681,-0.04821880735970252,0.01197317270677907,0.2970973833541159
8,매번 먹던 맛 구우웃,4 일전,8,2026-07-16,매번 먹던 맛 구우웃,11,4,2026-07-16,2026-07,2026,7,16,Thursday,False,positive,0.0017870036417034663,0.0002312725755122333,0.0016989839462855023,0.001494188289689984,0.0036682244781404217,0.03185748575023651,0.0010059745888233488,0.00041213127145483657,-0.0009782576757194075,-0.012865776116719472
7,토이스토리 시리즈 좋아,4 일전,7,2026-07-16,토이스토리 시리즈 좋아,12,3,2026-07-16,2026-07,2026,7,16,Thursday,False,positive,0.1549350743310747,0.3902232862167727,-0.012143906126810839,-0.04311604864230627,-0.012262225541288082,-0.043594793799754235,-0.0368807236362008,0.025647188951320336,-0.005895474825463854,-0.08875544778962659
6,이제는 토이스토리가 졸릴 나이가 된건가?,4 일전,6,2026-07-16,이제는 토이스토리가 졸릴 나이가 된건가,21,5,2026-07-16,2026-07,2026,7,16,Thursday,False,neutral,0.02113733963168957,-0.007823274916080987,0.0029988449660721833,0.014754122941576697,-0.0006622544279958278,-0.005604901668013292,0.016720241359660302,-0.005825943158340914,-0.008003742593759121,0.01526496236013423
8,전편에 비해 뭔가 약한 느낌,4 일전,8,2026-07-16,전편에 비해 뭔가 약한 느낌,15,5,2026-07-16,2026-07,2026,7,16,Thursday,False,positive,0.00840750646052236,-0.0017933829679418329,8.571772973469293e-05,0.021820698908937106,0.0014669137925510127,-0.005724984984737856,-0.005573890644323579,0.008369970892915137,0.005043188821485214,-0.012670416351075634
10,우리들 세월 속 스쳐간 많은 장난감들의 소원이 이런걸까?,4 일전,10,2026-07-16,우리들 세월 속 스쳐간 많은 장난감들의 소원이 이런걸까,30,8,2026-07-16,2026-07,2026,7,16,Thursday,False,positive,0.025733566564429346,-0.0003358039377584295,0.014272387769546807,0.03845261160160059,0.04305074572380535,-0.022174804441765686,-0.006763124267251307,-0.008776208760049167,0.0024967623185394063,0.0009496706668455255
10,가족끼리 가서 보면 좋은 영화,4 일전,10,2026-07-16,가족끼리 가서 보면 좋은 영화,16,5,2026-07-16,2026-07,2026,7,16,Thursday,False,positive,0.04684617061471039,0.009100076601387258,0.1502945069996667,0.026455015086139753,0.362119446625738,-0.06919474593686388,0.00077967045219425,0.03630994557617345,0.04651278442253817,0.021492980031024872
10,도대체 언제까지 명작을 뽑아 낼래?,4 일전,10,2026-07-16,도대체 언제까지 명작을 뽑아 낼래,18,5,2026-07-16,2026-07,2026,7,16,Thursday,False,positive,-0.0,-0.0,-0.0,0.0,0.0,0.0,-0.0,0.0,0.0,0.0
8,"딱 적당한 아이들, 어린 아이들 영화",4 일전,8,2026-07-16,딱 적당한 아이들 어린 아이들 영화,19,6,2026-07-16,2026-07,2026,7,16,Thursday,False,positive,0.03455322410671094,0.004168001404191725,0.09449710865291425,0.011191526656040915,0.2513007505104395,-0.04707347558863929,-0.016202840771356006,-0.01676106599238266,0.002790268644176063,0.023570185298391864
8,그냥 즐겁게 보면 됌^^,4 일전,8,2026-07-16,그냥 즐겁게 보면 됌,11,4,2026-07-16,2026-07,2026,7,16,Thursday,False,positive,0.0471339234418238,-0.008933613204262702,0.01994304041302673,-0.013370077585048415,0.01432243086130275,-0.01303044836429204,-0.0006282098516434022,-8.956842896343459e-05,0.0067112236548043415,0.0031236903232352586
7,"지금의 아이들은 장난감보다 전자기기를 선호하지만, 여전히 장난감은 우리의 친구이자 그 시절을 떠올리게 하는 추억이라는 것을 상기시켜 준다.",5 일전,7,2026-07-15,지금의 아이들은 장난감보다 전자기기를 선호하지만 여전히 장난감은 우리의 친구이자 그 시절을 떠올리게 하는 추억이라는 것을 상기시켜 준다,75,17,2026-07-15,2026-07,2026,7,15,Wednesday,False,positive,0.02834308414350457,-0.000371093697537573,0.001913016112815569,0.025354611868570107,0.0071393469142592885,0.01687975288729815,0.019024297237223202,0.014607881423510143,-0.052445824055889434,-0.08318865948815529
8,새롭게 등장한 전자기기와 기존의 입지를 잃어가는 장난감과의 이야기를 제시의 서사와 감정선을 통해 흡인력있게 표현한 수작.,5 일전,8,2026-07-15,새롭게 등장한 전자기기와 기존의 입지를 잃어가는 장난감과의 이야기를 제시의 서사와 감정선을 통해 흡인력있게 표현한 수작,66,15,2026-07-15,2026-07,2026,7,15,Wednesday,False,positive,0.0008652362929412038,0.0004969618309249872,0.002876151840581556,0.00029632959969964933,0.007243952136652681,-0.0015869110156140128,-0.0006459718027544182,0.0004946861613442857,-0.0016877284772130862,-0.00023179501781144177
10,역시 애기들은 미디어노출을 덜 시키고 뛰어놀게 해야겠다,5 일전,10,2026-07-15,역시 애기들은 미디어노출을 덜 시키고 뛰어놀게 해야겠다,30,7,2026-07-15,2026-07,2026,7,15,Wednesday,False,positive,0.11979681121686768,0.22003126760192698,-0.01368992634569887,0.15006087958847972,0.017803670154276665,0.3035788738614396,0.19256110800977275,-0.10272351142522945,0.018783619884371227,0.6159094693577148
10,잘봤습니다 잘봤습니다,5 일전,10,2026-07-15,잘봤습니다 잘봤습니다,11,2,2026-07-15,2026-07,2026,7,15,Wednesday,False,positive,0.002990346242898044,-0.0004949782765856202,0.00791060957641986,-0.0006112364194929328,-0.003281601107446162,0.0028796575442020258,-0.040054197565195564,-0.0023478743664226524,0.011570321763237891,-0.013794055528741852
10,시간가는줄 모르고 봤어요. 우리 아이들이 전자기기를 지혜롭게 사용할 수 있도록 어른들이 더 노력해야할 것 같아요.,5 일전,10,2026-07-15,시간가는줄 모르고 봤어요 우리 아이들이 전자기기를 지혜롭게 사용할 수 있도록 어른들이 더 노력해야할 것 같아요,61,15,2026-07-15,2026-07,2026,7,15,Wednesday,False,positive,0.07403511410483718,-0.019881656302360592,0.23158888111194617,-0.011675898845132288,-0.07928916860208463,-0.017973299217879043,0.12963324427032705,-0.08485497362864108,0.060537136128410565,-0.1705805795574378
10,아이랑 재밌게 봤어요,5 일전,10,2026-07-15,아이랑 재밌게 봤어요,11,3,2026-07-15,2026-07,2026,7,15,Wednesday,False,positive,0.1778012581837879,-0.06155847436413605,0.5252085727451147,0.03064232592255018,-0.2417488826059341,0.03446502324050528,-0.5010160096259012,-0.14246447625104697,0.2104214622090234,-0.07262214940765142
10,현시대에 걸맞은 명작,5 일전,10,2026-07-15,현시대에 걸맞은 명작,11,3,2026-07-15,2026-07,2026,7,15,Wednesday,False,positive,-0.0,-0.0,-0.0,0.0,0.0,0.0,-0.0,0.0,0.0,0.0
7,놀이가 이렇게 재미 있는 거야?,5 일전,7,2026-07-15,놀이가 이렇게 재미 있는 거야,16,5,2026-07-15,2026-07,2026,7,15,Wednesday,False,positive,0.038450938434702604,0.011548174681125328,0.03950597514895654,-0.007775259092596358,0.02508532300666993,-0.006479897802058398,0.014372858384538355,0.025024260115680576,-0.05287084846444335,-0.025119269977635222
10,집가서 인형들 안아줌🥲,5 일전,10,2026-07-15,집가서 인형들 안아줌,11,3,2026-07-15,2026-07,2026,7,15,Wednesday,False,positive,0.0002383633961500673,6.19249153363194e-05,0.0015503882106958256,0.00016791501605971682,0.004504148675699491,-0.001009838097064802,0.0004333558268249557,0.0001903950663189391,0.0007361686964788345,0.00031544093446862043
9,스토리도 좋고. 재밌어요.,5 일전,9,2026-07-15,스토리도 좋고 재밌어요,12,3,2026-07-15,2026-07,2026,7,15,Wednesday,False,positive,0.10186413501474484,0.012220651342466034,-0.022726747152077977,0.5300978248707064,-0.04513574455431322,-0.06922431892448959,-0.018455052950219576,0.07097949948999763,-0.02921107315724217,-0.049385643441021636
6,어릴적 추억으로 인한 거부할 수 없는 이끌림,5 일전,6,2026-07-15,어릴적 추억으로 인한 거부할 수 없는 이끌림,24,7,2026-07-15,2026-07,2026,7,15,Wednesday,False,neutral,0.007373188623132276,0.002533739620954666,-0.0021817903600434333,-0.0021709584553070574,-0.00026866801725189773,-0.0019945810264090013,0.0006544659455470128,0.003260993748224522,-0.0012338308841441466,-0.004444462628184991
10,제시의 성장이 참 좋드라,5 일전,10,2026-07-15,제시의 성장이 참 좋드라,13,4,2026-07-15,2026-07,2026,7,15,Wednesday,False,positive,3.333328852064929e-05,2.1268999110886367e-05,0.0001598963301884248,1.7140599235664976e-05,0.00045199908175350075,-0.00011389573282361254,-6.256436206531805e-05,4.9996043312992936e-05,-0.0001754285837642406,-2.4942188770288595e-05
10,찐액션 끝판왕 영화,5 일전,10,2026-07-15,찐액션 끝판왕 영화,10,3,2026-07-15,2026-07,2026,7,15,Wednesday,False,positive,0.07961309270041897,0.029559326580511924,0.3310162487494635,0.04185633842218643,0.8219472243897883,-0.1476349986434554,-0.051512812714566744,-0.08229236458967285,0.006081260392067025,0.07142803597259512
10,저그가 우리아빠라고? * 100,5 일전,10,2026-07-15,저그가 우리아빠라고 100,14,3,2026-07-15,2026-07,2026,7,15,Wednesday,False,positive,-0.0,-0.0,-0.0,0.0,0.0,0.0,-0.0,0.0,0.0,0.0
6,캐릭터들이 너무 올드해짐,5 일전,6,2026-07-15,캐릭터들이 너무 올드해짐,13,3,2026-07-15,2026-07,2026,7,15,Wednesday,False,neutral,0.8228994113544211,-0.36836227561536805,-0.2718441754530265,-0.16438848085317276,0.013819668729951207,-0.04600207439063286,0.019122296643822687,-0.08058821161971663,-0.04693059408501719,0.054667790957708996
10,재밋게 잘봤어요 ~,5 일전,10,2026-07-15,재밋게 잘봤어요,8,2,2026-07-15,2026-07,2026,7,15,Wednesday,False,positive,0.006543027450163096,-0.000620203987691648,0.014226919520886427,0.00230100843093833,0.0009350082401850844,0.05632396573873031,-0.04316912503361009,0.001307683418907484,0.011416962879334485,-0.033183174839190685
10,"진짜 너무재밌습니다
감동도있고 영상도 훌륭합니다",5 일전,10,2026-07-15,진짜 너무재밌습니다 감동도있고 영상도 훌륭합니다,26,5,2026-07-15,2026-07,2026,7,15,Wednesday,False,positive,0.015572998377299353,-0.005439993487415869,0.0006855489971162182,-0.00037442475284991126,0.009321507814507359,0.022399494732444552,0.00949428581555493,0.015431876593519193,-0.012838162925796613,-0.014425104748520113
10,하 제시 진짜 너무 좋다…,5 일전,10,2026-07-15,하 제시 진짜 너무 좋다,13,5,2026-07-15,2026-07,2026,7,15,Wednesday,False,positive,0.3242152044634167,-0.1397110658951538,-0.10867179740031804,-0.06923804022085636,0.013101914566031728,-0.001794445854834661,0.020222571433601812,-0.031060154875030544,-0.03272574888031167,0.015379368106780493
10,날무한대로 사랑해주는 장난감들 보면서 울기도하고 웃기도하고 감동가득합니다 픽사의 상상력은 항상 감탄합니다 강추,5 일전,10,2026-07-15,날무한대로 사랑해주는 장난감들 보면서 울기도하고 웃기도하고 감동가득합니다 픽사의 상상력은 항상 감탄합니다 강추,61,12,2026-07-15,2026-07,2026,7,15,Wednesday,False,positive,0.0027672084804055883,0.0005290768635915786,0.010867304070234222,0.001450721706020301,0.022334925262911927,-0.004859356777669888,-0.0033710415257953083,0.009657079390375958,0.002483767820552165,0.002080809381025199
10,시대에 맞춰져 진화한 장난감들의 이야기가 재밌어요,5 일전,10,2026-07-15,시대에 맞춰져 진화한 장난감들의 이야기가 재밌어요,27,6,2026-07-15,2026-07,2026,7,15,Wednesday,False,positive,0.0991933548726686,0.01169374506386885,0.0021697537391460547,0.5069629653881365,-0.002000719035983039,-0.08235970046346838,0.008488272263305003,0.004128082659815127,-0.004916739678750176,-0.024528113230682557
8,조금 아쉬운부분도 있지만~ 그런대로 잘 뽑은 느낌~♡,5 일전,8,2026-07-15,조금 아쉬운부분도 있지만 그런대로 잘 뽑은 느낌,26,7,2026-07-15,2026-07,2026,7,15,Wednesday,False,positive,0.0009038318969154268,0.0004616029076588349,0.0003160200276425299,0.003892287131582006,0.0005612094745444885,-0.0014117851874489108,-0.0004418865183779286,0.005646703347681402,-0.001514784344270665,-0.006572382845706273
10,아이들과 잼있게 관람했습니다,5 일전,10,2026-07-15,아이들과 잼있게 관람했습니다,15,3,2026-07-15,2026-07,2026,7,15,Wednesday,False,positive,0.024362593002527806,-0.008196951558426835,0.071708298784252,-0.0038812664950618843,-0.02761604924148058,-0.003148704499630701,0.03648780895764563,0.24351000284658963,-0.1826117270537847,0.080189595043188
10,잘봤습니다 감사합니다,5 일전,10,2026-07-15,잘봤습니다 감사합니다,11,2,2026-07-15,2026-07,2026,7,15,Wednesday,False,positive,0.002990346242898044,-0.0004949782765856202,0.00791060957641986,-0.0006112364194929328,-0.003281601107446162,0.0028796575442020258,-0.040054197565195564,-0.0023478743664226524,0.011570321763237891,-0.013794055528741852
7,무난하게 재밌었습니다~ 따로 할 말은 없네용,5 일전,7,2026-07-15,무난하게 재밌었습니다 따로 할 말은 없네용,23,6,2026-07-15,2026-07,2026,7,15,Wednesday,False,positive,0.002756717467434875,-0.0004470868132481449,0.006703966873314972,-0.0005120086243650016,-0.0026837251402791608,0.002237323253210793,-0.02674041718756293,-0.0015243337246421552,0.007366783414630895,-0.008562490492291248
10,동심으로 돌아갈 수 있었어요,6 일전,10,2026-07-14,동심으로 돌아갈 수 있었어요,15,4,2026-07-14,2026-07,2026,7,14,Tuesday,False,positive,0.02175602161904112,-0.0013611679910150688,-0.003612072135825212,0.05366091953215317,0.005428259357377027,-0.0018977599222870707,0.00678564556368129,0.038300543242394826,-0.026771494863263103,-0.025317289428308305
10,4보다 재밌음 군더더기 없고 제시가 주인공인 게 탁월한 선택,6 일전,10,2026-07-14,4보다 재밌음 군더더기 없고 제시가 주인공인 게 탁월한 선택,33,9,2026-07-14,2026-07,2026,7,14,Tuesday,False,positive,0.017430747533868383,0.02934540559181325,0.013170394547478292,-0.0030973970466483627,0.010506859499460284,0.013119656362269645,0.01965051188916328,-0.005678926109707156,0.002414566644299968,-0.056534459170161415
10,"너무 감동적이고 재밌었어요.
특히 버즈군단 너무 재밌고 인상적이었어요.",6 일전,10,2026-07-14,너무 감동적이고 재밌었어요 특히 버즈군단 너무 재밌고 인상적이었어요,37,8,2026-07-14,2026-07,2026,7,14,Tuesday,False,positive,0.5608468358642217,-0.22816500475278886,-0.15174491661479708,-0.11132946876679388,0.029533705879472353,-0.011200576048965178,0.0342929973062213,0.03960560348851865,0.014113035590752656,-0.010971679233808108
10,현시점의 문제점을 다루면서 흥미있는 스토리 전개에 재미있게 관람했습니다,6 일전,10,2026-07-14,현시점의 문제점을 다루면서 흥미있는 스토리 전개에 재미있게 관람했습니다,39,8,2026-07-14,2026-07,2026,7,14,Tuesday,False,positive,0.06342668341391713,-0.011406406808423615,0.2888665262523508,-0.01030045153296176,-0.10338389923648586,-0.016231304776264534,0.23111696754259553,0.05518546503876045,-0.10745272904293897,0.14938912723463824
5,크게 재밌다고 느낄 만큼의 임팩트가 없었다,6 일전,5,2026-07-14,크게 재밌다고 느낄 만큼의 임팩트가 없었다,23,6,2026-07-14,2026-07,2026,7,14,Tuesday,False,negative,0.002656866837230621,-0.0009463859742125787,0.006734604113322515,-0.0005630912453597632,0.0007585191943723392,-0.0014192368848840984,0.013687994516216306,0.015278400104066217,-0.00980255342679904,-0.021560370939409712
7,너무너무 재밌는 영화,6 일전,7,2026-07-14,너무너무 재밌는 영화,11,3,2026-07-14,2026-07,2026,7,14,Tuesday,False,positive,0.056992331458207944,0.013634706689452672,0.19115700389942453,0.10149287347436943,0.3652494894739282,-0.08269023149460263,-0.14432164934938746,-0.04539329505183118,0.047820331583964905,-0.036850014200197
10,"장난감들에 대한 깊은 향수
동심을 향한 그리움",6 일전,10,2026-07-14,장난감들에 대한 깊은 향수 동심을 향한 그리움,25,7,2026-07-14,2026-07,2026,7,14,Tuesday,False,positive,0.011347326546600277,0.008918180318063004,0.04677830179136399,0.007520886003303432,0.11467994904201048,-0.012993816150426989,-0.0357452685077122,0.0038030308267728873,-0.019010716001199492,0.062181449465582496
8,어른들의 감성에 꼭 필요한 영화,6 일전,8,2026-07-14,어른들의 감성에 꼭 필요한 영화,17,5,2026-07-14,2026-07,2026,7,14,Tuesday,False,positive,0.0474998378411645,0.01926549010459087,0.18509144036867026,0.02623519776385407,0.4668627148866417,-0.07637482157536558,-0.025581604396600583,-0.05023626090703825,-0.001009233188177348,0.06772394761120144
10,아휴 5편이나 봤는데 볼때마다 울어요!!,6 일전,10,2026-07-14,아휴 5편이나 봤는데 볼때마다 울어요,20,5,2026-07-14,2026-07,2026,7,14,Tuesday,False,positive,0.044023837301209436,-0.013480589539332044,0.07770717762288847,-0.007201463592587873,0.0005915893460359818,0.018760421523331416,-0.1783106218079204,0.5981172573640692,-0.3980856328924498,-0.003228573394166322
10,"도파민이 터지진 않지만, 잔잔하게 밀어닥치는 감동이 있는 영화",6 일전,10,2026-07-14,도파민이 터지진 않지만 잔잔하게 밀어닥치는 감동이 있는 영화,33,8,2026-07-14,2026-07,2026,7,14,Tuesday,False,positive,0.0640800303337668,0.026956322019250387,0.2028744073586233,0.016802621276664303,0.41692609587120016,-0.0781875599061568,-0.014807582894693078,0.07008739985508508,-0.11840965101279577,-0.0027124249459923593
7,우리가 알던 토이스토리 맛,6 일전,7,2026-07-14,우리가 알던 토이스토리 맛,14,4,2026-07-14,2026-07,2026,7,14,Tuesday,False,positive,0.13662197611645244,0.3584775829254262,-0.020456610730902585,-0.054601878052432246,-0.025570139966035386,-0.049021798154183026,-0.021779075434030903,0.004421409776622162,0.006268252194797133,-0.06517274415192455
7,이분법적으로 나뉘는게 아니라 화합인게 참 좋았음...따뜻하다,6 일전,7,2026-07-14,이분법적으로 나뉘는게 아니라 화합인게 참 좋았음따뜻하다,30,6,2026-07-14,2026-07,2026,7,14,Tuesday,False,positive,-0.0,-0.0,-0.0,0.0,0.0,0.0,-0.0,0.0,0.0,0.0
10,1분도 지루하지 않은 영화,6 일전,10,2026-07-14,1분도 지루하지 않은 영화,14,4,2026-07-14,2026-07,2026,7,14,Tuesday,False,positive,0.03511121600521611,0.013103718462222433,0.14693059700988417,0.018708146717921037,0.36828108402073706,-0.0682220957887468,-0.022841336353212033,-0.037951655372982104,0.000706998021292653,0.03138225489386215
9,어릴때 기억으로 재밌게봤어요,6 일전,9,2026-07-14,어릴때 기억으로 재밌게봤어요,15,3,2026-07-14,2026-07,2026,7,14,Tuesday,False,positive,0.003287789307011129,0.00029401110452411506,0.013271900607682385,-0.0008928749993584538,-0.006911351660542982,-0.0014253114664344588,0.015274216707816037,0.025068926381360542,-0.026747782086037262,0.015177148715867408
10,추억이 있는 영화라 재미있게 봤습니다,6 일전,10,2026-07-14,추억이 있는 영화라 재미있게 봤습니다,20,5,2026-07-14,2026-07,2026,7,14,Tuesday,False,positive,0.09426199928337863,-0.013229740904936688,0.34124229819839746,-0.018942473429224036,-0.12387845662279262,-0.02971664275436202,0.2046517762510256,0.09559864556384376,-0.18702199125446642,0.11231554061766517
10,영원한 나의 친구 !,6 일전,10,2026-07-14,영원한 나의 친구,9,3,2026-07-14,2026-07,2026,7,14,Tuesday,False,positive,0.0069530714481182984,0.00809192191424202,0.015912355553605536,0.003921635244990727,0.04303802318504406,-0.006738446883843218,-0.0024402554049940553,0.0008904393725624961,-0.012132487271855246,-0.009642439412158609
10,토이스토리는 사랑입니다 재밌게 잘봤어요,6 일전,10,2026-07-14,토이스토리는 사랑입니다 재밌게 잘봤어요,21,4,2026-07-14,2026-07,2026,7,14,Tuesday,False,positive,0.11310169589027777,-0.017698915092611536,0.17194698246774034,0.02600297465887804,0.010949654712367479,0.5279463652242666,-0.28965486475017166,-0.01934948628535219,0.07495496906477842,-0.19234994551704718
10,버즈로봇을 사서 조카랑 놀고싶은 기분,6 일전,10,2026-07-14,버즈로봇을 사서 조카랑 놀고싶은 기분,20,5,2026-07-14,2026-07,2026,7,14,Tuesday,False,positive,0.0028119308885505654,0.0011677992302728246,0.017344107486695997,0.0022903103149690585,0.04888304260058791,-0.010259063663673393,-0.005043792664894578,-0.008470852816938587,0.0006471056688300627,0.00792002746503347
10,지난 감성을 자극하는,6 일전,10,2026-07-14,지난 감성을 자극하는,11,3,2026-07-14,2026-07,2026,7,14,Tuesday,False,positive,-0.0,-0.0,-0.0,0.0,0.0,0.0,-0.0,0.0,0.0,0.0
10,넘넘 감동적이었어요 아이도 어른도 100%감동,6 일전,10,2026-07-14,넘넘 감동적이었어요 아이도 어른도 100감동,24,5,2026-07-14,2026-07,2026,7,14,Tuesday,False,positive,0.02168736993761665,-0.004345952860016444,0.02793590023440762,-0.0034263837774839256,-0.014141598950143231,0.0015807373127216292,-0.027884357618263446,0.03490138867048249,-0.0004266872852915797,-0.0069506063725196365
10,좋은 색감 좋은 스토리가 인상적이었습니다,6 일전,10,2026-07-14,좋은 색감 좋은 스토리가 인상적이었습니다,22,5,2026-07-14,2026-07,2026,7,14,Tuesday,False,positive,0.03976701123312694,-0.013116612001670323,0.02790116546534109,0.012621393949699244,0.07286276493748722,-0.015292753385185164,0.07903532767853681,0.33111615386640975,0.4074301551847896,0.028528170761679066
10,"추억이 새록새록 피어나는 영화
아이 어른 누구나 기분좋게 관람할 수 있는 영화여서 너무 즐겁게 잘 보고 왔어요",6 일전,10,2026-07-14,추억이 새록새록 피어나는 영화 아이 어른 누구나 기분좋게 관람할 수 있는 영화여서 너무 즐겁게 잘 보고 왔어요,61,17,2026-07-14,2026-07,2026,7,14,Tuesday,False,positive,0.25825601022257727,-0.09021396254158336,0.07687959304305868,-0.04009359983972352,0.20909212212199615,-0.061840456725336834,0.02117813039381176,-0.01692860488525212,-0.05215849811652177,0.031182993292252326
10,역시 토이스토리 최고였습니다!,6 일전,10,2026-07-14,역시 토이스토리 최고였습니다,15,3,2026-07-14,2026-07,2026,7,14,Tuesday,False,positive,0.30897748478290327,0.7350159476315408,-0.04371778808712769,0.030529251640327305,-0.029940470659920074,0.15951627731951926,0.11555139237865068,-0.07248486293779711,0.022840821218136555,0.3793641815697357
10,※^.^※ 괜찮았어요.,6 일전,10,2026-07-14,괜찮았어요,5,1,2026-07-14,2026-07,2026,7,14,Tuesday,False,positive,-0.0,-0.0,-0.0,0.0,0.0,0.0,-0.0,0.0,0.0,0.0
10,스토리가 탄탄하고 중간중간 웃긴 요소들이 가득했다,6 일전,10,2026-07-14,스토리가 탄탄하고 중간중간 웃긴 요소들이 가득했다,27,6,2026-07-14,2026-07,2026,7,14,Tuesday,False,positive,0.02502891700082855,-0.0060942362644003404,-0.0033401027493364615,-0.0078511479216379,0.008197777243406767,-0.00034861015061982137,0.07386693297732651,0.30290319488636613,0.4039941054965508,0.02741537812590577
4,음 어린애들이 보기에는 좋다? 중고딩이 보기에는 노쟘이네요 근데 즁간중간 말하는 유머가 재밋긴햇어요 감동포인트들도 잇엇구,2026.07.20,4,2026-07-20,음 어린애들이 보기에는 좋다 중고딩이 보기에는 노쟘이네요 근데 즁간중간 말하는 유머가 재밋긴햇어요 감동포인트들도 잇엇구,66,14,2026-07-20,2026-07,2026,7,20,Monday,False,negative,0.015098032012598366,-0.002302439461978459,0.001886911715995527,-0.005012569243393588,-0.0037474884931102113,-0.0021343044916515134,0.009192631828369942,-0.0006828571835085691,-0.009497395597832794,0.007363712431232529
10,아직 이야깃거리를 남겨뒀었네요,2026.07.20,10,2026-07-20,아직 이야깃거리를 남겨뒀었네요,16,3,2026-07-20,2026-07,2026,7,20,Monday,False,positive,-8.825014663353655e-19,-1.0940313257886948e-17,5.097392475803355e-18,-5.978765079113724e-18,8.445318519446326e-18,-1.5014247116476818e-17,-1.2207217427347474e-17,1.9441808114549558e-17,-3.2766340795361704e-18,-4.480320097956113e-18
10,장난감으로 놀던 동심으로 돌아간느낌,2026.07.20,10,2026-07-20,장난감으로 놀던 동심으로 돌아간느낌,19,4,2026-07-20,2026-07,2026,7,20,Monday,False,positive,0.007611285714727103,0.0016671238775089374,-0.001953963271984021,0.0658636379233497,-0.0022368954434610795,-0.012749266513832213,0.007097491898455804,0.04203387388311532,-0.021667815915193758,-0.046759288548829735
10,기대이상...유익한영화입니다.,2026.07.20,10,2026-07-20,기대이상유익한영화입니다,12,1,2026-07-20,2026-07,2026,7,20,Monday,False,positive,-0.0,-0.0,-0.0,0.0,0.0,0.0,-0.0,0.0,0.0,0.0
10,어떻게 다섯편 내내 재밌을 수가!!,2026.07.20,10,2026-07-20,어떻게 다섯편 내내 재밌을 수가,17,5,2026-07-20,2026-07,2026,7,20,Monday,False,positive,0.008284471240674933,0.01495976045607845,0.013168498378506099,-0.0021164187092533697,0.018383028529857116,-0.00710383232849046,0.0008856120304208025,0.00869243791393751,-0.01035120635717762,-0.0035185990818388775
10,재있어요ㅎㅎㅎㅎㅋㅋ,2026.07.20,10,2026-07-20,재있어요ㅎㅎㅎㅎㅋㅋ,10,1,2026-07-20,2026-07,2026,7,20,Monday,False,positive,-0.0,-0.0,-0.0,0.0,0.0,0.0,-0.0,0.0,0.0,0.0
10,보니는 어른이 되어 가는거야. 그 여정에 우리가 도움이 됐다면 우린 할 일을 한 거야,2026.07.20,10,2026-07-20,보니는 어른이 되어 가는거야 그 여정에 우리가 도움이 됐다면 우린 할 일을 한 거야,46,14,2026-07-20,2026-07,2026,7,20,Monday,False,positive,0.009923642907731907,0.013108782235025226,0.023261252957484446,-0.0003175865026874379,0.05906739533950401,-0.014539768542183988,0.0024511814941440063,0.002364040731324516,0.003969778373341388,-0.005970324972262999
10,정말 재밌고 감동적입니다,2026.07.20,10,2026-07-20,정말 재밌고 감동적입니다,13,3,2026-07-20,2026-07,2026,7,20,Monday,False,positive,0.10125163715789176,-0.043761593110530586,0.07284526108310711,-0.01956127771649457,0.014358720351715724,0.013917367455967701,0.11779601959562967,0.207495863751538,0.11083584357001727,-0.007306779661905617
10,"재밌어요 ㅎㅎ

또 보고싶은데 너무 늦게봐서  아쉬움😔
상영관이 별로없는",2026.07.20,10,2026-07-20,재밌어요 ㅎㅎ 또 보고싶은데 너무 늦게봐서 아쉬움 상영관이 별로없는,37,9,2026-07-20,2026-07,2026,7,20,Monday,False,positive,0.636621971280315,-0.2135523083957277,-0.21674535913702261,0.637382728070543,-0.050178753694290944,-0.1272807561154,0.026917795972059573,-0.04222679285178437,-0.024252137353175614,-0.015483480144214598
10,아이들이 너무 즐거워 했어요,2026.07.20,10,2026-07-20,아이들이 너무 즐거워 했어요,15,4,2026-07-20,2026-07,2026,7,20,Monday,False,positive,0.4050110330295976,-0.17625679595403268,-0.003477022732804185,-0.08440736360016464,0.026667750462434192,-0.0469132860606736,0.3296452265858892,-0.0827487131376764,-0.014393326844179133,-0.26607068889861085
10,15년만에 영화 보다가 울었어요,2026.07.20,10,2026-07-20,15년만에 영화 보다가 울었어요,17,4,2026-07-20,2026-07,2026,7,20,Monday,False,positive,0.03258331493159985,0.011820187474658265,0.1385096534846275,0.017853525425331664,0.3449241179001808,-0.0630283981068404,-0.019485541016558774,-0.030118118578000837,0.004392476813071222,0.032056130359046885
5,그저그렇다 하지만 토이스토리 4가 더 재밌음;,2026.07.20,5,2026-07-20,그저그렇다 하지만 토이스토리 4가 더 재밌음,24,6,2026-07-20,2026-07,2026,7,20,Monday,False,negative,0.1640649169419068,0.3866092146161316,-0.014933715158867013,-0.05937703616620954,-0.014215838957323187,-0.03509156711041922,0.021627503009987822,-0.003575174681907464,0.0033268476558144986,-0.10642704977526589
10,미국놈들이 영화는 참 잘만들어 ㅋ,2026.07.20,10,2026-07-20,미국놈들이 영화는 참 잘만들어 ㅋ,18,5,2026-07-20,2026-07,2026,7,20,Monday,False,positive,-0.0,-0.0,-0.0,0.0,0.0,0.0,-0.0,0.0,0.0,0.0
10,잘봤어요 넘넘 재미있었어요,2026.07.20,10,2026-07-20,잘봤어요 넘넘 재미있었어요,14,3,2026-07-20,2026-07,2026,7,20,Monday,False,positive,0.00889741715483553,0.008482684729478128,0.01165188400822358,0.0026445628138663073,-0.0003295401582848347,0.03497660159749118,-0.03157789961337824,0.03279019961912016,0.0036762108090891204,-0.03109727845408601
10,재미있었고 또 가서 보고싶어요,2026.07.20,10,2026-07-20,재미있었고 또 가서 보고싶어요,16,4,2026-07-20,2026-07,2026,7,20,Monday,False,positive,0.007601289558541473,-0.0012934155704111298,0.013743544926466969,0.00028512498444005166,0.029277332924632436,-0.007283110829254928,0.011324482277734723,0.015394632035056957,-0.005253085728660592,-0.010052891694737122
10,여전히 너무 재밋ㅅ다요,2026.07.20,10,2026-07-20,여전히 너무 재밋ㅅ다요,12,3,2026-07-20,2026-07,2026,7,20,Monday,False,positive,0.5156066407492536,-0.22377616296618202,-0.17188444025516741,-0.02182562384958696,0.015357377672541403,0.01971648904452482,0.03692563868857225,-0.029452818053960363,-0.14628299233470493,-0.16218539107536747
10,스마티 죽도록 사랑해,2026.07.20,10,2026-07-20,스마티 죽도록 사랑해,11,3,2026-07-20,2026-07,2026,7,20,Monday,False,positive,0.0025938482649669574,-0.0005789284971727973,-0.001473021883610822,-0.0014205908210121884,0.0004384164234744617,-0.0010015104910906887,0.0023608625312905415,-0.001946569410686823,-0.003007700396613552,-0.0005767657408219352
9,"요즘 아이들의 문제점을 재미있게 잘 표현해 주었습니다. 
캐릭터들의 재치있는 연출이 좋았습니다.",2026.07.20,9,2026-07-20,요즘 아이들의 문제점을 재미있게 잘 표현해 주었습니다 캐릭터들의 재치있는 연출이 좋았습니다,50,11,2026-07-20,2026-07,2026,7,20,Monday,False,positive,0.05632418247056705,-0.011883708450622811,0.2142023848672641,-0.010919353764317985,-0.0853717843582971,-0.023684941348235244,0.16196980059967422,0.043395836947245706,-0.050811178550986644,0.07422800150159355
10,결국 장난감은 주인을 행복하게 해주기 위해 존재한다,2026.07.20,10,2026-07-20,결국 장난감은 주인을 행복하게 해주기 위해 존재한다,28,7,2026-07-20,2026-07,2026,7,20,Monday,False,positive,0.0015247400091307206,-0.00022037569816086932,0.004288287749192726,0.0010053547706334845,0.0033786714040528443,0.0016150136540830958,0.0071019768161315715,0.00986094669355517,-0.004996787280359077,-0.003969802200078905
10,기대를 저버리지 않는 시리즈네요 ㅎㅎ,2026.07.20,10,2026-07-20,기대를 저버리지 않는 시리즈네요 ㅎㅎ,20,5,2026-07-20,2026-07,2026,7,20,Monday,False,positive,0.009259236155537809,0.020455538911989014,0.00024477156319686834,0.006460340067833113,0.0029562265955424293,0.04957344581551887,0.016132992620281034,-0.009519083814317644,0.0015614276467028748,0.04604270679343742
10,ㅂㄷㄱㄷ극ㄷㄱㄴㄱㄷㄱㅈㄱㄷ,2026.07.20,10,2026-07-20,ㅂㄷㄱㄷ극ㄷㄱㄴㄱㄷㄱㅈㄱㄷ,14,1,2026-07-20,2026-07,2026,7,20,Monday,False,positive,-0.0,-0.0,-0.0,0.0,0.0,0.0,-0.0,0.0,0.0,0.0
10,5편도 정말 재미있게 봤네요 😂 🤭🥰😘,2026.07.20,10,2026-07-20,5편도 정말 재미있게 봤네요,15,4,2026-07-20,2026-07,2026,7,20,Monday,False,positive,0.073803826659513,-0.025197432091608397,0.34138343285909384,-0.010041842099783043,-0.1508753617656035,-0.022023605783534517,0.23783918152244393,0.12263796483309616,-0.1274121054956562,0.10876889756678615
10,아이와 봤는데 재밌게 봤습니다.,2026.07.20,10,2026-07-20,아이와 봤는데 재밌게 봤습니다,16,4,2026-07-20,2026-07,2026,7,20,Monday,False,positive,0.1258553231159667,-0.03659232161894276,0.2516999410324788,-0.01883195910744215,-0.07238032473526353,0.0423541274161674,-0.3447871202329147,0.3779361385936977,-0.19634208360853997,-0.02045909448187892
10,믿고보는 토이스토리,2026.07.20,10,2026-07-20,믿고보는 토이스토리,10,2,2026-07-20,2026-07,2026,7,20,Monday,False,positive,0.1794877354648851,0.4688263313374972,-0.024239407747325168,-0.07096107741804963,-0.03455504819869873,-0.06200557982435058,-0.021106643297148172,0.004508313772498829,0.006753132235741384,-0.07498695883932936
5,전 편 안 보고 와도 크게 이해 안 되는 부분은 없음,2026.07.20,5,2026-07-20,전 편 안 보고 와도 크게 이해 안 되는 부분은 없음,29,11,2026-07-20,2026-07,2026,7,20,Monday,False,negative,0.014636176962651078,-0.002559723230903822,0.027844246759568165,-0.003208058107265161,-0.005129985789703344,-0.004769909786387161,0.0077004430257444235,0.006224012079682662,-0.006977561937512748,0.005672222511268154
5,나쁘지도 엄청 잼있지도 않은 그냥 평타영화.,2026.07.20,5,2026-07-20,나쁘지도 엄청 잼있지도 않은 그냥 평타영화,23,6,2026-07-20,2026-07,2026,7,20,Monday,False,negative,0.018709003273204138,0.002344897841497603,0.008253670690536815,-0.005462660679531902,0.023170473997049853,-0.010706406444912029,0.02951262669596941,-0.006251238555374067,-0.008953881745156336,-0.028818678084957874
10,아이들이 재미있게 봤어요.,2026.07.20,10,2026-07-20,아이들이 재미있게 봤어요,13,3,2026-07-20,2026-07,2026,7,20,Monday,False,positive,0.181164708111511,-0.06279745606237615,0.7180115363461883,-0.03700698634254855,-0.30777985527278884,-0.0689767023011453,0.39376796684461635,-0.1534659029082615,0.031461089953218224,-0.1687740261576532
8,동심의 세계로 돌아간듯한 느낌이었다,2026.07.20,8,2026-07-20,동심의 세계로 돌아간듯한 느낌이었다,19,4,2026-07-20,2026-07,2026,7,20,Monday,False,positive,5.6454248422843825e-05,8.572029552257807e-06,0.00018724870234409734,2.2450538157868505e-05,0.0005708284643408292,-0.00012014337437880673,-0.00023640178760829953,0.00039700640446896146,-1.6380169133087963e-05,4.767520008431615e-05
10,토이스토리 매니아층은 좋아하실듯,2026.07.20,10,2026-07-20,토이스토리 매니아층은 좋아하실듯,17,3,2026-07-20,2026-07,2026,7,20,Monday,False,positive,0.33732577713492595,0.8795280742185421,-0.0515978917349914,-0.13070035899103485,-0.06759094952929748,-0.11271092887562847,-0.04919324480405508,0.009415967709717499,0.013155141411711034,-0.14218149795005247
9,"따뜻한 가족영화
오랜만에 동심으로 돌아가는 느낌이었음",2026.07.20,9,2026-07-20,따뜻한 가족영화 오랜만에 동심으로 돌아가는 느낌이었음,29,6,2026-07-20,2026-07,2026,7,20,Monday,False,positive,0.01670831602399044,0.017522070002934688,0.002811577898985416,0.05875940794235282,0.010360210297934352,-0.015699198731314118,0.00307914470080706,0.04695609480812681,-0.026084569439945665,-0.05370321833820111
8,1~3편만큼은 아니어도 여전히 재밌어요.,2026.07.20,8,2026-07-20,13편만큼은 아니어도 여전히 재밌어요,20,4,2026-07-20,2026-07,2026,7,20,Monday,False,positive,0.15982466192152972,-0.005345262508093864,-0.05959805463959094,0.6820527723295846,-0.04224476099834264,-0.04180542159061308,0.03645208907684653,0.020250722890263643,-0.10482281452057443,-0.21561490229537955
7,다 보는데 조오금 지루하지만 생각없이 보면 재밌음,2026.07.20,7,2026-07-20,다 보는데 조오금 지루하지만 생각없이 보면 재밌음,27,7,2026-07-20,2026-07,2026,7,20,Monday,False,positive,0.021184399457391076,0.030343638842978547,0.02076911704906747,0.012481148316881097,0.023740071936391462,0.004195791030792391,0.03500972507711476,-0.0056503037040787785,0.007251331721731511,-0.050091068090305266
10,영화 재미있습니다.,2026.07.20,10,2026-07-20,영화 재미있습니다,9,2,2026-07-20,2026-07,2026,7,20,Monday,False,positive,0.052193901014234954,0.045267313115246,0.17715249538854205,0.016737071678211785,0.44690717103296496,-0.08862167835724574,-0.033756933287457484,-0.0471158034115009,0.004704091527658868,0.029133844700340097
8,딸하고 같이 봤지만 스도리가 너무 재미있음^^,2026.07.20,8,2026-07-20,딸하고 같이 봤지만 스도리가 너무 재미있음,23,6,2026-07-20,2026-07,2026,7,20,Monday,False,positive,0.28519927861094263,-0.12567226949603535,-0.07950664225683926,-0.05612143427506395,0.030820136001806452,-1.1917912736472985e-05,0.0208005565520773,-0.010115142140951376,-0.03426052172481747,0.008513408479583474
8,이제는 어른들의 애니메이션,2026.07.19,8,2026-07-19,이제는 어른들의 애니메이션,14,3,2026-07-19,2026-07,2026,7,19,Sunday,True,positive,0.011481371400531515,0.0007249902337564602,0.016013754538923453,0.0032262730693236427,0.03529827957367056,-0.00172963215401082,0.009589599946394299,-0.008594049904028334,-0.008796328053230051,0.03645724768828714
10,귀엽고 웃겨서 나이 불문하고 재밌어요,2026.07.19,10,2026-07-19,귀엽고 웃겨서 나이 불문하고 재밌어요,20,5,2026-07-19,2026-07,2026,7,19,Sunday,True,positive,0.17041727328524756,0.013802936061318343,-0.06441722436455244,0.9302977431071253,-0.0739137516623888,-0.12517830040109892,0.019252361416757537,0.008686731782494263,0.005485878299176366,-0.061552106847839544
8,4편까지는 넘 좋았는데 ...이제 그만 나와도 될것같기도하고...,2026.07.19,8,2026-07-19,4편까지는 넘 좋았는데 이제 그만 나와도 될것같기도하고,30,7,2026-07-19,2026-07,2026,7,19,Sunday,True,positive,0.003637826019210855,5.929801587186437e-05,0.008468730640189348,0.002489119844286868,0.008580552694675884,0.04030036000308595,-0.020116938448827656,0.016215808680210716,-0.009877213293477896,-0.013585970340858526
8,추억으로 봣어요 ㅎㅎㅎ,2026.07.19,8,2026-07-19,추억으로 봣어요 ㅎㅎㅎ,12,3,2026-07-19,2026-07,2026,7,19,Sunday,True,positive,0.0030126114016778283,0.0071986730808205664,-0.0002912562680194593,-0.0008211934758974963,-0.000878218924721038,-0.0018138725227330934,-0.001151340600660116,0.006175848665584947,-0.0002264006590643982,-0.00585003430390827
8,ㅠㅠ어른이되어도 변함없이 좋다,2026.07.19,8,2026-07-19,ㅠㅠ어른이되어도 변함없이 좋다,16,3,2026-07-19,2026-07,2026,7,19,Sunday,True,positive,0.01811157289948951,0.0021283146505368437,-0.007526345651848602,-0.00658263100952095,-0.00012993308375326923,-0.0016360066997650248,0.0027707986156689434,-0.002905315477138492,-0.005451642796730187,0.001193555577598523
10,흥미롭게 관람하여 대체로 만족합니다.,2026.07.19,10,2026-07-19,흥미롭게 관람하여 대체로 만족합니다,19,4,2026-07-19,2026-07,2026,7,19,Sunday,True,positive,0.002441329946061615,4.028455391392585e-05,0.00645279625266548,3.8204955078475876e-05,0.004629507205285055,0.007780249703102033,-0.005879892072992399,0.008939280159328978,-0.008051344245830832,-0.0007002759134515908
5,그냥 그랬다 딸은 좀 감동인데 별로 감흥이 없다,2026.07.19,5,2026-07-19,그냥 그랬다 딸은 좀 감동인데 별로 감흥이 없다,26,8,2026-07-19,2026-07,2026,7,19,Sunday,True,negative,0.026810093190300355,0.020632672406299693,-0.004818091395284913,-0.011036393851521104,0.002569179073157842,-0.009745850378565258,0.009100084353341958,0.0008480343869743004,-0.010492893341640283,-0.012547194169173237
6,아는 맛 익숙한 맛 보장된 맛,2026.07.19,6,2026-07-19,아는 맛 익숙한 맛 보장된 맛,16,6,2026-07-19,2026-07,2026,7,19,Sunday,True,neutral,0.0032447346985347014,0.0017950029759772634,0.004431258926499556,0.0022949744400230453,0.0022817422585078057,0.004436757213304901,0.019954125636239262,0.003987419799474612,0.0035836463761282607,0.007383781994603111
8,배불뚝이 아저씨가 된 우디와 함께 어른이 된 우리들,2026.07.19,8,2026-07-19,배불뚝이 아저씨가 된 우디와 함께 어른이 된 우리들,28,8,2026-07-19,2026-07,2026,7,19,Sunday,True,positive,0.022007433846574852,-0.00432079239404532,0.03395510298732286,0.0018669779571892041,0.0736041759942411,-0.013683449666565876,-0.006576065140860625,0.04550355675506175,0.01192234797661064,0.0017422904517030463
10,갑자기 장난감이 소중해지는 영화예요.,2026.07.19,10,2026-07-19,갑자기 장난감이 소중해지는 영화예요,19,4,2026-07-19,2026-07,2026,7,19,Sunday,True,positive,0.0008632265807548479,-0.00017057264924704192,0.00154747872818159,-0.00013379750855790212,-0.0004871451733590849,0.0013950749188686785,-0.0005203665459465098,0.0030446613993145174,-0.002528242945750529,-0.0005367222123057429
10,"재미있었습니다.
스마트 시대 장난감에도 격차가 존재하는 걸
잘 풀어내며 표현했어요!
생각하게 되는 주제네요",2026.07.19,10,2026-07-19,재미있었습니다 스마트 시대 장난감에도 격차가 존재하는 걸 잘 풀어내며 표현했어요 생각하게 되는 주제네요,57,13,2026-07-19,2026-07,2026,7,19,Sunday,True,positive,0.002475384545535981,7.424780799656674e-05,0.008236532802282443,0.0006024326881296675,0.010941006832192134,-0.002432433338816357,0.011806143212265136,0.005842167525538941,-0.0036276473946972145,-0.0067495120249478615
10,"너무  재밌었어요
아이들 패드 때문에 문제가 많은데 생각할거리가 많은 영화였어요",2026.07.19,10,2026-07-19,너무 재밌었어요 아이들 패드 때문에 문제가 많은데 생각할거리가 많은 영화였어요,43,10,2026-07-19,2026-07,2026,7,19,Sunday,True,positive,0.30979296776653864,-0.10758235252209672,-0.08443039254144097,-0.04158000468878929,0.034036777334239814,-0.015786415256176294,-0.019231884527948457,-0.0012405320433445791,-0.04084014294028195,-0.014044325730790617
8,흥미롭게 잘 보았습니다 ^^,2026.07.19,8,2026-07-19,흥미롭게 잘 보았습니다,12,3,2026-07-19,2026-07,2026,7,19,Sunday,True,positive,0.009053570076438892,-0.0030520295807302394,0.03749533555547817,-0.0016205991681777917,-0.013824551828164871,0.008154381156052408,-0.019845721424870046,0.007697696759056974,-0.009419315386746072,0.007842584828099046
10,간만에 동심의 세계로 돌아가서 행복했어요.,2026.07.19,10,2026-07-19,간만에 동심의 세계로 돌아가서 행복했어요,22,5,2026-07-19,2026-07,2026,7,19,Sunday,True,positive,0.0004334214333443943,-0.00011710791513476835,0.0005579476210414001,-4.6562362270132294e-05,0.0011102687420217992,-0.00017494270434297054,-0.000849925682758665,0.0030477558947736693,0.00020175433137320387,0.00010306039098741934
9,재밌게 잘 보았습니다!,2026.07.19,9,2026-07-19,재밌게 잘 보았습니다,11,3,2026-07-19,2026-07,2026,7,19,Sunday,True,positive,0.09273488178633858,-0.037574790278232725,0.1918233418576446,-0.00891767113253012,-0.07329903154040354,0.043125514999886434,-0.3277926096707426,-0.01860458380341041,0.07758463580110746,-0.060027474816961
10,태어났을 때부터 봤던 토이스토리를 보다가 울었네요. 정말 좋은 영화입니다. 강추,2026.07.19,10,2026-07-19,태어났을 때부터 봤던 토이스토리를 보다가 울었네요 정말 좋은 영화입니다 강추,42,10,2026-07-19,2026-07,2026,7,19,Sunday,True,positive,0.02816879113033143,-0.006961645767906117,0.058306537159743745,0.01594193173725977,0.042007185916756916,-0.008350527177895724,0.06190699124033233,0.1203308929513973,0.035392379087681676,0.003086108443008108
10,생각보다 잼있네요.,2026.07.19,10,2026-07-19,생각보다 잼있네요,9,2,2026-07-19,2026-07,2026,7,19,Sunday,True,positive,0.004657094291856955,0.010644605387369315,2.5855135690717762e-05,-0.002560304271040885,-0.0008268408265174562,-0.0017283977138494995,-0.001988918829520762,0.004289214103793078,-0.0021317355581270147,-0.006534527517266991
10,너무너무 재밌었어오,2026.07.19,10,2026-07-19,너무너무 재밌었어오,10,2,2026-07-19,2026-07,2026,7,19,Sunday,True,positive,0.03376213370892204,-0.0024333799677022892,0.07305405875615746,0.1322822993147102,0.0059625144219817225,-0.02780694507560345,-0.19151575073086816,-0.018607989415712248,0.07143934105910153,-0.10409975537188991
8,레트로 감상을 느끼게 해주네요 근데 주인공이 바껴서 그런지 저는 4편이 더 재밌었어요,2026.07.19,8,2026-07-19,레트로 감상을 느끼게 해주네요 근데 주인공이 바껴서 그런지 저는 4편이 더 재밌었어요,47,12,2026-07-19,2026-07,2026,7,19,Sunday,True,positive,0.050885268080110575,0.003685527577860781,-0.0035858403120096654,-0.003971761988968871,0.014007715637088693,0.01104431919565884,-0.02547145596923218,0.0362208798894503,-0.04531773450163507,-0.015021694719222782
10,토이스토리 재밌습니다,2026.07.19,10,2026-07-19,토이스토리 재밌습니다,11,2,2026-07-19,2026-07,2026,7,19,Sunday,True,positive,0.18566219268256035,0.48606424650626523,-0.02833127722698517,-0.07143411246660795,-0.03877378525522037,-0.06395674949317812,-0.032202024696758313,0.011595687295885582,0.005236705225538009,-0.08786683508382001
10,우리의 과거. 꿈. 동심.,2026.07.19,10,2026-07-19,우리의 과거 꿈 동심,11,4,2026-07-19,2026-07,2026,7,19,Sunday,True,positive,0.0013357142285889752,0.00017422382269609217,0.004039893785412367,0.0014746199791912142,0.010990115706144266,-0.0015592803291687729,-0.00010087363336958644,0.0041569660334522165,-0.0015236107029918111,-0.002795419541353046
10,아이들과 봤는데 제가 더 재밌게 본 것 같아요~ 스토리도 의미가 있어서 좋았습니다.,2026.07.19,10,2026-07-19,아이들과 봤는데 제가 더 재밌게 본 것 같아요 스토리도 의미가 있어서 좋았습니다,44,12,2026-07-19,2026-07,2026,7,19,Sunday,True,positive,0.08413548120655394,-0.02453656094761474,0.1577439915399239,0.00801352750236478,-0.04084001921392677,0.028088690768480876,-0.23272641885271994,0.3572425468448963,-0.20501150288766062,-0.036419353992421986
7,기대했던거 보다는 나쁘지 않았어요,2026.07.19,7,2026-07-19,기대했던거 보다는 나쁘지 않았어요,18,4,2026-07-19,2026-07,2026,7,19,Sunday,True,positive,0.0003327582848815806,3.378136961532033e-05,0.0009693471584652666,0.000506906208504458,0.0026799377090403155,-0.0006370258476333041,-0.0012415691627692953,0.0028214520781695883,-0.0025000908040046137,-0.00038928980560895375
10,아이들과 함께보기 좋았어료,2026.07.19,10,2026-07-19,아이들과 함께보기 좋았어료,14,3,2026-07-19,2026-07,2026,7,19,Sunday,True,positive,0.02962183503390816,-0.010351966362989445,0.06759131153718215,-0.0052579907670451485,-0.02863608673710799,-0.001632917938889532,0.013428725878542231,0.28676771530389816,-0.21799124733861588,0.08283917780225812
10,스토리 재밌고 마지막엔 감동~~~ 토이스토리는 언제 봐도 굿굿!!,2026.07.19,10,2026-07-19,스토리 재밌고 마지막엔 감동 토이스토리는 언제 봐도 굿굿,31,8,2026-07-19,2026-07,2026,7,19,Sunday,True,positive,0.09899454988237381,-0.011978274670025806,0.0997483555718805,0.014513563425111157,0.14129899148839495,0.34753312361098887,0.08470549354049964,0.06667427409740131,0.10006795256414913,-0.04607930938595735
10,재밌었어요잘봤습니당 ㅋㅋㅋ ㅎㅎ,2026.07.19,10,2026-07-19,재밌었어요잘봤습니당 ㅋㅋㅋ ㅎㅎ,17,3,2026-07-19,2026-07,2026,7,19,Sunday,True,positive,-0.0,-0.0,-0.0,0.0,0.0,0.0,-0.0,0.0,0.0,0.0
10,재밌게봤어요 ㅋㅋㅋ ㅎㅎ,2026.07.19,10,2026-07-19,재밌게봤어요 ㅋㅋㅋ ㅎㅎ,13,3,2026-07-19,2026-07,2026,7,19,Sunday,True,positive,0.0002925134094384704,5.246105817196307e-05,0.00167322913336639,-0.00011728337595411747,-0.0009464086051189825,-0.0002462737898182608,0.0033895018958569347,0.006019621037898257,-0.006485787564617938,0.003647887876235328
10,너무너무 재밌게 봤어요,2026.07.19,10,2026-07-19,너무너무 재밌게 봤어요,12,3,2026-07-19,2026-07,2026,7,19,Sunday,True,positive,0.17103060432004918,-0.056888998828055745,0.46970426829411555,0.06930346742670289,-0.19744206806118542,0.0056919879394200235,-0.5036636930927264,-0.14035245923028475,0.22013186875839813,-0.11518391765296306
10,항상 보는영화 재밌어용,2026.07.19,10,2026-07-19,항상 보는영화 재밌어용,12,3,2026-07-19,2026-07,2026,7,19,Sunday,True,positive,0.002017604618035304,0.0008523676035072053,0.012564527589377055,0.0016717381794868116,0.03538128548409219,-0.007583507277730557,-0.004483150583679856,-0.0044613126084712415,8.616112416866444e-05,0.0074873942718604695
7,토이스토리라는 컨셉 자체가 지겹긴 했는데 스토리가 그나마 신선했다,2026.07.19,7,2026-07-19,토이스토리라는 컨셉 자체가 지겹긴 했는데 스토리가 그나마 신선했다,36,8,2026-07-19,2026-07,2026,7,19,Sunday,True,positive,0.04467865564293528,-0.02068319120446975,-0.0084476193928497,-0.015350055538982265,0.01537977639064773,0.0018276102366785148,0.13329962119081812,0.5205719837341607,0.7280660056433698,0.050196730174201516
10,감동과 재미를 동시에 주는 영화,2026.07.19,10,2026-07-19,감동과 재미를 동시에 주는 영화,17,5,2026-07-19,2026-07,2026,7,19,Sunday,True,positive,0.05537970600857848,0.023719966107713895,0.22007605938004027,0.024492208688863783,0.4945006365483324,-0.0943872044963015,-0.04091837343872185,-0.06677348183316316,0.022621438458686857,0.045353995426454644
10,"오랫만에
동심을 느꼈습니다",2026.07.19,10,2026-07-19,오랫만에 동심을 느꼈습니다,14,3,2026-07-19,2026-07,2026,7,19,Sunday,True,positive,0.013236554015274092,0.008056537771464228,0.06103742067434564,0.010745180145442368,0.15332131188281425,-0.016106764188043875,-0.05219475861737859,0.0021415791987766035,-0.022867428367825172,0.08517453629528372
7,전작에 비해서는 그냥 그럭인데 내용이 좋았음,2026.07.19,7,2026-07-19,전작에 비해서는 그냥 그럭인데 내용이 좋았음,24,6,2026-07-19,2026-07,2026,7,19,Sunday,True,positive,0.020115452269646703,0.014672681050674798,-0.004035770994086563,-0.008588844127778331,0.0017648799357118468,-0.006948303414649184,0.0056464941070547975,-0.00029191277026408317,-0.007056505421548513,-0.008921586323226746
10,재밌음. 아이들이 좋아함,2026.07.19,10,2026-07-19,재밌음 아이들이 좋아함,12,3,2026-07-19,2026-07,2026,7,19,Sunday,True,positive,0.058343208135013994,0.004432469353049719,0.13460033623014986,-0.012073362065671635,0.03632538174338453,-0.010359769479201824,0.3795036286644659,-0.05681139740076325,0.013188407871530578,-0.3762739936729715
10,인생 추억의 토이스토리 너무 좋네요,2026.07.19,10,2026-07-19,인생 추억의 토이스토리 너무 좋네요,19,5,2026-07-19,2026-07,2026,7,19,Sunday,True,positive,0.36605746679888046,0.1766987432514261,-0.099278244689498,-0.09546652543277187,-0.012040731621122555,-0.05155302627852689,-0.0014652819764135595,-0.025560022106136233,-0.012149275446440939,-0.01726712005155853
10,"메간박스 화이팅 죽지마!!
When she was love me   everything was beautiful ~",2026.07.19,10,2026-07-19,메간박스 화이팅 죽지마 When she was love me everything was beautiful,58,11,2026-07-19,2026-07,2026,7,19,Sunday,True,positive,-0.0,-0.0,-0.0,0.0,0.0,0.0,-0.0,0.0,0.0,0.0
8,"아이들에게 교훈도 주고, 상상력을 키워주는",2026.07.19,8,2026-07-19,아이들에게 교훈도 주고 상상력을 키워주는,22,5,2026-07-19,2026-07,2026,7,19,Sunday,True,positive,2.00701377714118e-05,1.9508175459952713e-05,3.574789955542477e-05,5.889419726197589e-05,4.397194394464284e-05,2.369864633076339e-05,-3.5052388889759983e-06,0.00026716446610602847,-0.00018576311630854743,7.520091303970481e-06
10,더빙이 자연스럽고 재밌게 잘봤습니다 4보다 더 재밌었습니다,2026.07.19,10,2026-07-19,더빙이 자연스럽고 재밌게 잘봤습니다 4보다 더 재밌었습니다,32,7,2026-07-19,2026-07,2026,7,19,Sunday,True,positive,0.06402269678925022,-0.009346585448301598,0.10789226551266529,-0.007919749570820138,-0.03848231526701023,0.02789067320647323,-0.2470244028431868,-0.013494578466937406,0.06341109632073859,-0.07119586594247738
10,날 다시 돌아보게 만드는 마법같은 이야기...,2026.07.19,10,2026-07-19,날 다시 돌아보게 만드는 마법같은 이야기,22,6,2026-07-19,2026-07,2026,7,19,Sunday,True,positive,0.020902690804020418,0.02286233327272262,0.027647731191524666,0.001917074057461828,0.06018561288922279,-0.01235151686527382,-0.011822185157678957,0.018273554236122376,-0.025857055486221397,0.03505170265562152
10,"아무 기대 없이 봤는데, 제미 있어요",2026.07.19,10,2026-07-19,아무 기대 없이 봤는데 제미 있어요,19,6,2026-07-19,2026-07,2026,7,19,Sunday,True,positive,0.026269196702662683,-0.0024867728710916757,0.03926681452911737,-0.003203794601194012,0.017005783994707542,0.003139399656786472,-0.08281664185625384,0.285901938554453,-0.18569826469458206,-0.004030478983702302
10,배나오고 머리 벗겨진 우디가 낯설긴하지만 그래도 나와 함께 나이든거 같아서 정겹네요^^,2026.07.19,10,2026-07-19,배나오고 머리 벗겨진 우디가 낯설긴하지만 그래도 나와 함께 나이든거 같아서 정겹네요,46,11,2026-07-19,2026-07,2026,7,19,Sunday,True,positive,0.026088329468276723,-0.0017265055841179365,0.009043854591536884,-0.005713703038061168,0.01147764792648697,-0.0030596365340478195,-0.010115671538148241,0.05507641777897225,0.0074286612873936415,-0.002264005530297742
10,스토리상 매칭이 잘되고 재미있었어요.,2026.07.19,10,2026-07-19,스토리상 매칭이 잘되고 재미있었어요,19,4,2026-07-19,2026-07,2026,7,19,Sunday,True,positive,0.005039757431993816,0.00921059293227882,0.003571681875772625,-0.00021498686627283216,0.00024134228456410543,0.00022582154224055104,-0.0024248311205584106,0.04454796227902533,-0.004999604307130869,-0.0073554058508100255
10,스토리가 넘 재미났어요~,2026.07.19,10,2026-07-19,스토리가 넘 재미났어요,12,3,2026-07-19,2026-07,2026,7,19,Sunday,True,positive,0.04467865564293528,-0.02068319120446975,-0.0084476193928497,-0.015350055538982265,0.01537977639064773,0.0018276102366785148,0.13329962119081812,0.5205719837341607,0.7280660056433698,0.050196730174201516
6,토이스토리 토이스토리,2026.07.19,6,2026-07-19,토이스토리 토이스토리,11,2,2026-07-19,2026-07,2026,7,19,Sunday,True,neutral,0.33732577713492595,0.8795280742185421,-0.0515978917349914,-0.13070035899103485,-0.06759094952929748,-0.11271092887562847,-0.04919324480405508,0.009415967709717499,0.013155141411711034,-0.14218149795005247
10,믿고보는 디즈니 토이 스토리,2026.07.19,10,2026-07-19,믿고보는 디즈니 토이 스토리,15,4,2026-07-19,2026-07,2026,7,19,Sunday,True,positive,0.029774639295007028,0.023898985555197174,0.07031097526049342,-0.0005974745511014834,0.04002137023705745,0.003959823082389082,0.07747472396199906,-0.009497964546619353,-0.008433953529088278,0.07153906777260687
10,너무 재밌었어요 가족영화입니다,2026.07.19,10,2026-07-19,너무 재밌었어요 가족영화입니다,16,3,2026-07-19,2026-07,2026,7,19,Sunday,True,positive,0.5679401053392991,-0.20709890572613374,-0.17165085033569988,-0.10308499162654769,0.034103418957600086,-0.01224649076638416,-0.03341670769914249,-0.004770317770658323,-0.08022584221261309,-0.027052212417925922
9,"생각보다 재미 있어요~
토이스토리 1부터 쭉 봐왔던 사람입니다. 
재미있어요. 볼만합니다.",2026.07.19,9,2026-07-19,생각보다 재미 있어요 토이스토리 1부터 쭉 봐왔던 사람입니다 재미있어요 볼만합니다,45,10,2026-07-19,2026-07,2026,7,19,Sunday,True,positive,0.12749677490269912,0.26232105397979216,0.0004905098541485533,-0.046684016704771916,-0.013976149371143965,-0.02539898761475429,-0.021658640926297285,0.04476096620523773,-0.02163033033712124,-0.06404884875493429
10,역시 토이스토리네요,2026.07.19,10,2026-07-19,역시 토이스토리네요,10,2,2026-07-19,2026-07,2026,7,19,Sunday,True,positive,0.07184749166014612,0.132141034467121,-0.008604925883897338,0.09148497053011087,0.010925859025197628,0.18886614474720068,0.12400949079124485,-0.0667636243777955,0.012084584151259814,0.4022161724904926
10,토이스토리 재미있습니다,2026.07.19,10,2026-07-19,토이스토리 재미있습니다,12,2,2026-07-19,2026-07,2026,7,19,Sunday,True,positive,0.18136095041513386,0.4707053750995815,-0.013531835759050384,-0.06951587581945821,0.003703256315634839,-0.071489944549375,-0.032712628662614686,-0.0014130139214016554,0.008257176175352847,-0.07758760418936571
10,말모 감동이었어요. 넘 재밌어여,2026.07.19,10,2026-07-19,말모 감동이었어요 넘 재밌어여,16,4,2026-07-19,2026-07,2026,7,19,Sunday,True,positive,-0.0,-0.0,-0.0,0.0,0.0,0.0,-0.0,0.0,0.0,0.0
9,"아이들이 전자기기(아이패드 등)에 중독되니 장난감을 가지고 놀지 않게 되고, 친구들과 만나도 전자기기만 보는 상황을 잘 표현함. 도서 나이키의 상대는 닌텐도다가 떠올랐습니다.",2026.07.19,9,2026-07-19,아이들이 전자기기아이패드 등에 중독되니 장난감을 가지고 놀지 않게 되고 친구들과 만나도 전자기기만 보는 상황을 잘 표현함 도서 나이키의 상대는 닌텐도다가 떠올랐습니다,92,21,2026-07-19,2026-07,2026,7,19,Sunday,True,positive,0.04027524089397487,0.0007943682236855811,0.08170507406481534,-0.0077191953479454735,0.022976336259699765,-0.011262391247432925,0.21795813682907444,-0.020193611580824,-0.0010565538473962675,-0.24457316097016799
10,여전히 감동적이고 재밌었어요,2026.07.19,10,2026-07-19,여전히 감동적이고 재밌었어요,15,3,2026-07-19,2026-07,2026,7,19,Sunday,True,positive,0.11703682254520027,-0.014327101117067961,-0.027726924145238172,0.039795322422689156,0.027621115476184746,0.04240350135412689,-0.0010440040067967412,0.051180385091458724,-0.14185619187081505,-0.18884611985541475
10,와우 버즈 신형 모델 어디서 살수 있나요?,2026.07.19,10,2026-07-19,와우 버즈 신형 모델 어디서 살수 있나요,22,7,2026-07-19,2026-07,2026,7,19,Sunday,True,positive,0.0006419453323848527,0.0004789782972462696,0.0009738924471896502,0.0006164480137191092,0.001009223836623755,-0.0005250907585196742,0.0011920866295638357,0.003227251004116474,-0.0013500311373067539,-0.0016565927852994246
10,아이랑 재미있게 관람하였습니다,2026.07.19,10,2026-07-19,아이랑 재미있게 관람하였습니다,16,3,2026-07-19,2026-07,2026,7,19,Sunday,True,positive,0.09985462485392489,-0.03050896938735275,0.45285425892388714,0.04170065621048587,-0.225389590535096,-0.018507691215168834,0.06572983923744614,-0.006438453769976008,-0.052659921479466416,0.1019264039038325
10,간만에 유쾌한 동심의 시간이됐네요,2026.07.19,10,2026-07-19,간만에 유쾌한 동심의 시간이됐네요,18,4,2026-07-19,2026-07,2026,7,19,Sunday,True,positive,0.001113976903732182,0.00047168875436892074,0.003354287122180573,0.000587333095114742,0.0098446498500522,-0.0018524686369228104,-0.0016236491373174075,-0.00042988846960664335,-0.0005696731366149561,0.00038749957749443966
10,현실 반영을 너무 잘해서 역시… 토이스토리 했다! 아이들은 느끼지 못하고 노잼이였다고 한게 흠…🥲,2026.07.19,10,2026-07-19,현실 반영을 너무 잘해서 역시 토이스토리 했다 아이들은 느끼지 못하고 노잼이였다고 한게 흠,50,13,2026-07-19,2026-07,2026,7,19,Sunday,True,positive,0.3835400887655293,0.24494826219348975,-0.09635958130787034,-0.03040090521538981,-0.007894667210633767,0.09806569855070059,0.05901698279645027,-0.05167551909700011,-0.01123929351789023,0.20000463794064283
7,동심으로 돌아갔지만 전편들보다 아쉬워요,2026.07.19,7,2026-07-19,동심으로 돌아갔지만 전편들보다 아쉬워요,21,4,2026-07-19,2026-07,2026,7,19,Sunday,True,positive,0.011839086196140523,0.0025750552246167346,-0.002993491942260604,0.10018307503264622,-0.003408406067253438,-0.01907256898410539,0.010286144379557497,0.06081388746331235,-0.031232965907409475,-0.06711935873509768
10,역시 토이 스토리 👍  내 인생 영화 딸과 함께 할 수 있어 너무 감사 했어요~ 감동 받고 울었네요,2026.07.19,10,2026-07-19,역시 토이 스토리 내 인생 영화 딸과 함께 할 수 있어 너무 감사 했어요 감동 받고 울었네요,51,17,2026-07-19,2026-07,2026,7,19,Sunday,True,positive,0.24695536815958538,-0.014349093593560729,0.07377232193826787,0.010752237385730997,0.23714525971949224,0.04122773915934928,0.1101294551205094,-0.04033594870094893,-0.004478592244490821,0.22512178446692732
10,어린시절과 지금 당장 내 방 인형들 장난감들을 한번 더 살펴보게됐다 어른이 된 지금도 미디어만 바라보며 남들의 관심을 사고 받길 원하는 삶은 아닌가 뒤돌아보게 한다,2026.07.19,10,2026-07-19,어린시절과 지금 당장 내 방 인형들 장난감들을 한번 더 살펴보게됐다 어른이 된 지금도 미디어만 바라보며 남들의 관심을 사고 받길 원하는 삶은 아닌가 뒤돌아보게 한다,91,24,2026-07-19,2026-07,2026,7,19,Sunday,True,positive,0.005125790026161578,0.0011986877943343489,0.023103535885807838,0.002404934483173095,0.05980195994656384,-0.011656322454718914,0.003706771894398984,0.0015606822702742356,0.0058673804304779625,0.002428579174402911
10,어른이 봐도 재미있는 영화,2026.07.19,10,2026-07-19,어른이 봐도 재미있는 영화,14,4,2026-07-19,2026-07,2026,7,19,Sunday,True,positive,0.0497429750975084,0.012087390283867046,0.19067017042826323,0.023433139142916424,0.47064152614910154,-0.07151752812175002,-0.004044681116917845,-0.02226916908789722,0.02724374415824429,0.02219868091694546
10,"4편에 실망해서 별 기대안하고 봤는데 가슴 찡 포인트있구,, 좋아요.. 추천추천d(^_^o)",2026.07.19,10,2026-07-19,4편에 실망해서 별 기대안하고 봤는데 가슴 찡 포인트있구 좋아요 추천추천d_o,43,10,2026-07-19,2026-07,2026,7,19,Sunday,True,positive,0.024730897635534356,-0.006712067982436232,0.04361658458703702,-0.003149385310485177,0.013674406478803367,0.008003622244997021,-0.09282922313274303,0.3311230710812181,-0.22427594072317014,0.004824889691503191
10,"5까지 나오면서 모든 편이 다 재밌긴 힘든데 역시ㅠㅠ  개인적으론 1,5 가 제일 재미있었다. 어른이 봐도 아이들이
봐도 정말 재밌고 좋은 영화.",2026.07.19,10,2026-07-19,5까지 나오면서 모든 편이 다 재밌긴 힘든데 역시ㅠㅠ 개인적으론 15 가 제일 재미있었다 어른이 봐도 아이들이 봐도 정말 재밌고 좋은 영화,77,21,2026-07-19,2026-07,2026,7,19,Sunday,True,positive,0.0948377548567801,-0.02063653356528151,0.1904167603032722,0.005660735075946489,0.2859825478937265,-0.03774066607232103,0.18629545334810876,0.09240934153745282,0.09516027839168073,-0.1263386217301518
8,무난하게보았슴……….,2026.07.19,8,2026-07-19,무난하게보았슴,7,1,2026-07-19,2026-07,2026,7,19,Sunday,True,positive,-0.0,-0.0,-0.0,0.0,0.0,0.0,-0.0,0.0,0.0,0.0
8,전편 안보고 봐도 문제없었고 동심으로 돌아갈 수 있어 굿굿,2026.07.19,8,2026-07-19,전편 안보고 봐도 문제없었고 동심으로 돌아갈 수 있어 굿굿,32,9,2026-07-19,2026-07,2026,7,19,Sunday,True,positive,0.019705706751381637,-0.00021262690018678665,0.02576221314711802,0.04050223987675169,0.038386749624053224,0.006545813861812505,0.008859315099287723,0.03721712434937696,0.0062464755296958874,-0.03404924243008967
10,5를 이어나갈수 있을까?,2026.07.19,10,2026-07-19,5를 이어나갈수 있을까,12,3,2026-07-19,2026-07,2026,7,19,Sunday,True,positive,-0.0,-0.0,-0.0,0.0,0.0,0.0,-0.0,0.0,0.0,0.0
10,너무 재밌고 감동적이다!!,2026.07.19,10,2026-07-19,너무 재밌고 감동적이다,12,3,2026-07-19,2026-07,2026,7,19,Sunday,True,positive,0.5531425279014599,-0.24951283212554803,-0.15541059795875029,-0.11775551622074874,0.024072295399878006,-0.015548333245504416,0.06785336734249836,0.063765829085541,0.14118815634311135,0.037929210888639577
10,여전히 함께였던 친구! 눈물 흘렸다ㅠㅠ,2026.07.19,10,2026-07-19,여전히 함께였던 친구 눈물 흘렸다ㅠㅠ,20,5,2026-07-19,2026-07,2026,7,19,Sunday,True,positive,0.03762202249133108,-0.004118972847204053,-0.007147746713236721,0.04843723602228741,0.01760442430251266,0.028996366032880246,0.020147160659709153,0.014522217376800955,-0.09080218470736928,-0.14773828727773408
10,제시가 최애로서는 내 인생영화,2026.07.19,10,2026-07-19,제시가 최애로서는 내 인생영화,16,4,2026-07-19,2026-07,2026,7,19,Sunday,True,positive,0.0006010348204811706,0.0010836436920628435,0.0007429554468628576,-0.00015897802452261202,0.0006769817134607308,0.0007880304449115706,0.0020674815768257264,-0.00024033534110286966,-0.00019517975338624,-0.0060319894892565794
10,역시 토이스토리 입니다,2026.07.19,10,2026-07-19,역시 토이스토리 입니다,12,3,2026-07-19,2026-07,2026,7,19,Sunday,True,positive,0.24241403321978536,0.5177389710197364,-0.03653372846220502,0.016711772197130822,-0.006234472000782127,0.11294357115249883,0.08763939209168525,-0.06195379705093495,0.012713570762035071,0.30063661190316726
7,토이스토리가 주는 감동,2026.07.18,7,2026-07-18,토이스토리가 주는 감동,12,3,2026-07-18,2026-07,2026,7,18,Saturday,True,positive,0.02878627751023946,0.0011800131563748286,0.043218300926393304,0.020873148938368703,0.07847819799091814,-0.0027355557167119174,0.005836978687361531,-0.012576509606985092,0.018260724881150662,0.019457161914460383
8,토이스토리 시리즈가 보장하는 재미,2026.07.18,8,2026-07-18,토이스토리 시리즈가 보장하는 재미,18,4,2026-07-18,2026-07,2026,7,18,Saturday,True,positive,0.17153803038833365,0.3896228816744219,-0.011111992028641153,-0.06582624987442148,-0.021333068532956006,-0.049561974589725,-0.033335507774426405,0.009655556011535333,-0.00663581757498537,-0.07292311064311485
10,굿굿 아이도 어른도 재밌게 잘 봤어요,2026.07.18,10,2026-07-18,굿굿 아이도 어른도 재밌게 잘 봤어요,20,6,2026-07-18,2026-07,2026,7,18,Saturday,True,positive,0.11369195331562995,-0.04047072936525684,0.32844394737850513,-0.011678531434339334,-0.149937777505485,0.02999151342891051,-0.29185901598436054,-0.06115749999374024,0.12053153336303203,-0.04100170700994565
7,재밌어요 클래식한 맛이 좀 사라져서 슬퍼요,2026.07.18,7,2026-07-18,재밌어요 클래식한 맛이 좀 사라져서 슬퍼요,23,6,2026-07-18,2026-07,2026,7,18,Saturday,True,positive,0.17041727328524756,0.013802936061318343,-0.06441722436455244,0.9302977431071253,-0.0739137516623888,-0.12517830040109892,0.019252361416757537,0.008686731782494263,0.005485878299176366,-0.061552106847839544
10,"제시, 보니, 나 이렇게 셋은 최고의 친구임ㅠㅠ",2026.07.18,10,2026-07-18,제시 보니 나 이렇게 셋은 최고의 친구임ㅠㅠ,24,7,2026-07-18,2026-07,2026,7,18,Saturday,True,positive,0.024596765907513262,-0.010298402023999759,-0.010533424638828042,-0.007786300418467183,0.0026319551993041345,-0.00284591887919293,0.00565623697067954,-0.005875055960101869,-0.010545890907212797,0.0012428095773888417
10,초6 아이가 너무 재미께 보았다네요 저는 아빠라 쏘쏘,2026.07.18,10,2026-07-18,초6 아이가 너무 재미께 보았다네요 저는 아빠라 쏘쏘,29,8,2026-07-18,2026-07,2026,7,18,Saturday,True,positive,0.40200483690247196,-0.15156474068574974,-0.13019672317470427,-0.08687606020287793,0.0029160757276801004,-0.02518357870803558,-0.006598744807456718,-0.040486398597472974,-0.04216858169048712,0.035895857898939704
10,전자기기와 장난감의 콜라보! 시의성과 재미 그리고 교훈이 담긴 영화,2026.07.18,10,2026-07-18,전자기기와 장난감의 콜라보 시의성과 재미 그리고 교훈이 담긴 영화,36,9,2026-07-18,2026-07,2026,7,18,Saturday,True,positive,0.04492682412077973,0.02090186872659369,0.1081570677169661,0.005491803022320129,0.24844155387533073,-0.044809941833094384,-0.022562761586135658,-0.002464954664797076,-0.027406754614185843,0.015096904328897561
10,애들이 너무 즐겁게봐요,2026.07.18,10,2026-07-18,애들이 너무 즐겁게봐요,12,3,2026-07-18,2026-07,2026,7,18,Saturday,True,positive,0.4562114986405389,-0.19986977950568993,-0.14775093012974788,-0.09322069319779554,0.010871470868695257,-0.02753913175354083,0.027349897316542623,-0.04252369292247439,-0.03233455070813012,0.03130422442911325
10,너무 재밌었고 신규 쿠폰 덕분에 5천 원으로 너무 재밌게 봤음,2026.07.18,10,2026-07-18,너무 재밌었고 신규 쿠폰 덕분에 5천 원으로 너무 재밌게 봤음,34,10,2026-07-18,2026-07,2026,7,18,Saturday,True,positive,0.5424825095214396,-0.24046313779243575,-0.0564185463862416,-0.1030324006864049,-0.012903377407217082,-0.0034619304149366846,-0.20922655735917933,-0.06289509417780521,0.03386258799413167,-0.015153222604515397
10,토이스토리는 나올때마다 꼭 보러가요,2026.07.18,10,2026-07-18,토이스토리는 나올때마다 꼭 보러가요,19,4,2026-07-18,2026-07,2026,7,18,Saturday,True,positive,0.07416061263100619,0.02192888446850502,0.06505547851670672,0.05915782501649798,0.10749966003747466,0.8892586438983948,0.0001755972545816242,-0.006758584616214709,-0.003123934076381174,-0.21629162204852964
8,버즈군단이 왜 나온건지는 모르겠지만 그래도 토이스토리 친구들 봐서 좋았음,2026.07.18,8,2026-07-18,버즈군단이 왜 나온건지는 모르겠지만 그래도 토이스토리 친구들 봐서 좋았음,40,9,2026-07-18,2026-07,2026,7,18,Saturday,True,positive,0.10613543730683075,0.27164662936953354,-0.014312775837008723,-0.041382801218279516,-0.019093981928985197,-0.03636517578246583,-0.015692423053690265,0.01591620607011653,-0.0035407494817037964,-0.04996425318927375
10,아주 좋아 베리 둣,2026.07.18,10,2026-07-18,아주 좋아 베리 둣,10,4,2026-07-18,2026-07,2026,7,18,Saturday,True,positive,0.009481558558725373,0.015493388842568599,0.0007204409505758264,-0.0034197583741229073,0.00022881873033937805,-0.003245680366509527,0.002647452546502034,0.008268001951910244,-0.005055501645178199,-0.013663489476411484
10,주인이 바뀌고 세대가 바뀌어도 여전히 사랑스러운 토이들,2026.07.18,10,2026-07-18,주인이 바뀌고 세대가 바뀌어도 여전히 사랑스러운 토이들,30,7,2026-07-18,2026-07,2026,7,18,Saturday,True,positive,0.032336665581022474,-0.009971455889326438,-0.011934789790947881,0.04575712067934215,0.004908344297331564,0.03007584592173942,0.017928645178588314,0.011436088929052774,-0.08335549674482466,-0.13501795309269612
10,넘 잼있었어요 추억이 아롱다롱 새록새록 엄지척,2026.07.18,10,2026-07-18,넘 잼있었어요 추억이 아롱다롱 새록새록 엄지척,25,6,2026-07-18,2026-07,2026,7,18,Saturday,True,positive,0.02653180111399513,-0.009893825251892027,0.016833940580866198,-0.007618182204376922,0.009152573901106256,-0.008567701598591222,0.024691265551089064,0.005979469338393528,-0.028919408520744944,0.01153897245434758
10,아이가 너무 좋아했어요,2026.07.18,10,2026-07-18,아이가 너무 좋아했어요,12,3,2026-07-18,2026-07,2026,7,18,Saturday,True,positive,0.5099469765188375,-0.196713939413265,-0.16866924482128612,-0.11340757663378868,0.001931156117808949,-0.04030167555435128,0.0025828352481049592,-0.0697530957776055,-0.033003032571215535,0.02587280838534918
10,Star-! Commander-!,2026.07.18,10,2026-07-18,Star Commander,14,2,2026-07-18,2026-07,2026,7,18,Saturday,True,positive,-0.0,-0.0,-0.0,0.0,0.0,0.0,-0.0,0.0,0.0,0.0
10,우리이야기같아서 감동이었다,2026.07.18,10,2026-07-18,우리이야기같아서 감동이었다,14,2,2026-07-18,2026-07,2026,7,18,Saturday,True,positive,-0.0,-0.0,-0.0,0.0,0.0,0.0,-0.0,0.0,0.0,0.0
2,대구세븐벨리점 18:10영화 로비는 더워도 이해했는데 상영은 이럴꺼면 왜하나요 쾌적한곳에서 시원하게 영화보려가족온건데 찜통 영화보다 뛰쳐나가지고 못하고 아이들도 덥다고 환불하려다,2026.07.18,2,2026-07-18,대구세븐벨리점 1810영화 로비는 더워도 이해했는데 상영은 이럴꺼면 왜하나요 쾌적한곳에서 시원하게 영화보려가족온건데 찜통 영화보다 뛰쳐나가지고 못하고 아이들도 덥다고 환불하려다,98,18,2026-07-18,2026-07,2026,7,18,Saturday,True,negative,0.010947857614087321,0.007765755608703346,-0.0030899070645647605,-0.0009299280556885084,-0.0004573371574883616,0.005156865185856519,0.004994816581987557,0.0005162684837756486,0.0007570607152401543,0.011861790519902687
10,너무 재밌어 완전 ㅋㅋㅋ,2026.07.18,10,2026-07-18,너무 재밌어 완전 ㅋㅋㅋ,13,4,2026-07-18,2026-07,2026,7,18,Saturday,True,positive,0.4712683314200902,-0.2138838752021468,-0.16483589973941315,-0.10057020363073943,0.009386312915456682,-0.029464305957721516,0.013998558251395914,-0.058257114466025814,-0.035093479329914856,0.042458378955294376
10,인생영화… 역대 토이스토리중 가장 좋앗어요,2026.07.18,10,2026-07-18,인생영화 역대 토이스토리중 가장 좋앗어요,22,5,2026-07-18,2026-07,2026,7,18,Saturday,True,positive,0.0006910724875823687,0.00017211898003377266,0.001805096243638728,-4.311820683522695e-05,0.0016330226978257354,-0.0005607755309267492,0.003274798249042508,0.002537692479982562,-0.0038147898638064065,-0.00392444535641464
10,넘 재미임ㅅ어요 빨리 다음먀뉴,2026.07.18,10,2026-07-18,넘 재미임ㅅ어요 빨리 다음먀뉴,16,4,2026-07-18,2026-07,2026,7,18,Saturday,True,positive,-0.0,-0.0,-0.0,0.0,0.0,0.0,-0.0,0.0,0.0,0.0
8,나쁘지는 않은 소소 정도.. 장난감의 시대가 끝나간다는 것이 실감나더군요,2026.07.18,8,2026-07-18,나쁘지는 않은 소소 정도 장난감의 시대가 끝나간다는 것이 실감나더군요,38,9,2026-07-18,2026-07,2026,7,18,Saturday,True,positive,0.00619831129104182,0.006372710254341797,0.012450113692317528,-0.0002652000008703847,0.02442169836994853,-0.006777032862437314,0.004165559324049508,0.017086037598964016,-0.01864843625320246,-0.003670257606186271
9,장난감들의 개인정보 탈취 무서워요...,2026.07.18,9,2026-07-18,장난감들의 개인정보 탈취 무서워요,18,4,2026-07-18,2026-07,2026,7,18,Saturday,True,positive,0.010583141785286744,0.002043659919708487,0.024475079536512994,0.04591123423005912,0.07025429409822276,-0.02517868879694861,-0.006725311425269013,-0.012243449485390214,0.001766116530645713,0.0069732822617229445
7,20년이 지나서도 감동을 주다니,2026.07.18,7,2026-07-18,20년이 지나서도 감동을 주다니,17,4,2026-07-18,2026-07,2026,7,18,Saturday,True,positive,0.005364578839315685,0.008934031875680416,0.0029745659916412147,0.00521268263411993,0.004935438084134681,0.04053528837513404,0.01576543087489673,-0.004166726197788323,-0.000743255230320238,0.01469640408323093
10,동심으로 돌아간 기분입니다,2026.07.18,10,2026-07-18,동심으로 돌아간 기분입니다,14,3,2026-07-18,2026-07,2026,7,18,Saturday,True,positive,0.008443874137954357,0.0019753872458659915,-0.002172263853239778,0.07497131902335732,-0.0026252458481103302,-0.014829734431411617,0.008260217560560305,0.05217915024127196,-0.026638252466085748,-0.058534159410268946
10,아이들도 재미있게보고 저도 오랜만에 장난감을 보면서 추억했어요~즐거운시간이였습니다,2026.07.18,10,2026-07-18,아이들도 재미있게보고 저도 오랜만에 장난감을 보면서 추억했어요즐거운시간이였습니다,44,7,2026-07-18,2026-07,2026,7,18,Saturday,True,positive,0.018891306394642073,0.012011210376152038,0.01795419776354665,0.007757795529859135,-0.0025133570114950154,0.003669386613535671,0.01416548201402925,0.0597428155622711,0.021853355463953398,-0.0446251895184826
10,영상도 너무좋고 스토리도 끝내줍니다,2026.07.18,10,2026-07-18,영상도 너무좋고 스토리도 끝내줍니다,19,4,2026-07-18,2026-07,2026,7,18,Saturday,True,positive,0.009851119953641152,0.004492060061393034,0.008153688451939008,0.02922441012274832,-0.005097028483231063,-0.000671235861260737,-0.02515088309475666,0.05925047017973278,-0.031129103312569104,-0.014480294628699587
10,재미있었어요. 좋습니다.,2026.07.18,10,2026-07-18,재미있었어요 좋습니다,11,2,2026-07-18,2026-07,2026,7,18,Saturday,True,positive,0.005039757431993816,0.00921059293227882,0.003571681875772625,-0.00021498686627283216,0.00024134228456410543,0.00022582154224055104,-0.0024248311205584106,0.04454796227902533,-0.004999604307130869,-0.0073554058508100255
10,너무 감동적이었습니다.,2026.07.18,10,2026-07-18,너무 감동적이었습니다,11,2,2026-07-18,2026-07,2026,7,18,Saturday,True,positive,0.8228994113544211,-0.36836227561536805,-0.2718441754530265,-0.16438848085317276,0.013819668729951207,-0.04600207439063286,0.019122296643822687,-0.08058821161971663,-0.04693059408501719,0.054667790957708996
10,인형놀이 하며 놀았던 추억이 디지털로 바뀌어갔다는게 새삼 와닿았어요. 개인적으론 슬프기도 했네요ㅠ,2026.07.18,10,2026-07-18,인형놀이 하며 놀았던 추억이 디지털로 바뀌어갔다는게 새삼 와닿았어요 개인적으론 슬프기도 했네요ㅠ,53,11,2026-07-18,2026-07,2026,7,18,Saturday,True,positive,0.01301640109243417,-0.004258967851903684,0.017231125928780067,-0.00324419445264757,0.008650310849856053,-0.005350595397336543,0.024679194036222242,0.00964425859903377,-0.014701818973131262,0.0022515176841870375
8,현 시대 어린이들의 삶과 고뇌가 잘 어울어진 작품,2026.07.18,8,2026-07-18,현 시대 어린이들의 삶과 고뇌가 잘 어울어진 작품,27,8,2026-07-18,2026-07,2026,7,18,Saturday,True,positive,8.921950718226215e-05,2.9729072965610544e-06,0.00042839543070151,3.260117150818337e-05,0.000638694212713271,-0.00016333134445945153,0.0010697818318246809,0.0005523999008560047,-0.00035277399034827254,-0.0006794798019045092
10,슬프다는 평을 듣고 갔는데 완전 코미디,2026.07.18,10,2026-07-18,슬프다는 평을 듣고 갔는데 완전 코미디,21,6,2026-07-18,2026-07,2026,7,18,Saturday,True,positive,0.04560325336414275,-0.022153793906152422,-0.02233614367343956,-0.014522655927799454,0.0037987823900600434,-0.005041786022503374,0.0011511859180219897,-0.012091579964060056,-0.013177551049572224,0.010618528636673934
10,동심으로 돌아간 느낌이었어요,2026.07.18,10,2026-07-18,동심으로 돌아간 느낌이었어요,15,3,2026-07-18,2026-07,2026,7,18,Saturday,True,positive,0.008443874137954357,0.0019753872458659915,-0.002172263853239778,0.07497131902335732,-0.0026252458481103302,-0.014829734431411617,0.008260217560560305,0.05217915024127196,-0.026638252466085748,-0.058534159410268946
10,"영화 퀄리티에 감탄했어요. 뒷자리 꼬마 관객, 좌석을 손으로 당기고, 수 초에 한 번씩 발로 차고 해서 다소 거슬렸지만, 발이 잘 안 닿아 불편하겠거니 하고 참았습니다.",2026.07.18,10,2026-07-18,영화 퀄리티에 감탄했어요 뒷자리 꼬마 관객 좌석을 손으로 당기고 수 초에 한 번씩 발로 차고 해서 다소 거슬렸지만 발이 잘 안 닿아 불편하겠거니 하고 참았습니다,89,25,2026-07-18,2026-07,2026,7,18,Saturday,True,positive,0.037103247554395334,0.010689316106869028,0.14272546023980182,0.016729403120088505,0.34980528996613985,-0.06419435111192105,-0.0232335751574518,-0.01398751833361783,-0.010677344540716385,0.025033145098670547
10,이번시즌은 정말 시나리오를 위해 노력한게 보일정도로 감동 그 자체 😭😭😭,2026.07.18,10,2026-07-18,이번시즌은 정말 시나리오를 위해 노력한게 보일정도로 감동 그 자체,36,9,2026-07-18,2026-07,2026,7,18,Saturday,True,positive,0.026989900091357565,-0.005225826419245516,0.08016866075175812,0.005180348982452512,0.05328070336410183,0.014949521327356123,0.06731605760647963,0.09510478168110924,-0.023467564188779773,0.004186745640473919
10,진짜 오랜만에 재밌는 영화였어요 전달하려는 메시지도 좋고 연출 스토리 다 좋았어요,2026.07.18,10,2026-07-18,진짜 오랜만에 재밌는 영화였어요 전달하려는 메시지도 좋고 연출 스토리 다 좋았어요,45,11,2026-07-18,2026-07,2026,7,18,Saturday,True,positive,0.051564119857649617,0.00283184592154393,0.030509744489337704,0.019920508767507943,0.034732837597359525,0.009740212734153004,0.03858083903731155,0.05562069270107143,-0.015435669661699439,0.005118115640233825
10,다시금 나의 동심을 불러 일으켜준 영화,2026.07.18,10,2026-07-18,다시금 나의 동심을 불러 일으켜준 영화,21,6,2026-07-18,2026-07,2026,7,18,Saturday,True,positive,0.041547752272892764,0.017660754479068154,0.17874621763932683,0.0246396081668545,0.44790942976944853,-0.07387551101369483,-0.05617515109144367,-0.034612488867801695,-0.013263553138416938,0.08546838994958665
6,기대보다는 별로였네요 ㅠㅠ 너무 기대했나봅니다,2026.07.18,6,2026-07-18,기대보다는 별로였네요 ㅠㅠ 너무 기대했나봅니다,25,5,2026-07-18,2026-07,2026,7,18,Saturday,True,neutral,0.8228994113544211,-0.36836227561536805,-0.2718441754530265,-0.16438848085317276,0.013819668729951207,-0.04600207439063286,0.019122296643822687,-0.08058821161971663,-0.04693059408501719,0.054667790957708996
10,토이스토리는 영원해♡,2026.07.18,10,2026-07-18,토이스토리는 영원해,10,2,2026-07-18,2026-07,2026,7,18,Saturday,True,positive,0.07416061263100619,0.02192888446850502,0.06505547851670672,0.05915782501649798,0.10749966003747466,0.8892586438983948,0.0001755972545816242,-0.006758584616214709,-0.003123934076381174,-0.21629162204852964
10,오랜만에 온 가족이 옛추억을 되새기며 재밌게.봤습니다.,2026.07.18,10,2026-07-18,오랜만에 온 가족이 옛추억을 되새기며 재밌게봤습니다,28,6,2026-07-18,2026-07,2026,7,18,Saturday,True,positive,0.01451218053588764,0.02145514194817439,0.002570898916015549,0.013840806997608784,0.002813593108985473,-0.006364825462684328,-0.003485843407868919,0.019656851056504124,-0.010589546478584221,-0.03525518488592803
8,스토리의 주제는 예전 작과 유사했으나 아이들이 점점 장난감과 함께 꿈꾸는 시대가 가고 디지털에 익숙한 세상에 살고 있다는 점에서 씁쓸한 기분이 들었다,2026.07.18,8,2026-07-18,스토리의 주제는 예전 작과 유사했으나 아이들이 점점 장난감과 함께 꿈꾸는 시대가 가고 디지털에 익숙한 세상에 살고 있다는 점에서 씁쓸한 기분이 들었다,83,21,2026-07-18,2026-07,2026,7,18,Saturday,True,positive,0.03319537547738477,-0.004040373926157871,0.06594228907851128,-0.006807507427721908,0.013378378913218239,-0.014017865424496768,0.15119664370139904,0.004835857014058515,0.013618166969320684,-0.1512944710192169
7,"AI의 폐해 그러나 아날로그의 감성이 승 리한다
역시 아날로그다 인간미는ᆢ",2026.07.18,7,2026-07-18,AI의 폐해 그러나 아날로그의 감성이 승 리한다 역시 아날로그다 인간미는ᆢ,41,10,2026-07-18,2026-07,2026,7,18,Saturday,True,positive,0.07423300481887557,0.13942387646732748,-0.008929438630153256,0.08978045996529263,0.010130161032293304,0.18659029124380483,0.12232467082709243,-0.06499987824711895,0.011347928477460315,0.39504437621859356
8,전작들에 비해서는 아쉽지만 토이스토리 특유의 순수하고 잔잔한 감성이 좋다,2026.07.18,8,2026-07-18,전작들에 비해서는 아쉽지만 토이스토리 특유의 순수하고 잔잔한 감성이 좋다,40,9,2026-07-18,2026-07,2026,7,18,Saturday,True,positive,0.10724222166423147,0.25509259788662186,-0.015527173305356922,-0.037459998623779474,-0.017131508848174916,-0.02311983933224106,-0.00181317999374906,0.008725528126113066,-0.009485795178245313,-0.014623676183124764
10,아이들이랑 관람했는데 너무 재미있게 봤어요,2026.07.18,10,2026-07-18,아이들이랑 관람했는데 너무 재미있게 봤어요,23,5,2026-07-18,2026-07,2026,7,18,Saturday,True,positive,0.4332446926954496,-0.18192748723935748,0.4075960406916282,-0.08574941597662161,-0.2678753646048995,-0.049101547777633536,0.07977705107472868,-0.12365197999731672,-0.006260366997771147,0.14240494578677299
10,또 보고 싶어요 귀요미!!,2026.07.18,10,2026-07-18,또 보고 싶어요 귀요미,12,4,2026-07-18,2026-07,2026,7,18,Saturday,True,positive,0.020908039926411947,-0.003313391955680971,0.03922839949695796,-0.005211484494177995,-0.01044481838426001,-0.007456427843115376,0.009935929509846295,0.0037703140412754872,-0.008001376938784336,0.012027845560072848
10,오랜만에 토이스토리 시리즈 보는데 재밌어요,2026.07.18,10,2026-07-18,오랜만에 토이스토리 시리즈 보는데 재밌어요,23,5,2026-07-18,2026-07,2026,7,18,Saturday,True,positive,0.2057337530321422,0.33703075505486846,-0.03146618127951715,0.35403574145312555,-0.041018257996532234,-0.09116240018132811,-0.024356124227346773,0.03166201162836695,-0.004150204268147306,-0.12141572671566915
10,아이들이 재밌다고 좋아하네요^^,2026.07.18,10,2026-07-18,아이들이 재밌다고 좋아하네요,15,3,2026-07-18,2026-07,2026,7,18,Saturday,True,positive,0.048687428904837224,-0.018380666642303502,0.0897171282651752,-0.014316496515790507,0.01535927057586313,-0.02504933858367435,0.26779919874040914,-0.02687757865973291,-0.0016482212504133722,-0.2728352926957539
10,"아이와 함께 봤는데, 아이도 재밌다고 하고 가족영화로 추천합니다",2026.07.18,10,2026-07-18,아이와 함께 봤는데 아이도 재밌다고 하고 가족영화로 추천합니다,34,8,2026-07-18,2026-07,2026,7,18,Saturday,True,positive,0.04726961550394701,-0.015233851100648581,0.07926848442501046,-0.006716468665416478,0.0006263881163458461,0.004262412522752312,-0.10081040955403824,0.3142797483566184,-0.16742953165704763,-0.013125834861662489
8,첫째가 봤는데 아무런 얘기가 없응,2026.07.18,8,2026-07-18,첫째가 봤는데 아무런 얘기가 없응,18,5,2026-07-18,2026-07,2026,7,18,Saturday,True,positive,0.044023837301209436,-0.013480589539332044,0.07770717762288847,-0.007201463592587873,0.0005915893460359818,0.018760421523331416,-0.1783106218079204,0.5981172573640692,-0.3980856328924498,-0.003228573394166322
8,장난감들의 삶을 보여주는 영화,2026.07.18,8,2026-07-18,장난감들의 삶을 보여주는 영화,16,4,2026-07-18,2026-07,2026,7,18,Saturday,True,positive,0.04668138098478919,0.012006147969282415,0.16450835324075086,0.04885975607337389,0.42298469609585376,-0.08631136135303764,-0.028215522205340165,-0.04684180377836068,0.009413593199077114,0.04022146686621109
10,감동...이 밀려와요. 아름다운 이야기였어요... 토이스토리에는 감동이 있다.,2026.07.18,10,2026-07-18,감동이 밀려와요 아름다운 이야기였어요 토이스토리에는 감동이 있다,35,7,2026-07-18,2026-07,2026,7,18,Saturday,True,positive,0.011518668785327844,0.015609266029484908,0.025923040348659544,-0.00175672386349447,0.046521220359274126,-0.007639321777047393,-0.028243533250615786,0.11548986291462067,-0.10094068210471882,-0.016202897381055542
10,"역시 디즈니,,, 동심을 다시 친구랑 찾앗어요 짱짱 맨 6도 나와랏",2026.07.18,10,2026-07-18,역시 디즈니 동심을 다시 친구랑 찾앗어요 짱짱 맨 6도 나와랏,34,10,2026-07-18,2026-07,2026,7,18,Saturday,True,positive,0.06563505858487881,0.1193838305999918,0.028782307691470416,0.06107296859635621,0.08520002547832026,0.10801483352653155,0.05788121426824934,-0.02434703058823271,-0.020708992801873466,0.30799498226445743
10,손녀와 같이 두번이나 보았습니다. 전자기기에 밀려 장난감이 홀대받는 시대상에 울림이 있었습니다,2026.07.18,10,2026-07-18,손녀와 같이 두번이나 보았습니다 전자기기에 밀려 장난감이 홀대받는 시대상에 울림이 있었습니다,51,11,2026-07-18,2026-07,2026,7,18,Saturday,True,positive,0.019358817044238176,-0.007281245623495885,0.024701066428732734,-0.0032544035969155278,-0.008348895190167988,0.02031159278222402,-0.011436746346474524,0.022995931221407206,-0.02015632089191307,0.006398659717781837
10,"초4 아들이 보고싶다고해서 기대없이 봤다가 넘 재밌게 봤네요 ㅎ 스토리도 좋고, 중1 아들이랑 아빠도 꼭 보라고 등떠밀었습니다~ 자녀들이랑 함께 보세요~^^",2026.07.18,10,2026-07-18,초4 아들이 보고싶다고해서 기대없이 봤다가 넘 재밌게 봤네요 ㅎ 스토리도 좋고 중1 아들이랑 아빠도 꼭 보라고 등떠밀었습니다 자녀들이랑 함께 보세요,82,20,2026-07-18,2026-07,2026,7,18,Saturday,True,positive,0.06430292306765309,-0.017783278953785762,0.1154062983241115,0.024082261556000805,-0.0373793979126561,0.01502843028587217,-0.1544125518104628,0.10420912573875339,-0.011685909483232438,-0.027953860790670873
10,"토이스토리 월드에 끝이란 없다. 언제봐도 즐겁고, 언제봐도 신나고, 언제봐듀 새로운..우리의 토이스토리!! 고마워, 다시 돌아와줘서...",2026.07.18,10,2026-07-18,토이스토리 월드에 끝이란 없다 언제봐도 즐겁고 언제봐도 신나고 언제봐듀 새로운우리의 토이스토리 고마워 다시 돌아와줘서,65,14,2026-07-18,2026-07,2026,7,18,Saturday,True,positive,0.19565284092335994,0.5045354409867268,-0.021227502724983575,-0.07433056616025735,-0.03669106363726272,-0.06632179925690962,-0.01929428129521768,0.020781154567255707,-0.010998678711831397,-0.0661699183497087
10,특히 아이들이 재미있어하네요. 같이본 저도 재미있게 봤어요.,2026.07.18,10,2026-07-18,특히 아이들이 재미있어하네요 같이본 저도 재미있게 봤어요,31,7,2026-07-18,2026-07,2026,7,18,Saturday,True,positive,0.13028792504530293,-0.04514106683573087,0.4533857002007323,-0.0272198792367901,-0.18976028916803375,-0.03329207942924571,0.2614617583352539,-0.04676323141490615,0.042791992701585096,-0.1237040404994873
10,재미지다 토이스토리 파이브!,2026.07.18,10,2026-07-18,재미지다 토이스토리 파이브,14,3,2026-07-18,2026-07,2026,7,18,Saturday,True,positive,0.33732577713492595,0.8795280742185421,-0.0515978917349914,-0.13070035899103485,-0.06759094952929748,-0.11271092887562847,-0.04919324480405508,0.009415967709717499,0.013155141411711034,-0.14218149795005247
10,이전 시리즈 못보고 봤는데 아이도 저도 재밌었어요,2026.07.18,10,2026-07-18,이전 시리즈 못보고 봤는데 아이도 저도 재밌었어요,27,7,2026-07-18,2026-07,2026,7,18,Saturday,True,positive,0.08158325721606059,0.014863488703633835,0.06737272570410192,0.001787740871865526,0.0125272886723064,0.026529837430311124,-0.10401686434001808,0.3322374411607796,-0.17225644507404628,-0.059722556314162435
10,아이들과 다같이 봤는데 재밌었어요ㅎㅎ,2026.07.18,10,2026-07-18,아이들과 다같이 봤는데 재밌었어요ㅎㅎ,20,4,2026-07-18,2026-07,2026,7,18,Saturday,True,positive,0.05150003770451119,-0.016720232475147853,0.10225443404893962,-0.008730291852899186,-0.020840533742551855,0.011373644698309078,-0.10965328095724163,0.6138981293004435,-0.42870837001805434,0.059270251860740746
10,진짜 감동 그자체였습니다,2026.07.18,10,2026-07-18,진짜 감동 그자체였습니다,13,3,2026-07-18,2026-07,2026,7,18,Saturday,True,positive,0.02792830957188071,-0.005833189079371247,0.02775395203024684,0.0015433448504258594,0.07448858367791861,0.03673410848020616,0.027969691341320522,0.015615085490017744,-0.0024848908559783824,0.005236750158546939
10,"스토리가 좋았어요.
아이와 함께 보기 너무 좋았어요",2026.07.18,10,2026-07-18,스토리가 좋았어요 아이와 함께 보기 너무 좋았어요,27,7,2026-07-18,2026-07,2026,7,18,Saturday,True,positive,0.2562632662618879,-0.11083830395968158,-0.04589225320396926,-0.04492186888439679,0.012018265907432057,-0.006033036414063325,0.021581069790096455,0.29165942693755914,0.22456422254691588,0.058385817131224885
10,딸과 친구들이 완전 재밋다네요^^,2026.07.18,10,2026-07-18,딸과 친구들이 완전 재밋다네요,16,4,2026-07-18,2026-07,2026,7,18,Saturday,True,positive,0.04873933807415875,-0.022514660834238837,-0.0204209990988936,-0.014013192985784257,0.009067679895467773,-0.0037631789590280955,0.008658338837135859,-0.016903835516123098,-0.009990461771636271,0.02394896326219025
10,애들이 잘보고 재미있어요,2026.07.18,10,2026-07-18,애들이 잘보고 재미있어요,13,3,2026-07-18,2026-07,2026,7,18,Saturday,True,positive,0.030188730922360157,0.00015532784136983911,0.0011533653828479274,-0.008984887975330567,0.0027085828578448127,-0.0025894382203205785,0.025643485254279622,0.02865790691686875,-0.01580578306207711,-0.010887497790661503
10,아이들이 너무 재밌게 봤다고 해요.,2026.07.18,10,2026-07-18,아이들이 너무 재밌게 봤다고 해요,18,5,2026-07-18,2026-07,2026,7,18,Saturday,True,positive,0.34789954345945007,-0.15106495283030835,0.1074936283648688,-0.06694454877119703,-0.023622273747942808,-0.008952651720814702,0.03914716611094157,-0.07531885753006783,0.04652669211825366,-0.2720532631929405
10,토이스토리 전편 시리즈 보다 훨씬 더 재밌는 거 같아요 요즘 시대에 딱 맞게 전자기기가 나와서 친구 사귀는 게 어려웠다가 놀이로 친구 다시 친구 생겨서 감동을 받았습니다,2026.07.18,10,2026-07-18,토이스토리 전편 시리즈 보다 훨씬 더 재밌는 거 같아요 요즘 시대에 딱 맞게 전자기기가 나와서 친구 사귀는 게 어려웠다가 놀이로 친구 다시 친구 생겨서 감동을 받았습니다,94,26,2026-07-18,2026-07,2026,7,18,Saturday,True,positive,0.0801886555498402,0.16373033004852533,0.03079451094486057,-0.0017821173541198324,0.02484845015311219,-0.014064969759767208,0.01296225383787343,0.0337938693266913,-0.012631822447914222,-0.05654424186103383
10,감동적인 스토리예요 아이랑 재밌게 봤어요,2026.07.18,10,2026-07-18,감동적인 스토리예요 아이랑 재밌게 봤어요,22,5,2026-07-18,2026-07,2026,7,18,Saturday,True,positive,0.15426132833327838,-0.052427122243632614,0.4524201821802088,0.02614275050998832,-0.17327453349591704,0.02226134658084149,-0.4348978657186864,-0.12517478763814757,0.18546152747861935,-0.06048707029960613
10,시대성을 반영하는 명작이네요,2026.07.18,10,2026-07-18,시대성을 반영하는 명작이네요,15,3,2026-07-18,2026-07,2026,7,18,Saturday,True,positive,-0.0,-0.0,-0.0,0.0,0.0,0.0,-0.0,0.0,0.0,0.0
10,아이와 처음 봤는데 집중하고 너무 잘 봤어여♥,2026.07.18,10,2026-07-18,아이와 처음 봤는데 집중하고 너무 잘 봤어여,24,7,2026-07-18,2026-07,2026,7,18,Saturday,True,positive,0.3318568502847486,-0.14519378665868193,-0.03585899286781789,-0.0674877128442894,-0.0042221276184309636,-0.00521547923405931,-0.13785505226452713,0.31554675128682547,-0.2210181521241629,0.014348354355807807
10,아이들이 매우 만족하였어요,2026.07.18,10,2026-07-18,아이들이 매우 만족하였어요,14,3,2026-07-18,2026-07,2026,7,18,Saturday,True,positive,0.04381646067503717,-0.015667348395110296,0.11817379663087116,-0.01216356100275897,0.020046882406857584,-0.02932174546956392,0.34045911964176667,-0.048446291185648166,0.012456068517339545,-0.3408352890340816
9,"픽사가 애정을 가지고 공들여 만든 느낌! 현 시대의 장난감이 겪는 이야기를 유쾌하게 풀어냄. 현재의 이상적인 주인 덕에 살아남고 과거의 추억으로 가치를 찾지만, 앞으로는?",2026.07.18,9,2026-07-18,픽사가 애정을 가지고 공들여 만든 느낌 현 시대의 장난감이 겪는 이야기를 유쾌하게 풀어냄 현재의 이상적인 주인 덕에 살아남고 과거의 추억으로 가치를 찾지만 앞으로는,91,23,2026-07-18,2026-07,2026,7,18,Saturday,True,positive,0.0035145380999630394,0.0045421758270394585,0.003487954613682393,0.001328189074096008,0.0009346593497721931,-0.0016879992367344243,0.008305867908259332,0.008806737171350429,-0.004970527529623171,-0.015199641065011383
5,기대한것 보다 별로였어요,2026.07.18,5,2026-07-18,기대한것 보다 별로였어요,13,3,2026-07-18,2026-07,2026,7,18,Saturday,True,negative,0.0016390980362833232,0.0037179343823436767,0.0009083402564956345,-5.4693514370762204e-05,0.0008226400532492087,-0.0005356020684721303,0.0006661047734212239,0.0018121425549468347,-0.000696646333915405,-0.0032282518947905556
10,다시 10년 기다리면 6 나오는건가..죽기전에 몸 성할때 10까지 볼수만 있다면..,2026.07.18,10,2026-07-18,다시 10년 기다리면 6 나오는건가죽기전에 몸 성할때 10까지 볼수만 있다면,42,10,2026-07-18,2026-07,2026,7,18,Saturday,True,positive,0.015472285183550899,0.030771779000283224,0.008493664902184485,0.0022644006869639204,0.010808056567411807,0.0008000523847532103,0.005976091265317487,0.0323288700041635,-0.03632576566960576,0.044371096575608476
10,재미도 있고 감동도 있어요^^,2026.07.18,10,2026-07-18,재미도 있고 감동도 있어요,14,4,2026-07-18,2026-07,2026,7,18,Saturday,True,positive,0.010783035916977329,0.0018781750726811239,0.013319183071122218,-0.00027623025868783643,-0.003559885934344319,-0.003033103446140534,-0.011108504495530736,0.030586247917637532,-0.00905559880489166,-0.0034131101744103213
7,태블릿에 대한 마지막 항변을 위한 계몽을 이런 식으로...,2026.07.18,7,2026-07-18,태블릿에 대한 마지막 항변을 위한 계몽을 이런 식으로,29,8,2026-07-18,2026-07,2026,7,18,Saturday,True,positive,0.0033101524312364105,0.002971438426722827,0.007242105912190729,0.0004178111908772391,0.011012727370929929,0.005151213438064102,0.003677842234582506,0.006435955646203468,-0.007161146091852388,0.005747842252867605
10,너무 감동적 입니다..,2026.07.18,10,2026-07-18,너무 감동적 입니다,10,3,2026-07-18,2026-07,2026,7,18,Saturday,True,positive,0.44204262026971103,-0.16463550427777152,-0.14177200712758126,-0.08600763402413954,0.02387259403531724,-0.01831491643051032,0.019527892167291946,-0.05437721737611054,-0.02662880041074916,0.07554081093571201
10,제시가 주인공인게 전혀 어색하지 않음. 최고다,2026.07.18,10,2026-07-18,제시가 주인공인게 전혀 어색하지 않음 최고다,24,6,2026-07-18,2026-07,2026,7,18,Saturday,True,positive,0.0005945308237109452,0.0010737252107160004,0.000725307154367673,-0.00016623668676948901,0.0005689831515467835,0.0008079855798292976,0.0019346691022194943,-0.0003226646963836501,4.395671510065608e-05,-0.005848610987403764
10,어릴때 생각나서 신나고 재미있었어요,2026.07.18,10,2026-07-18,어릴때 생각나서 신나고 재미있었어요,19,4,2026-07-18,2026-07,2026,7,18,Saturday,True,positive,0.008250715253197066,0.01484913612990653,0.010326670888660565,-0.0027566582922650363,-0.005748325641528153,-0.0031045589072126846,0.008380811562388792,0.040007022812300695,-0.021189428311800637,0.003419077359597806
10,"재밋어요
 추천합니다",2026.07.18,10,2026-07-18,재밋어요 추천합니다,10,2,2026-07-18,2026-07,2026,7,18,Saturday,True,positive,0.004587633336234373,-0.0007442507844524895,0.018432841214765308,0.0023542592082068407,-0.00587079531468508,-0.0010363256045141345,0.0022801771637831073,0.06966472340162563,-0.04694751096236398,0.005820071956969373
10,시리즈마다 꼭 관람합니다,2026.07.18,10,2026-07-18,시리즈마다 꼭 관람합니다,13,3,2026-07-18,2026-07,2026,7,18,Saturday,True,positive,-0.0,-0.0,-0.0,0.0,0.0,0.0,-0.0,0.0,0.0,0.0
10,재미있고 볼거리가 아주 많습니다 최고에요,2026.07.18,10,2026-07-18,재미있고 볼거리가 아주 많습니다 최고에요,22,5,2026-07-18,2026-07,2026,7,18,Saturday,True,positive,0.004759442187092669,0.0028164602708105734,0.0011651327340309536,0.0023278896142013617,0.001100894739952783,0.008171289267628532,0.013565731992101903,0.0003426938247428852,-0.002816133544295631,0.023700950797301275
10,"더빙,자막..다 재밌어요.",2026.07.18,10,2026-07-18,더빙자막다 재밌어요,10,2,2026-07-18,2026-07,2026,7,18,Saturday,True,positive,0.17041727328524756,0.013802936061318343,-0.06441722436455244,0.9302977431071253,-0.0739137516623888,-0.12517830040109892,0.019252361416757537,0.008686731782494263,0.005485878299176366,-0.061552106847839544
7,집증도도 떨어지고 크게 흥미롭지 않음,2026.07.18,7,2026-07-18,집증도도 떨어지고 크게 흥미롭지 않음,20,5,2026-07-18,2026-07,2026,7,18,Saturday,True,positive,0.0005081403477648107,-6.20913573550029e-05,0.0014445979114089144,-0.00016853002465999764,-0.00015499880737497134,-0.0002643404275908516,0.0017698246468692016,0.0016269597080954142,-0.001313523597980861,-0.0020407743150219126
10,아이가 너무 좋아하네요.,2026.07.18,10,2026-07-18,아이가 너무 좋아하네요,12,3,2026-07-18,2026-07,2026,7,18,Saturday,True,positive,0.37870584607908436,-0.14668260348288342,-0.12225615202173773,-0.08596210269450448,0.002277506726044226,-0.032166742594987086,0.023495414289262613,-0.056485382872137044,-0.025860236577970378,-0.0038714462118260543
10,.재미 있게 봤어요..  영상미도 굿,2026.07.18,10,2026-07-18,재미 있게 봤어요 영상미도 굿,16,5,2026-07-18,2026-07,2026,7,18,Saturday,True,positive,0.09476254879009709,-0.013714716426378393,0.27086004946058917,-0.01909924455262338,-0.13252519158576428,-0.011499926079320495,-0.10531126028525824,-0.09955552748195144,0.08295852236129533,0.00798726155883652
10,98683535353,2026.07.18,10,2026-07-18,98683535353,11,1,2026-07-18,2026-07,2026,7,18,Saturday,True,positive,-0.0,-0.0,-0.0,0.0,0.0,0.0,-0.0,0.0,0.0,0.0
10,제시와 에밀리의 스토리가 최고,2026.07.18,10,2026-07-18,제시와 에밀리의 스토리가 최고,16,4,2026-07-18,2026-07,2026,7,18,Saturday,True,positive,0.034330209168615816,0.0025925486057473816,-0.006447978917736368,-0.013400712984220466,0.008186265068533326,-0.0021840193069170353,0.08721845923594297,0.36066809744104555,0.5071859525446839,0.02727347745853272
10,너무너뮤너뮤재밋어요,2026.07.18,10,2026-07-18,너무너뮤너뮤재밋어요,10,1,2026-07-18,2026-07,2026,7,18,Saturday,True,positive,-0.0,-0.0,-0.0,0.0,0.0,0.0,-0.0,0.0,0.0,0.0
10,버즈키스신개충격영화개꿀잼!,2026.07.18,10,2026-07-18,버즈키스신개충격영화개꿀잼,13,1,2026-07-18,2026-07,2026,7,18,Saturday,True,positive,-0.0,-0.0,-0.0,0.0,0.0,0.0,-0.0,0.0,0.0,0.0
10,여전히 재미있네요~,2026.07.18,10,2026-07-18,여전히 재미있네요,9,2,2026-07-18,2026-07,2026,7,18,Saturday,True,positive,0.062384853263875654,-0.019413251768843693,-0.022490838504310422,0.08583755256786385,0.009159061044820192,0.05529235478789821,0.031655828512055804,0.019370888844120474,-0.14509101453938048,-0.2337335901159643
10,추억 여행에 현 세태에 대한 풍자 한 스푼,2026.07.18,10,2026-07-18,추억 여행에 현 세태에 대한 풍자 한 스푼,23,8,2026-07-18,2026-07,2026,7,18,Saturday,True,positive,0.0022806877180751002,0.003473294184403288,0.004723204174426653,5.9124657769087155e-05,0.007712444303400108,-0.0019010849302265695,0.0016223692289560982,0.0047463655852181446,-0.005503643804908266,0.0025942653538819503
10,가슴 따뜻한 영화 입니다,2026.07.18,10,2026-07-18,가슴 따뜻한 영화 입니다,13,4,2026-07-18,2026-07,2026,7,18,Saturday,True,positive,0.05176645580237635,0.021180346736232668,0.11116229773609146,0.012945171628991762,0.2986626663879153,-0.04937276980746856,-0.01720495806025748,-0.014641109371378452,-0.01771853612335661,0.05714987901330359
10,아이랑 정말 너무너무 재밌게봣어요~,2026.07.18,10,2026-07-18,아이랑 정말 너무너무 재밌게봣어요,18,4,2026-07-18,2026-07,2026,7,18,Saturday,True,positive,0.06445625891114069,-0.012734196706220922,0.19609264944353555,0.12387968883649288,-0.033170383831021576,-0.0030811988118252306,-0.17179496349262696,0.06388120032056789,0.04745393920547297,-0.0956039068999744
10,행복한 내영이였어여,2026.07.18,10,2026-07-18,행복한 내영이였어여,10,2,2026-07-18,2026-07,2026,7,18,Saturday,True,positive,-0.0,-0.0,-0.0,0.0,0.0,0.0,-0.0,0.0,0.0,0.0
10,미디어를 너무 좋아하는 딸아이랑 재밌게 함께 보고 이야기 나눌 수 있는 좋은 시간이였어요,2026.07.17,10,2026-07-17,미디어를 너무 좋아하는 딸아이랑 재밌게 함께 보고 이야기 나눌 수 있는 좋은 시간이였어요,49,13,2026-07-17,2026-07,2026,7,17,Friday,False,positive,0.31080993615481284,-0.10580057081215039,0.08155257255185354,-0.04568062340369194,0.019661366623454194,-0.006860730044034551,-0.14862453366677666,0.06684159494217068,0.028691703245347273,-0.03746886051270514
5,"현실과 맞닿아 있는 소재를 가지고 스토리를
만든게 좀 더 공감이 가서
좋앗어요",2026.07.17,5,2026-07-17,현실과 맞닿아 있는 소재를 가지고 스토리를 만든게 좀 더 공감이 가서 좋앗어요,43,12,2026-07-17,2026-07,2026,7,17,Friday,False,negative,0.021689842218845762,0.003646768579955789,0.03970200995353451,-0.0007296167206563661,0.031901285558285405,-0.010792661250651928,0.039685797150902945,0.03174660538720586,-0.04570176378847758,-0.03793470294476314
10,중간중간 웃음포인트도 있고 재미있었어요!! 아이들과 힘께 보기 좋은 영화입니다.,2026.07.17,10,2026-07-17,중간중간 웃음포인트도 있고 재미있었어요 아이들과 힘께 보기 좋은 영화입니다,41,9,2026-07-17,2026-07,2026,7,17,Friday,False,positive,0.029460442754469695,-0.003392189925492784,0.042609625394153375,0.021166220462414384,0.021381627896129587,-0.00858614679859965,0.03536799669260324,0.23029839504901892,0.000514721187460508,0.036971791047259624
9,태블릿 vs 장난감을  통합했다.,2026.07.17,9,2026-07-17,태블릿 vs 장난감을 통합했다,16,4,2026-07-17,2026-07,2026,7,17,Friday,False,positive,0.0029020237146145456,0.001208670140872801,0.006143509413925235,0.0013580095374598339,0.0017798426790018838,-0.0005600606462662877,0.02213490270912504,0.008040071004360315,-0.0008707183874259489,-0.030157188858097695
10,가족들과 좋은 관람했습니다^^,2026.07.17,10,2026-07-17,가족들과 좋은 관람했습니다,14,3,2026-07-17,2026-07,2026,7,17,Friday,False,positive,0.015832800390929744,-0.00342827618064874,0.041282907835870096,0.010877844125803721,0.0316043185976335,-0.011322180951420499,0.03474340786830288,0.1093800585698521,0.014013570532743942,0.024721476045766237
10,기대보다 완전 이상. 너무 감동적임,2026.07.17,10,2026-07-17,기대보다 완전 이상 너무 감동적임,18,5,2026-07-17,2026-07,2026,7,17,Friday,False,positive,0.4712683314200902,-0.2138838752021468,-0.16483589973941315,-0.10057020363073943,0.009386312915456682,-0.029464305957721516,0.013998558251395914,-0.058257114466025814,-0.035093479329914856,0.042458378955294376
7,만화가 좀 예전 느낌이 났어요,2026.07.17,7,2026-07-17,만화가 좀 예전 느낌이 났어요,16,5,2026-07-17,2026-07,2026,7,17,Friday,False,positive,0.004618649739483866,0.010421490734018433,0.0018719462051830567,-0.0024896694558904247,-0.0004695737444632884,-0.0030659443830883338,0.00949749185405724,0.0009754456792263133,0.0012144230332732163,-0.01687096637445638
10,추억돋네ㅋ 인형들의 모험. 즐겁다,2026.07.17,10,2026-07-17,추억돋네ㅋ 인형들의 모험 즐겁다,17,4,2026-07-17,2026-07,2026,7,17,Friday,False,positive,0.0045966642765785035,0.01228516944600546,-0.0003715866884761385,-0.0023807226065769233,-0.0005443833252342076,-0.0012345100644416127,-0.0021575584545325058,0.0027297772223184723,-0.002136425285627551,-0.007323111631875155
10,역시 어른들의 애니메이션이네요ㅋㅋ 저는 막차를 탔지만 n회차인 분들도 꽤 있었어요~ 재밌었어요!,2026.07.17,10,2026-07-17,역시 어른들의 애니메이션이네요ㅋㅋ 저는 막차를 탔지만 n회차인 분들도 꽤 있었어요 재밌었어요,51,11,2026-07-17,2026-07,2026,7,17,Friday,False,positive,0.1104438947466646,0.08377634903589429,-0.005816081490181588,0.05421816080606642,0.05006162874784501,0.12769856300961444,0.04371590097472524,-0.009492636839593945,-0.041297503416348004,0.23537002450855096
10,영화관 관리가 최악이네요.,2026.07.17,10,2026-07-17,영화관 관리가 최악이네요,13,3,2026-07-17,2026-07,2026,7,17,Friday,False,positive,-0.0,-0.0,-0.0,0.0,0.0,0.0,-0.0,0.0,0.0,0.0
10,현재를 살아가는 우리에게 진정으로 중요한 것이 무엇인지 생각하게 만드는 따뜻한 영화인 것 같다.,2026.07.17,10,2026-07-17,현재를 살아가는 우리에게 진정으로 중요한 것이 무엇인지 생각하게 만드는 따뜻한 영화인 것 같다,52,13,2026-07-17,2026-07,2026,7,17,Friday,False,positive,0.007875713100047359,0.00044244092512882847,0.02194293839038694,0.002691815246594082,0.0475069653430665,-0.011740622383007073,0.007143964894950342,0.0010664545949717504,-0.009294194706546823,0.007694345359531009
10,즐거웠습니다. 다시 보고 싶어요.,2026.07.17,10,2026-07-17,즐거웠습니다 다시 보고 싶어요,16,4,2026-07-17,2026-07,2026,7,17,Friday,False,positive,0.02586879751042121,0.012773767856299927,0.03810635641742782,-0.0033393318865294636,-0.0035084456220595495,-0.006016900250609956,0.011594222141942527,0.019666713148905644,-0.02534139554028345,0.03289590876463848
10,연출 좋고 디즈니 적성 느낌이에요 애들이 좋아할 것 같아요,2026.07.17,10,2026-07-17,연출 좋고 디즈니 적성 느낌이에요 애들이 좋아할 것 같아요,32,9,2026-07-17,2026-07,2026,7,17,Friday,False,positive,0.02549082682367619,-0.0008110362620863119,0.018454030035347797,0.014487921809500093,0.012985861067087505,-0.002864931543521971,0.03674088905231961,0.018922691163487482,-0.01682772611492875,-0.016307797254464886
10,너무너무 재밌었어요,2026.07.17,10,2026-07-17,너무너무 재밌었어요,10,2,2026-07-17,2026-07,2026,7,17,Friday,False,positive,0.09018104691650049,0.00802044349281017,0.04637924721143782,0.09454304926517032,0.02582690353854515,-0.008332760354957239,-0.18022877590574354,0.021692997975645657,0.010253390923753984,-0.12702911186427884
10,여전히 토이스토리는 삶의 진리를 잘 표현해주는 애니메이션이였다,2026.07.17,10,2026-07-17,여전히 토이스토리는 삶의 진리를 잘 표현해주는 애니메이션이였다,34,7,2026-07-17,2026-07,2026,7,17,Friday,False,positive,0.07492054963847254,0.008010082181008366,0.019556281154728752,0.07737285849249624,0.05917257715469455,0.48337584615020446,0.017420711287287036,0.009653188899672453,-0.0890027442361221,-0.25642586829399544
8,"- 제시는 주인공값을 하고 우디는 깔끔하게 서포트로 퇴장
- 악역은 없다. 설득력은 있지만 뭔가 안일해진 스토리텔링
- 후반부 버즈 단체씬은 생각못한 명장면",2026.07.17,8,2026-07-17,제시는 주인공값을 하고 우디는 깔끔하게 서포트로 퇴장 악역은 없다 설득력은 있지만 뭔가 안일해진 스토리텔링 후반부 버즈 단체씬은 생각못한 명장면,80,19,2026-07-17,2026-07,2026,7,17,Friday,False,positive,0.011264294270514924,0.009785832748348466,0.006057921051901791,0.010144624752712076,0.012837563958135068,-0.008496693925947194,-0.006914102893472401,0.015970466479350576,-0.004764588522872913,-0.009048471969621233
10,아이들이 정말 좋아합니다^^♡♡♡,2026.07.17,10,2026-07-17,아이들이 정말 좋아합니다,13,3,2026-07-17,2026-07,2026,7,17,Friday,False,positive,0.055333398194365585,-0.018167720936785228,0.1581185989820782,-0.00765839812316915,0.01595599559655391,-0.02035200540285622,0.3340588604408888,0.05530376713338971,-0.020905670903133455,-0.2903193386190528
10,굿굿굿 최고입니다 ㅎㅎ,2026.07.17,10,2026-07-17,굿굿굿 최고입니다 ㅎㅎ,12,3,2026-07-17,2026-07,2026,7,17,Friday,False,positive,0.0017870036417034774,0.00023127257551220078,0.0016989839462855341,0.0014941882896899827,0.0036682244781404048,0.0318574857502365,0.0010059745888233908,0.00041213127145487126,-0.000978257675719418,-0.012865776116719465
8,"아이랑같이봤는데 나무아래 땅팔때 같이 울었어요ㅜㅜ 토이스토리는 영상미나 음악이
너무 좋아서 시리즈나오면 바로바로 보러오는 것같아요!",2026.07.17,8,2026-07-17,아이랑같이봤는데 나무아래 땅팔때 같이 울었어요ㅜㅜ 토이스토리는 영상미나 음악이 너무 좋아서 시리즈나오면 바로바로 보러오는 것같아요,72,14,2026-07-17,2026-07,2026,7,17,Friday,False,positive,0.3500044153091126,-0.13187623790601846,-0.07283557309791389,-0.03761862236168955,0.06014398623154962,0.41442394951458533,0.014296144469006107,0.014706790707806549,-0.00021915608369737095,-0.0783404390862076
10,시대는 변해도 친구들은 영원함,2026.07.17,10,2026-07-17,시대는 변해도 친구들은 영원함,16,4,2026-07-17,2026-07,2026,7,17,Friday,False,positive,2.5430881635610835e-18,1.8067890842585884e-17,-1.2352894625901389e-17,3.8818745736801234e-18,-7.741412659487781e-18,3.009119749225086e-17,1.8216537419389433e-17,-3.9361811225572017e-17,9.932164100565613e-18,3.881864928288815e-18
10,감동도 반성도 즐겁게 봤어요.,2026.07.17,10,2026-07-17,감동도 반성도 즐겁게 봤어요,15,4,2026-07-17,2026-07,2026,7,17,Friday,False,positive,0.09500243699780783,-0.03520522782182984,0.27512321373174936,-0.018473573772927063,-0.1436488845011292,-0.01728036741171908,-0.1041567480254087,-0.10447411186879325,0.10430718777870329,0.025492708245239394
10,잼있고 감동적이였너요!!,2026.07.17,10,2026-07-17,잼있고 감동적이였너요,11,2,2026-07-17,2026-07,2026,7,17,Friday,False,positive,-0.0,-0.0,-0.0,0.0,0.0,0.0,-0.0,0.0,0.0,0.0
10,기대없이 봤는데 정말 좋았어요!,2026.07.17,10,2026-07-17,기대없이 봤는데 정말 좋았어요,16,4,2026-07-17,2026-07,2026,7,17,Friday,False,positive,0.06417243105563969,-0.02220417511521439,0.09234662155909841,-0.006315362586911651,-0.00027646227435989634,0.013602260124941179,-0.023846458148400494,0.4204488141992281,-0.21776351049157408,0.011676405744829654
10,스토리가 너무 좋아서 과몰입,2026.07.17,10,2026-07-17,스토리가 너무 좋아서 과몰입,15,4,2026-07-17,2026-07,2026,7,17,Friday,False,positive,0.3735276712783498,-0.16789404840337513,-0.1211218952040537,-0.07925933235270737,0.018218553228622585,0.0072908911962116215,0.09160486877863826,0.2888195598964899,0.43148658583286065,0.04788184055528739
8,토이스토리는 어전히 3이 띵작,2026.07.17,8,2026-07-17,토이스토리는 어전히 3이 띵작,16,4,2026-07-17,2026-07,2026,7,17,Friday,False,positive,0.07416061263100619,0.02192888446850502,0.06505547851670672,0.05915782501649798,0.10749966003747466,0.8892586438983948,0.0001755972545816242,-0.006758584616214709,-0.003123934076381174,-0.21629162204852964
10,아이들이 진정으로 누려야 할 세상을 생각해 보게 하는 영화입니다. 스마트 기기에 빼앗긴 시선을 돌이킬 수 있는 가정이 더 많아지길 소망하며...,2026.07.17,10,2026-07-17,아이들이 진정으로 누려야 할 세상을 생각해 보게 하는 영화입니다 스마트 기기에 빼앗긴 시선을 돌이킬 수 있는 가정이 더 많아지길 소망하며,76,20,2026-07-17,2026-07,2026,7,17,Friday,False,positive,0.04065323146955107,-0.007599971570450545,0.08997019860554606,0.0015161876208948759,0.032332692288449774,-0.02295007595394688,0.20778908349019531,0.024176995392060918,-0.004872512895577903,-0.19418955183914438
10,5학년 친구들이랑 진짜 진짜재미있게 봤데용,2026.07.17,10,2026-07-17,5학년 친구들이랑 진짜 진짜재미있게 봤데용,23,5,2026-07-17,2026-07,2026,7,17,Friday,False,positive,0.022512985816658608,-0.008387694820769453,0.00024179536139170508,-0.003370406518496568,0.014061898769001501,0.032305855069908976,0.017146665107846144,0.012319573819432179,-0.012934086691063919,-0.017687985581270126
10,버즈가 날아 오를 때 내 눈에 눈물이ㅠㅠ,2026.07.17,10,2026-07-17,버즈가 날아 오를 때 내 눈에 눈물이ㅠㅠ,22,7,2026-07-17,2026-07,2026,7,17,Friday,False,positive,2.5218067803947624e-19,5.131231651051424e-19,-2.5830567331005884e-19,1.6801170265092732e-19,-1.8131002519858537e-19,7.017741323773639e-19,5.019049510967299e-19,-5.995921834650563e-19,4.996076561495756e-19,1.1738930760394422e-19
10,"어렸을때 장난감을 가지고 놀았던 시절을 떠올리면서 이번 스토리에는 엄청난 공감력이 감해져서, 아날로그와 디지털의 공존에 대한 주제를 떠올리게 하면서 감명깊게 느낀 영화였습니다.",2026.07.17,10,2026-07-17,어렸을때 장난감을 가지고 놀았던 시절을 떠올리면서 이번 스토리에는 엄청난 공감력이 감해져서 아날로그와 디지털의 공존에 대한 주제를 떠올리게 하면서 감명깊게 느낀 영화였습니다,96,21,2026-07-17,2026-07,2026,7,17,Friday,False,positive,0.006514240938330747,0.008037575708820853,0.008157045609395357,0.00022389898109325627,0.005742850508004385,-0.0030284387579502976,0.018975971638681692,0.007378462942379311,-0.006681576533285103,-0.02396223989564428
10,내가 나이를 먹었다는걸 느끼네요...ㅠㅠ,2026.07.17,10,2026-07-17,내가 나이를 먹었다는걸 느끼네요ㅠㅠ,19,4,2026-07-17,2026-07,2026,7,17,Friday,False,positive,0.0016782415550407241,-0.0004746076037973303,0.004171930510007255,-2.3977154609876528e-05,0.003108088453658161,0.0013982276741696601,-0.01218478336320708,0.012772308004753517,-0.004591525792836335,0.0009046539832707881
8,아이랑 봤는데 저는 졸렸어요 아이들은 잼닜대요 ㅎㅎ,2026.07.17,8,2026-07-17,아이랑 봤는데 저는 졸렸어요 아이들은 잼닜대요 ㅎㅎ,28,7,2026-07-17,2026-07,2026,7,17,Friday,False,positive,0.05552931469512336,-0.007036905544086617,0.0942208990537175,0.02814314764349099,-0.02617229063134799,0.021930614425226785,-0.15925344024791518,0.2322836473416245,-0.1466676600885431,0.0009808190309869224
10,추억팔이로 생각하고 보러가도 평타치는데 이번 시즌5는 스토리도 괜찮고 장난감 돼지 말 그리고 장난감을 좋아하는 대상인 아기까지 다 귀여웠음! 추천!!!,2026.07.17,10,2026-07-17,추억팔이로 생각하고 보러가도 평타치는데 이번 시즌5는 스토리도 괜찮고 장난감 돼지 말 그리고 장난감을 좋아하는 대상인 아기까지 다 귀여웠음 추천,80,19,2026-07-17,2026-07,2026,7,17,Friday,False,positive,0.01978000501159333,0.015022902928798407,0.010254196323204045,0.03150600686877619,0.004076719223078391,0.0006482405078291068,-0.0061955159602474896,0.03765022811294089,-0.020327199863760876,-0.007452553555375234
10,아이들이랑 보는게재밋습니다,2026.07.17,10,2026-07-17,아이들이랑 보는게재밋습니다,14,2,2026-07-17,2026-07,2026,7,17,Friday,False,positive,0.023890705625253677,-0.010011953602905885,0.033251335609235266,-0.006350194330483284,-0.016110641051742414,0.0023018218561889356,0.007052422059461688,-0.008618242767028467,-0.007496187803351112,0.018237183926469256
10,AI시대에도 아날로그가 여전히 살아남는 이유,2026.07.17,10,2026-07-17,AI시대에도 아날로그가 여전히 살아남는 이유,24,5,2026-07-17,2026-07,2026,7,17,Friday,False,positive,0.062384853263875654,-0.019413251768843693,-0.022490838504310422,0.08583755256786385,0.009159061044820192,0.05529235478789821,0.031655828512055804,0.019370888844120474,-0.14509101453938048,-0.2337335901159643
10,"빠른전개
지루할틈이없네요 ㅎㅎ",2026.07.17,10,2026-07-17,빠른전개 지루할틈이없네요 ㅎㅎ,16,3,2026-07-17,2026-07,2026,7,17,Friday,False,positive,-0.0,-0.0,-0.0,0.0,0.0,0.0,-0.0,0.0,0.0,0.0
10,최고에요 최고에요 최고에요 최고에요,2026.07.17,10,2026-07-17,최고에요 최고에요 최고에요 최고에요,19,4,2026-07-17,2026-07,2026,7,17,Friday,False,positive,0.00021842784722730853,0.0001435939573791851,7.716326689101769e-05,0.0001604064640088372,8.183070509296352e-05,0.000698640856589598,0.001565183311146619,4.1259187289381885e-05,-0.0003487060969556604,0.0030381187824915124
10,아이들과 재미있게 봤네요. 어릴때 토이스토리1본 기억에 추억보정!,2026.07.17,10,2026-07-17,아이들과 재미있게 봤네요 어릴때 토이스토리1본 기억에 추억보정,34,7,2026-07-17,2026-07,2026,7,17,Friday,False,positive,0.06324700670063374,-0.021203300589654247,0.27938982476880014,-0.013181528146004136,-0.14555277259064298,-0.023481991505788297,0.17176227029417393,0.18085241504891597,-0.20343876716430895,0.14953496616210216
10,너무좋다이굳굳굳굳베리,2026.07.17,10,2026-07-17,너무좋다이굳굳굳굳베리,11,1,2026-07-17,2026-07,2026,7,17,Friday,False,positive,-0.0,-0.0,-0.0,0.0,0.0,0.0,-0.0,0.0,0.0,0.0
4,이제는 그만해야될 프랜차이즈,2026.07.17,4,2026-07-17,이제는 그만해야될 프랜차이즈,15,3,2026-07-17,2026-07,2026,7,17,Friday,False,negative,0.0087590579777114,-0.0038269653774794603,0.005713420859080333,-0.0009789512387341141,-0.0010625692810987501,-0.002235410278519008,0.01262622035329954,-0.0029520320971945734,-0.007656188108846117,0.015123276835045192
10,"토이스토리 넘넘 웃기고 재미있었어요  스토리도 탄탄하고
친구와의 관계가 얼마나 중요한지도 알게되었구요  소중한 장난감도 버리지말고 추억으로 함께하는 그런 생각도 하게되었습니다",2026.07.17,10,2026-07-17,토이스토리 넘넘 웃기고 재미있었어요 스토리도 탄탄하고 친구와의 관계가 얼마나 중요한지도 알게되었구요 소중한 장난감도 버리지말고 추억으로 함께하는 그런 생각도 하게되었습니다,95,19,2026-07-17,2026-07,2026,7,17,Friday,False,positive,0.08995415365466905,0.22118205235766172,-0.0066181328269401575,-0.01675268457140641,-0.019715981818985227,-0.0292398675484197,-0.025789978490328217,0.06887359370089989,0.00426490332598704,-0.051063958560945255
6,익숙한 주인공..  스토리 역시 요즘 세대에 맞는 스토리.아이들과 가볍게 보기 좋았어요.,2026.07.17,6,2026-07-17,익숙한 주인공 스토리 역시 요즘 세대에 맞는 스토리아이들과 가볍게 보기 좋았어요,44,11,2026-07-17,2026-07,2026,7,17,Friday,False,neutral,0.07934888034067264,0.05769624628463104,0.04457538777071519,0.057218758048772134,0.03536589772943368,0.09216553965484682,0.132229599187473,0.04664012825322354,0.03245493877791089,0.22228382683112113
7,옛날 기억은 좋았는데 좀 지겨웠음 애들용,2026.07.17,7,2026-07-17,옛날 기억은 좋았는데 좀 지겨웠음 애들용,22,6,2026-07-17,2026-07,2026,7,17,Friday,False,positive,0.0003600374551030593,-2.4198743312238493e-05,0.0007894197292059775,0.0006773858503300722,0.0010274789796525141,0.003153621439052613,-0.0030242221247091315,0.004462399439532677,-0.0025955569884212122,-0.0023318494503663575
10,"내용도 의미있고 가족들과 함께 보면 좋을 영화네요.
물론 재미도 있어요.",2026.07.17,10,2026-07-17,내용도 의미있고 가족들과 함께 보면 좋을 영화네요 물론 재미도 있어요,38,10,2026-07-17,2026-07,2026,7,17,Friday,False,positive,0.01942158623400292,-0.00047735245689859785,0.0168605144626005,-0.0010317279166838652,0.018857602623042948,-0.005690265652447795,0.0064169389334625395,0.0560193299367859,-0.005725983040210016,-0.02054365193986533
8,감동적입니다ㅠㅜㅠㅜ,2026.07.17,8,2026-07-17,감동적입니다ㅠㅜㅠㅜ,10,1,2026-07-17,2026-07,2026,7,17,Friday,False,positive,-0.0,-0.0,-0.0,0.0,0.0,0.0,-0.0,0.0,0.0,0.0
10,아이들이 재미있게 봤다고 하네요,2026.07.17,10,2026-07-17,아이들이 재미있게 봤다고 하네요,17,4,2026-07-17,2026-07,2026,7,17,Friday,False,positive,0.09079510556787838,-0.033698751073111766,0.31821979468546174,-0.02391644316731813,-0.10856166740668793,-0.04535174443328525,0.4219280535953892,-0.03538831277394576,-0.06051568735670702,-0.18926200524281633
10,기대없이 봐서 그런지 넘 잼난다요 스토리 잼나요,2026.07.17,10,2026-07-17,기대없이 봐서 그런지 넘 잼난다요 스토리 잼나요,26,7,2026-07-17,2026-07,2026,7,17,Friday,False,positive,0.02163798542404549,0.008191535902663985,0.051856348542067464,-0.00010940894957037801,0.020583835762638347,0.007664510141638682,0.050946963201166234,0.05068222488187324,-0.03838610091896926,0.03163485202709837
10,"정말 재미있게 딸아랑
봤습니다 짱이에요!!",2026.07.17,10,2026-07-17,정말 재미있게 딸아랑 봤습니다 짱이에요,21,5,2026-07-17,2026-07,2026,7,17,Friday,False,positive,0.09866310071237791,-0.02010839831031748,0.422032099744102,-0.016213892108950897,-0.17038680431154518,-0.019729606017257664,0.25749684964465275,0.1757676713972818,-0.18430740590811,0.13790337212609427
10,아이들 여름방학에 보기 좋은 스토리네요,2026.07.17,10,2026-07-17,아이들 여름방학에 보기 좋은 스토리네요,21,5,2026-07-17,2026-07,2026,7,17,Friday,False,positive,0.02490587238770561,-0.00531344392086202,0.02122491817990791,0.02003226490881294,0.05336529188347548,-0.011891672945605135,0.01781597588418101,0.08989920021539448,0.049864033434031584,0.01846879717173331
10,재미있게 잘 보았습니다.,2026.07.17,10,2026-07-17,재미있게 잘 보았습니다,12,3,2026-07-17,2026-07,2026,7,17,Friday,False,positive,0.0696850821149211,-0.02511790263337204,0.34631400192225364,-0.0160586438621864,-0.1854922802587485,-0.026112114938571813,0.1792632072032049,0.011319778503564297,-0.0944629826086221,0.13315440273594728
10,토이스토리는 영원하라,2026.07.17,10,2026-07-17,토이스토리는 영원하라,11,2,2026-07-17,2026-07,2026,7,17,Friday,False,positive,0.07416061263100619,0.02192888446850502,0.06505547851670672,0.05915782501649798,0.10749966003747466,0.8892586438983948,0.0001755972545816242,-0.006758584616214709,-0.003123934076381174,-0.21629162204852964
6,토이스토리 광팬이라면 좋아하겠지만 그냥 팬이거나 추억보정으로 보는거라면 큰 감흥은 없다. 전자기기 중독? 이라는 나름 참신한? 주제를 냐세웠지만 그냥 그것뿐인 비슷한 스토리,2026.07.17,6,2026-07-17,토이스토리 광팬이라면 좋아하겠지만 그냥 팬이거나 추억보정으로 보는거라면 큰 감흥은 없다 전자기기 중독 이라는 나름 참신한 주제를 냐세웠지만 그냥 그것뿐인 비슷한 스토리,93,21,2026-07-17,2026-07,2026,7,17,Friday,False,neutral,0.10770475556218732,0.20784815661177908,0.01150694919886652,-0.03829820618228011,0.004172832171540921,-0.028528530059048048,0.03721607520774026,0.006633951468039837,-0.01573293265724615,-0.024973906116527424
10,교훈적이어서 참좋았어요~^^,2026.07.17,10,2026-07-17,교훈적이어서 참좋았어요,12,2,2026-07-17,2026-07,2026,7,17,Friday,False,positive,-0.0,-0.0,-0.0,0.0,0.0,0.0,-0.0,0.0,0.0,0.0
8,중간중간에 답답하긴했지만 넘 감동,2026.07.17,8,2026-07-17,중간중간에 답답하긴했지만 넘 감동,18,4,2026-07-17,2026-07,2026,7,17,Friday,False,positive,0.016869726954414414,0.00032676771581509665,0.03988379436896109,0.0057528973059355094,0.09303155392703119,0.019373846224251205,0.022535646471622282,0.009711780941644503,0.009918424908708166,0.026051372062310778
10,늦은 시간 영화보러 처음 갔는데 사람도 많고 토이스토리도 처음이었는데 앞에 몰라도 재밌었어요~,2026.07.17,10,2026-07-17,늦은 시간 영화보러 처음 갔는데 사람도 많고 토이스토리도 처음이었는데 앞에 몰라도 재밌었어요,51,12,2026-07-17,2026-07,2026,7,17,Friday,False,positive,0.051864665580535034,0.001916532073440856,0.0014303895517530814,-0.004890058576621749,0.03917262929397269,0.0023892227777528785,-0.036554685971861484,0.040315754957565376,-0.045714327961223385,-0.028292614038705196
10,너무 재미 있어요!!  추억이 새록새록 하네요,2026.07.17,10,2026-07-17,너무 재미 있어요 추억이 새록새록 하네요,22,6,2026-07-17,2026-07,2026,7,17,Friday,False,positive,0.26341737185439285,-0.0967588832070969,-0.04259341424050046,-0.057073607166205895,0.012833775496430102,-0.021648765391644644,0.044563611084989005,-0.0030618339852356,-0.053665919821374315,-0.010974973439191881
10,스토리도 좋고 재미도 있어요,2026.07.17,10,2026-07-17,스토리도 좋고 재미도 있어요,15,4,2026-07-17,2026-07,2026,7,17,Friday,False,positive,0.019061664080036764,0.006938534305098761,0.010121556340389169,0.04035122376077948,-0.00482463341464101,-0.00577977975947209,-0.027625618184649127,0.07860995912602697,-0.04042670059508042,-0.020506021715791502
10,태블릿에 빠져있는 아이들에게 의미있는 장난감 얘기예요,2026.07.17,10,2026-07-17,태블릿에 빠져있는 아이들에게 의미있는 장난감 얘기예요,29,6,2026-07-17,2026-07,2026,7,17,Friday,False,positive,0.0004511672344315702,0.00039475102444728723,0.000556870836571616,0.0008817636103727146,0.0006103013307630642,0.00028595605239550566,-3.134258363722083e-05,0.0022893039214625377,-0.0015477198078612366,6.0523394878762084e-05
10,언제나 잔잔한 감동이 있는 동심자극 토이스토리,2026.07.17,10,2026-07-17,언제나 잔잔한 감동이 있는 동심자극 토이스토리,25,6,2026-07-17,2026-07,2026,7,17,Friday,False,positive,0.1361944086006717,0.30235443424306546,0.028944207395584242,-0.04249908412981215,0.021910727628496572,0.00788159070306784,-0.006760020875179657,0.09496451311045155,-0.09865818148412764,-0.09514586157182021
10,존잼 힐링돼요 또 볼래요,2026.07.17,10,2026-07-17,존잼 힐링돼요 또 볼래요,13,4,2026-07-17,2026-07,2026,7,17,Friday,False,positive,-0.0,-0.0,-0.0,0.0,0.0,0.0,-0.0,0.0,0.0,0.0
10,아이들이 너무좋아합니다~,2026.07.17,10,2026-07-17,아이들이 너무좋아합니다,12,2,2026-07-17,2026-07,2026,7,17,Friday,False,positive,0.07397529334333555,-0.026342560595412276,0.19456664651076286,-0.02010579621756837,0.031360866414339,-0.047082597683947125,0.5319950672543321,-0.07596515014258867,0.019630356763332017,-0.5255254736830725
10,아이들과 같이 보기좋은 가족영화에요 잔잔한 스토리도 있고요,2026.07.17,10,2026-07-17,아이들과 같이 보기좋은 가족영화에요 잔잔한 스토리도 있고요,32,7,2026-07-17,2026-07,2026,7,17,Friday,False,positive,0.03628084347718726,0.0037609557724352202,0.035324750244478675,0.012653981589099396,-0.00866557450525677,0.01481484444791775,-0.007662702133663575,0.18635612440956198,-0.1363550920761719,0.02365031640686022
10,재밋다 재밋다 ㅜㅠㅠㅜㅠㅜ,2026.07.17,10,2026-07-17,재밋다 재밋다 ㅜㅠㅠㅜㅠㅜ,14,3,2026-07-17,2026-07,2026,7,17,Friday,False,positive,-0.0,-0.0,-0.0,0.0,0.0,0.0,-0.0,0.0,0.0,0.0
10,현대사회의 문제를 잘관통한 영화라고생각합니다,2026.07.17,10,2026-07-17,현대사회의 문제를 잘관통한 영화라고생각합니다,24,4,2026-07-17,2026-07,2026,7,17,Friday,False,positive,-0.0,-0.0,-0.0,0.0,0.0,0.0,-0.0,0.0,0.0,0.0
7,어린이도 감동했습니다,2026.07.17,7,2026-07-17,어린이도 감동했습니다,11,2,2026-07-17,2026-07,2026,7,17,Friday,False,positive,-0.0,-0.0,-0.0,0.0,0.0,0.0,-0.0,0.0,0.0,0.0
10,진짜 토이스토리는 매번 최고입니다,2026.07.17,10,2026-07-17,진짜 토이스토리는 매번 최고입니다,18,4,2026-07-17,2026-07,2026,7,17,Friday,False,positive,0.04142430980236299,0.004825845289449371,0.02729203163348393,0.023068939974177947,0.052500954739836216,0.3963965774918124,0.009275702860051142,0.003641689983628974,-0.008404826683335536,-0.10677726731869389
10,토이스토리4보다  재밌음..  토이스토리5는 약간 친구 관계와 태블릿의 무서움(?)을 알려주는 영화,2026.07.17,10,2026-07-17,토이스토리4보다 재밌음 토이스토리5는 약간 친구 관계와 태블릿의 무서움을 알려주는 영화,48,10,2026-07-17,2026-07,2026,7,17,Friday,False,positive,0.040898603546634486,0.024872585855808708,0.11843775128622094,0.01397459944566837,0.2829495445301591,-0.03695659722187955,0.009524391335588547,0.0009043166030548509,-0.026975373563665708,-0.02261605752651382
10,우디 정수리 탈모가 너무 슬프네요,2026.07.17,10,2026-07-17,우디 정수리 탈모가 너무 슬프네요,18,5,2026-07-17,2026-07,2026,7,17,Friday,False,positive,0.3301029149029911,-0.14770145299863394,-0.11189162649634606,-0.04660140178153328,0.004500334602823519,-0.02375092553538433,0.0020136120973120435,-0.03803437813596564,-0.01903619592784617,0.018505649398347916
10,성인인데두 너무 조아써여,2026.07.17,10,2026-07-17,성인인데두 너무 조아써여,13,3,2026-07-17,2026-07,2026,7,17,Friday,False,positive,0.8228994113544211,-0.36836227561536805,-0.2718441754530265,-0.16438848085317276,0.013819668729951207,-0.04600207439063286,0.019122296643822687,-0.08058821161971663,-0.04693059408501719,0.054667790957708996
10,그냥 사랑해 인형들아,2026.07.17,10,2026-07-17,그냥 사랑해 인형들아,11,3,2026-07-17,2026-07,2026,7,17,Friday,False,positive,0.020618172227783386,0.002157454640223664,-0.0053971559861433855,-0.008200010022435441,0.0033792939021105584,-0.005803381931776899,0.009699461765280575,-0.002957005140516936,-0.010034773477349358,-0.006233870466715032
10,재밌었구 토이스토리 오랜만,2026.07.17,10,2026-07-17,재밌었구 토이스토리 오랜만,14,3,2026-07-17,2026-07,2026,7,17,Friday,False,positive,0.33732577713492595,0.8795280742185421,-0.0515978917349914,-0.13070035899103485,-0.06759094952929748,-0.11271092887562847,-0.04919324480405508,0.009415967709717499,0.013155141411711034,-0.14218149795005247
10,"너무 재밌게 봤고, 시즌6이 기대되네요ㅎㅎ",2026.07.17,10,2026-07-17,너무 재밌게 봤고 시즌6이 기대되네요ㅎㅎ,22,5,2026-07-17,2026-07,2026,7,17,Friday,False,positive,0.6268045333751989,-0.27566931362375524,0.03238135743044355,-0.1122413552063311,-0.061720615969313435,0.02417915075295384,-0.39666621974019084,-0.0769798552366486,0.07854874473490793,-0.05779380734689465
8,낡은 우디 맘아프네..,2026.07.17,8,2026-07-17,낡은 우디 맘아프네,10,3,2026-07-17,2026-07,2026,7,17,Friday,False,positive,0.019059325401152932,-0.009639225919099348,-0.010110213725808816,-0.004826236829569924,0.000564328340456068,-0.002781770752759276,0.0012567296998018769,-0.007798972994916787,-0.004846176264330909,0.0042537399158115155
10,토이스토리는 언제나 옳다,2026.07.17,10,2026-07-17,토이스토리는 언제나 옳다,13,3,2026-07-17,2026-07,2026,7,17,Friday,False,positive,0.05156664309884989,0.024927648682922694,0.04412591196435532,0.03702538522728274,0.07277439755768078,0.6038272570548562,-0.000299024938210608,0.0031787852546327597,-0.010898359304734406,-0.16503998189409058
10,약간 아쉬운 연출이 있었긴 하지만 그래도 재미있었어요,2026.07.17,10,2026-07-17,약간 아쉬운 연출이 있었긴 하지만 그래도 재미있었어요,29,7,2026-07-17,2026-07,2026,7,17,Friday,False,positive,0.019198082164484674,0.01610689049851275,0.008949161566287587,-0.005581796948319788,0.006979928002545794,-0.004906778032979569,0.0017610084597168656,0.054417550242311964,-0.027574057811365026,-0.008333543779594867
8,인형에서 장난감의 유익을 찾다 신식구식 상관없이 사람을 위로하고 그들의 행복에서 자신의 삶의 보람을 찾는 인형들의 이야기? 토이스토리!,2026.07.17,8,2026-07-17,인형에서 장난감의 유익을 찾다 신식구식 상관없이 사람을 위로하고 그들의 행복에서 자신의 삶의 보람을 찾는 인형들의 이야기 토이스토리,73,17,2026-07-17,2026-07,2026,7,17,Friday,False,positive,0.11677840434959678,0.280944359100442,-0.006541790714566688,-0.04028292651374956,-0.008538980431002693,-0.016834605401677635,-0.021802801251517526,0.026435316593329414,-0.020116532123145542,-0.06660830380043936
8,1편부터 몰아보기 다시 해야지,2026.07.17,8,2026-07-17,1편부터 몰아보기 다시 해야지,16,4,2026-07-17,2026-07,2026,7,17,Friday,False,positive,0.015472285183550899,0.030771779000283224,0.008493664902184485,0.0022644006869639204,0.010808056567411807,0.0008000523847532103,0.005976091265317487,0.0323288700041635,-0.03632576566960576,0.044371096575608476
10,재미와 감동 가족모두의 영화!!!,2026.07.17,10,2026-07-17,재미와 감동 가족모두의 영화,15,4,2026-07-17,2026-07,2026,7,17,Friday,False,positive,0.059942675168434274,0.017421326218000025,0.2245901008550999,0.028976891649669895,0.5527908222208151,-0.06990509133182718,-0.011544235200702939,-0.03985082415382238,0.0116064834751206,0.0626694756857069
9,오랜만에 보니 재밌었네요 여자친구랑보니 좋아합니다,2026.07.17,9,2026-07-17,오랜만에 보니 재밌었네요 여자친구랑보니 좋아합니다,27,5,2026-07-17,2026-07,2026,7,17,Friday,False,positive,0.013127315757860776,0.01612932503306406,0.006830621851933931,0.010487097256993717,0.0015203481187697234,-0.005836331476559386,0.02482353122301869,0.01896584152083695,-0.00907719678791102,-0.05224971339160248
10,재미있어요 재미있어요,2026.07.17,10,2026-07-17,재미있어요 재미있어요,11,2,2026-07-17,2026-07,2026,7,17,Friday,False,positive,0.008599462655271365,0.01052664009747946,0.009560855859971322,-0.0034467654917884004,-0.000561319709576328,0.0006763224964475695,0.01582105250483337,0.04192257600165908,-0.013092864916735135,-0.019126583970835418
10,아이랑 재밌게 봤어요. 앞전 스토리몰라도 볼만해요,2026.07.17,10,2026-07-17,아이랑 재밌게 봤어요 앞전 스토리몰라도 볼만해요,26,6,2026-07-17,2026-07,2026,7,17,Friday,False,positive,0.1778012581837879,-0.06155847436413605,0.5252085727451147,0.03064232592255018,-0.2417488826059341,0.03446502324050528,-0.5010160096259012,-0.14246447625104697,0.2104214622090234,-0.07262214940765142
10,아들이랑 즐겁고 재미있게 관람 했어요,2026.07.17,10,2026-07-17,아들이랑 즐겁고 재미있게 관람 했어요,20,5,2026-07-17,2026-07,2026,7,17,Friday,False,positive,0.05311827531091406,-0.008702853537985823,0.18733722015845206,-0.012922982060975193,-0.09655520503558142,-0.020931555486722028,0.144631404866087,0.004506176028052307,-0.060648740731453654,0.06431523117751729
8,아이가 넘 좋아해요,2026.07.17,8,2026-07-17,아이가 넘 좋아해요,10,3,2026-07-17,2026-07,2026,7,17,Friday,False,positive,0.08690056574254008,-0.0016806070307159198,-0.02895362486485561,-0.03096619646103776,-0.006363248380222301,-0.018768069183332244,-0.008910165280521316,-0.03187740717855948,-0.009579612121358211,-0.0036673761187663704
10,아이들이 재미있다고합니다,2026.07.17,10,2026-07-17,아이들이 재미있다고합니다,13,2,2026-07-17,2026-07,2026,7,17,Friday,False,positive,0.07397529334333555,-0.026342560595412276,0.19456664651076286,-0.02010579621756837,0.031360866414339,-0.047082597683947125,0.5319950672543321,-0.07596515014258867,0.019630356763332017,-0.5255254736830725
10,무겁지않게 풀어낸 문제,2026.07.17,10,2026-07-17,무겁지않게 풀어낸 문제,12,3,2026-07-17,2026-07,2026,7,17,Friday,False,positive,-0.0,-0.0,-0.0,0.0,0.0,0.0,-0.0,0.0,0.0,0.0
10,가볍게 보기 좋은 영화입니다. 재밌어요,2026.07.17,10,2026-07-17,가볍게 보기 좋은 영화입니다 재밌어요,20,5,2026-07-17,2026-07,2026,7,17,Friday,False,positive,0.08536153638713938,0.0024647966428607802,-0.0027058032369562486,0.38222291730739566,0.009677392861823415,-0.0549913485499182,0.04663654938388738,0.11727962561413212,0.07662648740652818,-0.004606948478786624
10,감동적인  영화 였어요,2026.07.17,10,2026-07-17,감동적인 영화 였어요,11,3,2026-07-17,2026-07,2026,7,17,Friday,False,positive,0.057391725875117705,0.011846630380200809,0.21569052470129488,0.0241793135122659,0.46795034361871707,-0.08638537165474103,-0.07034583579476927,-0.058064325421485916,0.025338697263968337,0.03533097677018068
10,요즘 세상에 주는 메세지가 있네요. 잔잔하지만 잘 봤어요,2026.07.17,10,2026-07-17,요즘 세상에 주는 메세지가 있네요 잔잔하지만 잘 봤어요,30,8,2026-07-17,2026-07,2026,7,17,Friday,False,positive,0.0767767010291295,-0.013875102843084894,0.2678921641645259,-0.008577982390547235,-0.0786002906628916,-0.02373783450740059,-0.04647746720329028,-0.08561298759735735,0.12165670402913839,-0.002205657779085856
10,"재밌어요,지금시대에 꼭필요한영화입니다.",2026.07.17,10,2026-07-17,재밌어요지금시대에 꼭필요한영화입니다,19,2,2026-07-17,2026-07,2026,7,17,Friday,False,positive,-0.0,-0.0,-0.0,0.0,0.0,0.0,-0.0,0.0,0.0,0.0
10,요즘 아이들의 일상을 이야기 보여주면서 어떻게 알려줘야되는지 영화를 보고 많은 생각을 하게 되었다,2026.07.17,10,2026-07-17,요즘 아이들의 일상을 이야기 보여주면서 어떻게 알려줘야되는지 영화를 보고 많은 생각을 하게 되었다,54,13,2026-07-17,2026-07,2026,7,17,Friday,False,positive,0.04110989020617619,0.00268835550019135,0.04184548329708923,0.001954748615644053,0.00564420773009134,-0.014823287617929382,0.022105030934110915,0.016179147910642996,0.011563429060416967,-0.008029798267034417
10,토이스토리 사랑해ㅐㅐ,2026.07.17,10,2026-07-17,토이스토리 사랑해ㅐㅐ,11,2,2026-07-17,2026-07,2026,7,17,Friday,False,positive,0.33732577713492595,0.8795280742185421,-0.0515978917349914,-0.13070035899103485,-0.06759094952929748,-0.11271092887562847,-0.04919324480405508,0.009415967709717499,0.013155141411711034,-0.14218149795005247
10,님자친구랑 봤는데 재밌으면서 약간 로맨스라서 좋았어여,2026.07.17,10,2026-07-17,님자친구랑 봤는데 재밌으면서 약간 로맨스라서 좋았어여,29,6,2026-07-17,2026-07,2026,7,17,Friday,False,positive,0.029847666866899023,-0.007379262604852059,0.055750601191781705,-0.003936647344781452,0.013842419679066801,0.010129053263645046,-0.1205297622138987,0.41217937308016867,-0.2762835514068653,-0.004992927453867287
9,스토리도 좋앗고 되게 감동적이엇음ㅠㅠ,2026.07.17,9,2026-07-17,스토리도 좋앗고 되게 감동적이엇음ㅠㅠ,20,4,2026-07-17,2026-07,2026,7,17,Friday,False,positive,0.01410885758429433,0.007307864938668821,0.012273060790040652,0.044159350289306794,-0.00865959495601008,-0.003720393392731123,-0.038000502527657826,0.08315159363297112,-0.04274469594036517,-0.018333960333760748
10,영원히친구하자내가손안놓을게,2026.07.17,10,2026-07-17,영원히친구하자내가손안놓을게,14,1,2026-07-17,2026-07,2026,7,17,Friday,False,positive,-0.0,-0.0,-0.0,0.0,0.0,0.0,-0.0,0.0,0.0,0.0
10,정필이랑 토이스토리 6도 보기러 했음 ㅎ,2026.07.17,10,2026-07-17,정필이랑 토이스토리 6도 보기러 했음 ㅎ,22,6,2026-07-17,2026-07,2026,7,17,Friday,False,positive,0.1872062120174504,0.4892889326782538,-0.027100982888025617,-0.07042534614898255,-0.03254878024029944,-0.0580770376651545,-0.023857860405411796,0.00395055040806069,0.005903782553819165,-0.05636516632692153
10,동심을 지켜주는 영화,2026.07.17,10,2026-07-17,동심을 지켜주는 영화,11,3,2026-07-17,2026-07,2026,7,17,Friday,False,positive,0.05580018049108003,0.023313431585540906,0.23696506793134148,0.03246441356283735,0.5898617223588533,-0.09650471450265379,-0.07214713611679355,-0.044606437975902274,-0.015463354390461818,0.11061436880751987
10,재밋엇다 연기가 볼만함,2026.07.16,10,2026-07-16,재밋엇다 연기가 볼만함,12,3,2026-07-16,2026-07,2026,7,16,Thursday,False,positive,4.398249427888556e-05,7.615148981855918e-06,-2.149024593963193e-05,-3.886836323657484e-05,1.94782492615817e-05,-4.323044391181504e-05,0.0001281331677943198,-2.6149624701028882e-05,-0.00014623773060073338,-0.00011803154578025235
10,"시리즈중 1편만큼
재밌게 봤음",2026.07.16,10,2026-07-16,시리즈중 1편만큼 재밌게 봤음,16,4,2026-07-16,2026-07,2026,7,16,Thursday,False,positive,0.08509680943730678,-0.020695468291992106,0.12136669862697312,-0.012557482459034397,-0.045842644170122016,0.030160250685275943,-0.28458418344203207,-0.017902383401921327,0.08050208746156765,-0.06944414899820898
10,어렸을 때 생각나고 지금은 아이 엄마라 공감되어 감동적이었어요.,2026.07.16,10,2026-07-16,어렸을 때 생각나고 지금은 아이 엄마라 공감되어 감동적이었어요,34,8,2026-07-16,2026-07,2026,7,16,Thursday,False,positive,0.020308612061486653,-0.009249317932423699,-0.0006147617600208943,-0.006127724250104193,0.0065063537325507894,-0.0031160690546042855,0.008832654503028493,0.012325318815983869,0.0010480695161823328,-0.0001624975440762104
10,너무 감동적이고 그냥 이건 꼭 봐야됨!!🥹,2026.07.16,10,2026-07-16,너무 감동적이고 그냥 이건 꼭 봐야됨,20,6,2026-07-16,2026-07,2026,7,16,Thursday,False,positive,0.3913817482739774,-0.16237632219709472,-0.12588099633979805,-0.08141910427812787,0.01434165843319763,-0.023139210127295567,0.026476887651924023,-0.022501366606593888,-0.0527516296397073,0.00045061676183776245
10,토이스토리는 1부터 5까지 정말 너무 재밌게 봤습니다. 저도 보안관이 되겠습니다.,2026.07.16,10,2026-07-16,토이스토리는 1부터 5까지 정말 너무 재밌게 봤습니다 저도 보안관이 되겠습니다,43,10,2026-07-16,2026-07,2026,7,16,Thursday,False,positive,0.3018411483425955,-0.09842367506225269,0.13869437038284954,-0.029700547464118435,-0.004391101187530777,0.30062888237185403,-0.0959965355411463,0.10805278546536073,-0.0075522756508564545,-0.09066010117182491
10,여운과 추억을 함께 담았네요,2026.07.16,10,2026-07-16,여운과 추억을 함께 담았네요,15,4,2026-07-16,2026-07,2026,7,16,Thursday,False,positive,0.03143746059709458,-0.010352314144757279,0.018160354380219294,-0.004650505123295994,0.01761874574022788,-0.0006738704487069978,-0.017516345371085724,0.08583966357591329,0.008341329933212734,0.0011524626571104248
8,새우 처먹느라 영화 시간 놓쳐서 못 봤더여 ㅠ..,2026.07.16,8,2026-07-16,새우 처먹느라 영화 시간 놓쳐서 못 봤더여 ㅠ,25,8,2026-07-16,2026-07,2026,7,16,Thursday,False,positive,0.04370879834513571,0.01572180984509074,0.17832316119199942,0.022352553820006612,0.44875835517708407,-0.08102948977360556,-0.03233491427718224,-0.04333127491556067,-0.000691133345267244,0.03836759759682553
10,재미있게잘봤습니다 슬픈장면도나왔어요ㅠ,2026.07.16,10,2026-07-16,재미있게잘봤습니다 슬픈장면도나왔어요ㅠ,20,2,2026-07-16,2026-07,2026,7,16,Thursday,False,positive,-0.0,-0.0,-0.0,0.0,0.0,0.0,-0.0,0.0,0.0,0.0
10,역시 실망시키지 않는 토이스토이!,2026.07.16,10,2026-07-16,역시 실망시키지 않는 토이스토이,17,4,2026-07-16,2026-07,2026,7,16,Thursday,False,positive,0.06715192505615726,0.13255592490504417,-0.008758135393264761,0.0751849086059276,0.007300003594962488,0.16514114412356923,0.11201487701632265,-0.06152360343143664,0.012235420858578731,0.3691845747510995
8,항상 어린시절을 소환하게 만드는 영화 대단한스토리는.아니지만 가슴이 따뜻해지네요,2026.07.16,8,2026-07-16,항상 어린시절을 소환하게 만드는 영화 대단한스토리는아니지만 가슴이 따뜻해지네요,43,8,2026-07-16,2026-07,2026,7,16,Thursday,False,positive,0.03675753445960383,0.014422205815069556,0.15953695831746756,0.02034959682778881,0.40445259852453813,-0.07477364307074696,-0.03170323474556429,-0.041151749339352645,-0.0014878273923176271,0.05019115885148706
9,나 왜 눈물이 났을까..,2026.07.16,9,2026-07-16,나 왜 눈물이 났을까,11,4,2026-07-16,2026-07,2026,7,16,Thursday,False,positive,-2.054464477113059e-18,-1.2289984351542574e-17,6.980121176181397e-18,-6.66200632029288e-18,4.375734630036973e-18,-1.5301764340033673e-17,-1.705187089754816e-17,1.3947764411926122e-17,-5.395017984743472e-18,-4.304158099831989e-18
10,어린이들이 태블릿보고있는 모습이 너무 현실반영이라 소름돋았어요ㅠ 하지만 그것도 마음 따뜻하게 회복~~!,2026.07.16,10,2026-07-16,어린이들이 태블릿보고있는 모습이 너무 현실반영이라 소름돋았어요ㅠ 하지만 그것도 마음 따뜻하게 회복,54,11,2026-07-16,2026-07,2026,7,16,Thursday,False,positive,0.32636183474550173,-0.1287033830877841,-0.10498381179373775,-0.06819232766440687,0.01607789220987244,-0.02320680721851316,0.008277300994950037,-0.03233222464798934,-0.022116601251972963,0.013715424840412936
8,추억 돋는 영화네요 ~,2026.07.16,8,2026-07-16,추억 돋는 영화네요,10,3,2026-07-16,2026-07,2026,7,16,Thursday,False,positive,0.0009209682194054146,0.00048443214180786116,0.0023938902058323413,4.955764949727241e-05,0.0024157892735487975,-0.0009649869539042255,0.0007287992593763136,0.004611965112225134,-0.001951305983232295,-0.0009597828087657671
10,어릴때 추억 생각나서 재밌게봤어요!,2026.07.16,10,2026-07-16,어릴때 추억 생각나서 재밌게봤어요,18,4,2026-07-16,2026-07,2026,7,16,Thursday,False,positive,0.0026650414498118435,0.0007744332454252145,0.010216147498896405,-0.0006900384536698829,-0.00482430475342752,-0.0012923384745026772,0.01210863216403737,0.021955099587502122,-0.022295155461646312,0.011175699301120895
7,그럭저럭 꽤나 볼만함,2026.07.16,7,2026-07-16,그럭저럭 꽤나 볼만함,11,3,2026-07-16,2026-07,2026,7,16,Thursday,False,positive,0.0008072748517794476,0.00012581701790865285,-0.00027333780438782156,-0.00047514951293041913,0.00022073588440207605,-0.0004259119435300804,0.0009354769817761879,-0.00018295512858792858,-0.0009948249345486605,-0.0007756264884051823
10,"아이들 둘다
재미있었다고 합니다",2026.07.16,10,2026-07-16,아이들 둘다 재미있었다고 합니다,17,4,2026-07-16,2026-07,2026,7,16,Thursday,False,positive,0.015098472181730804,-0.004506399692705548,0.005445079818937376,-0.00010286009639592946,0.03208524571226516,-0.007724094026038881,-0.002735242419257453,0.006342455673539762,0.0015988759668300848,0.0048354242681884485
10,버즈가 장가를 가다니,2026.07.16,10,2026-07-16,버즈가 장가를 가다니,11,3,2026-07-16,2026-07,2026,7,16,Thursday,False,positive,2.5218067803947624e-19,5.131231651051424e-19,-2.5830567331005884e-19,1.6801170265092732e-19,-1.8131002519858537e-19,7.017741323773639e-19,5.019049510967299e-19,-5.995921834650563e-19,4.996076561495756e-19,1.1738930760394422e-19
9,보는 내내 집에 있는 오래된 인형들이 떠올랐다,2026.07.16,9,2026-07-16,보는 내내 집에 있는 오래된 인형들이 떠올랐다,25,7,2026-07-16,2026-07,2026,7,16,Thursday,False,positive,0.02838791609870421,0.023797902249459203,0.04412957214620568,-0.0016731674600595301,0.03725098704792053,-0.0021256418922293192,0.023594680248892295,0.02892273361824719,-0.052609040459944245,-0.04632566302937949
8,또 다시 돌아온 친구들. 또 한번의 완벽한 엔딩,2026.07.16,8,2026-07-16,또 다시 돌아온 친구들 또 한번의 완벽한 엔딩,25,8,2026-07-16,2026-07,2026,7,16,Thursday,False,positive,0.012861657282529476,0.028315454531498502,0.0048510267929663025,-0.00034587652698205425,0.006094087008294694,-0.0014243274715840452,0.0028910591002515255,0.022936402574456224,-0.024788593899221296,0.02614411069280925
10,이렇게 보면 6도 나왔으면 싶다,2026.07.16,10,2026-07-16,이렇게 보면 6도 나왔으면 싶다,17,5,2026-07-16,2026-07,2026,7,16,Thursday,False,positive,0.01342846541308986,0.025072937212712722,0.0074365166602000255,-0.0016901648627895664,0.01803052749091686,-0.0035831944098421013,0.00463405644125329,0.004344094065178382,-0.001204561295448245,0.009561103391257847
10,I've never stopped loving you.,2026.07.16,10,2026-07-16,Ive never stopped loving you,28,5,2026-07-16,2026-07,2026,7,16,Thursday,False,positive,-0.0,-0.0,-0.0,0.0,0.0,0.0,-0.0,0.0,0.0,0.0
10,"자꾸자꾸 어릴때가 생각이난다 이유를 알수없는 눈물이 난다
그립다 그때가",2026.07.16,10,2026-07-16,자꾸자꾸 어릴때가 생각이난다 이유를 알수없는 눈물이 난다 그립다 그때가,39,9,2026-07-16,2026-07,2026,7,16,Thursday,False,positive,-2.054464477113059e-18,-1.2289984351542574e-17,6.980121176181397e-18,-6.66200632029288e-18,4.375734630036973e-18,-1.5301764340033673e-17,-1.705187089754816e-17,1.3947764411926122e-17,-5.395017984743472e-18,-4.304158099831989e-18
10,진짜로 재밋게봄 버즈분량이 좀 적음,2026.07.16,10,2026-07-16,진짜로 재밋게봄 버즈분량이 좀 적음,19,5,2026-07-16,2026-07,2026,7,16,Thursday,False,positive,-0.0,-0.0,-0.0,0.0,0.0,0.0,-0.0,0.0,0.0,0.0
10,아들래미랑 데이트 성공적~,2026.07.16,10,2026-07-16,아들래미랑 데이트 성공적,13,3,2026-07-16,2026-07,2026,7,16,Thursday,False,positive,-0.0,-0.0,-0.0,0.0,0.0,0.0,-0.0,0.0,0.0,0.0
10,역시 재미있고 시간가는줄 모르겠네요,2026.07.16,10,2026-07-16,역시 재미있고 시간가는줄 모르겠네요,19,4,2026-07-16,2026-07,2026,7,16,Thursday,False,positive,0.058327752927636096,0.1043756258386542,0.0003482978820076283,0.07289335693749607,0.006128705283749341,0.1510473504490545,0.10763582856896003,-0.0581777323527408,0.01297702499772561,0.31706141645560904
10,재밌어요 동심으로 또 돌아감,2026.07.16,10,2026-07-16,재밌어요 동심으로 또 돌아감,15,4,2026-07-16,2026-07,2026,7,16,Thursday,False,positive,0.12309771355091179,0.011168875899635531,-0.04543173689687337,0.6983511486747208,-0.05210980853366293,-0.09811555627732287,0.020543175238122983,0.050928536220752815,-0.01948332231606646,-0.09106744786782167
10,놀이와 게임의 차이를 생각하게 하는 영화. 참여자의 즉흥적 상상력으로 진행되는 놀이와 타인의 상상력이 기술적으로 구현된 경로를 따라 진행되는 게임의 차이는 정말 크다.,2026.07.16,10,2026-07-16,놀이와 게임의 차이를 생각하게 하는 영화 참여자의 즉흥적 상상력으로 진행되는 놀이와 타인의 상상력이 기술적으로 구현된 경로를 따라 진행되는 게임의 차이는 정말 크다,91,22,2026-07-16,2026-07,2026,7,16,Thursday,False,positive,0.042389154491618536,0.004073142681948655,0.15703879536732102,0.015129195233545806,0.2732913011057181,-0.04711545778484894,0.037141116964799825,0.047432151823152906,-0.024092220779423867,0.002774030923270055
8,잊고 있던 동심을 깨어나게 만드는 영화,2026.07.16,8,2026-07-16,잊고 있던 동심을 깨어나게 만드는 영화,21,6,2026-07-16,2026-07,2026,7,16,Thursday,False,positive,0.04554379629953845,0.019609638769642147,0.19721944545409978,0.026950455790014177,0.49661155783130695,-0.08345489924745528,-0.06274017116077876,-0.038872771473473136,-0.015868460345952275,0.10063547263263864
10,20년전 아이와 보던 영화를 부부 둘만 보면서 뭉클했어요 ㅠㅠ,2026.07.16,10,2026-07-16,20년전 아이와 보던 영화를 부부 둘만 보면서 뭉클했어요 ㅠㅠ,34,9,2026-07-16,2026-07,2026,7,16,Thursday,False,positive,0.026041703361693563,-0.0037988393045969636,0.032000450147830255,-0.006192658147426299,-0.013303048196427844,-0.0001380278719565638,-0.06365329203032342,0.06061889338203006,-0.005882485252244812,-0.007395536054713771
9,요즘 시대에 애들이 전자기기를 가지고 영상을 보고 게임을 하면서 공부와 노는 것을 다 해결한다. 이번 토이스토리 주제는 이러한 사용에 대한 문제점을 스토리로 풀어냈다.,2026.07.16,9,2026-07-16,요즘 시대에 애들이 전자기기를 가지고 영상을 보고 게임을 하면서 공부와 노는 것을 다 해결한다 이번 토이스토리 주제는 이러한 사용에 대한 문제점을 스토리로 풀어냈다,91,23,2026-07-16,2026-07,2026,7,16,Thursday,False,positive,0.09706524346695165,0.16537455539344278,0.040233812321286505,-0.020474703199045114,-0.011563284330901253,-0.03376976434350357,0.04610294410460261,0.019603111698138203,0.00028024613152170515,-0.043468705815875065
8,역시 실망시키지 않는 토이스토리,2026.07.16,8,2026-07-16,역시 실망시키지 않는 토이스토리,17,4,2026-07-16,2026-07,2026,7,16,Thursday,False,positive,0.18125381891949327,0.432764841856239,-0.02630759276377347,0.02453919077964532,-0.016882808880695953,0.11508764942495446,0.08762902269682052,-0.054306990755540865,0.016073662804169418,0.29581388522029856
10,보고 싶었습니다. 근데 못봤습니다.,2026.07.16,10,2026-07-16,보고 싶었습니다 근데 못봤습니다,17,4,2026-07-16,2026-07,2026,7,16,Thursday,False,positive,0.02212816243980255,-0.0039295013029760385,0.037987004111275584,-0.0054746710161446945,-0.010035179774980517,-0.006758729396164398,0.007920718649382418,0.004234957818285472,-0.009205791428099045,0.008156020163908295
8,살짝 지루함이 밀려온다,2026.07.16,8,2026-07-16,살짝 지루함이 밀려온다,12,3,2026-07-16,2026-07,2026,7,16,Thursday,False,positive,-0.0,-0.0,-0.0,0.0,0.0,0.0,-0.0,0.0,0.0,0.0
8,"동심을 찾아서
초중반부의 지루함은 내가 동심을 잃어 버려서 와닿지 않는건지와 속편 이제 그만 만들 때가 된 것 같다는 생각이 공존했음
초중반부 대비 중후반부는 솔직히 재밌게 봤는데",2026.07.16,8,2026-07-16,동심을 찾아서 초중반부의 지루함은 내가 동심을 잃어 버려서 와닿지 않는건지와 속편 이제 그만 만들 때가 된 것 같다는 생각이 공존했음 초중반부 대비 중후반부는 솔직히 재밌게 봤는데,100,26,2026-07-16,2026-07,2026,7,16,Thursday,False,positive,0.05789752566257355,-0.01266895976166429,0.12997053768323116,0.0032831452337486393,0.0811438233483937,0.0384371284960357,-0.22718947940312767,0.16431574278018232,-0.09320019218942696,0.015152605739733994
6,아들과 봤는데 예전에비해 감동이 덜한것같아요,2026.07.16,6,2026-07-16,아들과 봤는데 예전에비해 감동이 덜한것같아요,24,5,2026-07-16,2026-07,2026,7,16,Thursday,False,neutral,0.03633935854223892,0.0038839090777256797,0.06852920247246878,-0.005844403258936737,0.03686015499845305,0.005642614692759089,-0.1327438315447588,0.4615480159912245,-0.3260752421166226,-0.01471261496102424
10,스토리가 감동적이였어요.,2026.07.16,10,2026-07-16,스토리가 감동적이였어요,12,2,2026-07-16,2026-07,2026,7,16,Thursday,False,positive,0.04467865564293528,-0.02068319120446975,-0.0084476193928497,-0.015350055538982265,0.01537977639064773,0.0018276102366785148,0.13329962119081812,0.5205719837341607,0.7280660056433698,0.050196730174201516
5,30년간 쌓아 올린 서사가 주는 감동,2026.07.16,5,2026-07-16,30년간 쌓아 올린 서사가 주는 감동,20,6,2026-07-16,2026-07,2026,7,16,Thursday,False,negative,0.0164737217864612,0.010378296208111896,0.04029273703234148,0.0023162009374230364,0.06698874160721047,0.00013718454519681743,0.002980312478187079,-0.008113287982660252,0.016736016605892242,0.012870467318490415
10,30대도 울게 만드는,2026.07.16,10,2026-07-16,30대도 울게 만드는,11,3,2026-07-16,2026-07,2026,7,16,Thursday,False,positive,0.005295880531155436,0.003097391144173735,0.028288192897399,0.0037708376536836805,0.07906962940419139,-0.016294260072593676,-0.01271293485809321,-0.007985408982206578,-0.0064098086647679615,0.026254062942666884
10,추억의 토이스토리네요,2026.07.16,10,2026-07-16,추억의 토이스토리네요,11,2,2026-07-16,2026-07,2026,7,16,Thursday,False,positive,0.013595915173873622,0.012308369353237246,-0.004600598203465529,0.0022858693604085995,0.0004472494317190244,0.013396955159740768,0.014349990235044243,-0.010136232421396257,0.000428298809048803,0.05058626580097196
9,"기대가 큰 건가요?
좀 아쉬웠어요.",2026.07.16,9,2026-07-16,기대가 큰 건가요 좀 아쉬웠어요,17,5,2026-07-16,2026-07,2026,7,16,Thursday,False,positive,-0.0,-0.0,-0.0,0.0,0.0,0.0,-0.0,0.0,0.0,0.0
10,"소재가 잘못하면 진부해질 수 있고
이걸 어떻게 풀어갈까 했는데.생각보다 유쾌하고 훌륭하게 잘 풀어낸거 같다는 생각.
예상치 못하게 눈물도 나고 훈훈하기도 했던",2026.07.16,10,2026-07-16,소재가 잘못하면 진부해질 수 있고 이걸 어떻게 풀어갈까 했는데생각보다 유쾌하고 훌륭하게 잘 풀어낸거 같다는 생각 예상치 못하게 눈물도 나고 훈훈하기도 했던,86,21,2026-07-16,2026-07,2026,7,16,Thursday,False,positive,0.004715057889137064,0.0006381202143635863,0.011333192443287086,0.001198491944484745,0.016260212339613223,0.005336735273985035,-0.009720463154248078,0.02827462892006867,-0.010009792423018384,0.0006117408068699809
10,메시지가 확실함. 현시대를 잘반영해 슬프기도함. 근래 애니중 제일좋았음.,2026.07.16,10,2026-07-16,메시지가 확실함 현시대를 잘반영해 슬프기도함 근래 애니중 제일좋았음,37,8,2026-07-16,2026-07,2026,7,16,Thursday,False,positive,-0.0,-0.0,-0.0,0.0,0.0,0.0,-0.0,0.0,0.0,0.0
10,재밌게 잘 봤어요~,2026.07.16,10,2026-07-16,재밌게 잘 봤어요,9,3,2026-07-16,2026-07,2026,7,16,Thursday,False,positive,0.19669247626110334,-0.0730068051196391,0.5571315741391353,-0.022522398260514043,-0.26579981274378783,0.031481696269554924,-0.49986057568114384,-0.16925313222438676,0.22904085102708185,-0.06233935515299499
10,좋아하는 영화중 하나! 다시 만나 반가워요,2026.07.16,10,2026-07-16,좋아하는 영화중 하나 다시 만나 반가워요,22,6,2026-07-16,2026-07,2026,7,16,Thursday,False,positive,0.021502831375984,0.026809094236339724,0.007278883655126781,-0.002631823212345156,0.008612970072347514,0.000638834347683074,-0.007585598524078809,0.02668102743471379,-0.02442568283148373,0.01630224975636788
10,오래나온 시리즈이다보니 새롭기보다는 알던 그맛,2026.07.16,10,2026-07-16,오래나온 시리즈이다보니 새롭기보다는 알던 그맛,25,5,2026-07-16,2026-07,2026,7,16,Thursday,False,positive,0.0068900403632281325,0.020083703053776714,-0.0014887375315228322,-0.004134436413739826,-0.002088588370991406,-0.004605766172641244,-0.0027612814069922697,0.0005849576317124686,0.0008529076510153995,-0.009180244379440308
10,많은 생각을 하게 해준 내용이였어요 재미있었습니다. 특히 그림 연출이 마음에 들었어요!,2026.07.16,10,2026-07-16,많은 생각을 하게 해준 내용이였어요 재미있었습니다 특히 그림 연출이 마음에 들었어요,46,11,2026-07-16,2026-07,2026,7,16,Thursday,False,positive,0.026488896554057215,-0.0048161250660147484,0.013691195823639066,0.005589485315644127,-0.0023571202131904816,-0.004859408760053142,0.01794578422485644,0.0037950248992438974,-0.0027935002416673974,-0.004617909091262274
10,"참고로 대학4학년, 중3  딸들인데.. 관람한 두딸 모두 울었다고 하네요.",2026.07.16,10,2026-07-16,참고로 대학4학년 중3 딸들인데 관람한 두딸 모두 울었다고 하네요,36,9,2026-07-16,2026-07,2026,7,16,Thursday,False,positive,0.008602586829717769,-0.0034180160765085992,0.013591582202731675,-0.0030225254194854497,-0.0029809604178824434,-0.004062877962973218,0.0476467348608216,-0.004345030945175269,-0.007229166801984583,-0.03395412773716618
3,지금까지 시리즈중 최악이였음,2026.07.16,3,2026-07-16,지금까지 시리즈중 최악이였음,15,3,2026-07-16,2026-07,2026,7,16,Thursday,False,negative,0.01109022157342206,0.018753774629957833,0.0072159179368905075,-0.005104703294813133,-0.006011386153314686,-0.001638870834627503,-0.03905480726226185,0.0029714681605325683,0.019493364103306602,-0.0188456967719869
8,아직 한발이 남았다는 걸 보여줬다.,2026.07.16,8,2026-07-16,아직 한발이 남았다는 걸 보여줬다,18,5,2026-07-16,2026-07,2026,7,16,Thursday,False,positive,-8.825014663353655e-19,-1.0940313257886948e-17,5.097392475803355e-18,-5.978765079113724e-18,8.445318519446326e-18,-1.5014247116476818e-17,-1.2207217427347474e-17,1.9441808114549558e-17,-3.2766340795361704e-18,-4.480320097956113e-18
7,나이가 먹어가며 다른 감동을 줘요,2026.07.16,7,2026-07-16,나이가 먹어가며 다른 감동을 줘요,18,5,2026-07-16,2026-07,2026,7,16,Thursday,False,positive,0.01014848059524994,0.00961098697521811,0.004015241062571112,0.0009710703461586013,-7.167443062477765e-05,0.021704228962638867,0.01664195628292526,-0.0032130420981774533,-0.004006679317003878,0.010766908995036378
