id,user,rating,created_at,watched_at,likes,replies,spoiler,text,text_clean,year_month,date,hour,weekday,is_weekend,review_len,word_count,sentiment,tfidf_svd_0,tfidf_svd_1,tfidf_svd_2,tfidf_svd_3,tfidf_svd_4,tfidf_svd_5,tfidf_svd_6,tfidf_svd_7,tfidf_svd_8,tfidf_svd_9
xkPEmezZW7EK3,재원,5.0,2026-06-17 05:54:03+00:00,,988,2,False,"고백하건데, 사실 너희가 돌아온다는 소식 들은 순간부터 이미 내 마음속에 별점은 정해져 있었단다.",고백하건데 사실 너희가 돌아온다는 소식 들은 순간부터 이미 내 마음속에 별점은 정해져 있었단다.,2026-06,2026-06-17,14,Wednesday,False,53,13,positive,0.02590693226835551,-0.02934236847330544,0.009695052523514871,-0.010952188935143863,-0.01752580696781626,-0.010374029963514391,-0.020604580421406497,-0.008728032835630548,0.0030268601739241066,-0.01640435608959665
8kXQebD85gEP6,Yournamefirst,4.0,2026-06-17 02:45:42+00:00,2026-06-16 15:00:00+00:00,656,0,False,"31년의 세월로 더 이상 장난감을 찾지 않게 된 우리에게. '너희 마음이 변한 게 아니야, 너희들은 그저 자란 것뿐이야.'",31년의 세월로 더 이상 장난감을 찾지 않게 된 우리에게. 너희 마음이 변한 게 아니야 너희들은 그저 자란 것뿐이야.,2026-06,2026-06-17,11,Wednesday,False,65,18,positive,0.06099031214947821,-0.05558683844346648,-0.051201752412779564,-0.03000883140541449,-0.020954348604873416,0.06533871652084283,-0.026643824338572104,0.008582234746438322,-0.004327048311392782,0.015870944570231128
NXnE5ZYX9B2zG,이동진 평론가,3.5,2026-06-21 14:20:50+00:00,,553,7,False,변화하는 존재와 변화 없이 남겨진 존재 사이의 공터에 떨구는 맑은 눈물이 방울방울.,변화하는 존재와 변화 없이 남겨진 존재 사이의 공터에 떨구는 맑은 눈물이 방울방울.,2026-06,2026-06-21,23,Sunday,True,46,12,positive,0.03709192110659631,-0.03205641970769749,0.010237434456454954,-0.003820574157506821,-0.010839061776453048,-0.021037463693488988,-0.029577179072477665,-0.05215246558657434,0.004939969552963533,-0.021186851586543723
lP0E85yvLZ2bx,eos,5.0,2026-06-17 07:36:42+00:00,,424,3,False,첫사랑에게 4.5를 주는 바보는 없어,첫사랑에게 4.5를 주는 바보는 없어,2026-06,2026-06-17,16,Wednesday,False,20,5,positive,0.03655889156771738,-0.05309190490873637,-0.013803387105418773,0.02606974524353911,-0.0310766601888296,-0.04302734091168489,-0.045236767046634666,0.009378268855776884,-0.006314236863124503,-0.038681919744591384
j7kQzkOOONEl4,어흥,4.5,2026-06-26 13:01:48+00:00,,312,7,False,아들아 미안하다.. 아직 태어나진 않았지만 너의 이름은 김워그레이몬이다...,아들아 미안하다.. 아직 태어나진 않았지만 너의 이름은 김워그레이몬이다...,2026-06,2026-06-26,22,Friday,False,42,8,positive,0.03226892165144388,-0.04697587902192135,-0.04787098359284197,-0.036431021289134585,0.07970333947694055,0.03360930895835096,0.11174263156872435,-0.06985104670356432,0.05645896017546407,-0.021884561049850385
BglQaarwRWQX0,영화 볼 결심,4.0,2026-06-11 12:23:53+00:00,,243,2,False,그럼에도 여전히 우리에게 장난감이 필요한 이유,그럼에도 여전히 우리에게 장난감이 필요한 이유,2026-06,2026-06-11,21,Thursday,False,25,6,positive,0.16429458430938054,-0.04750254441483831,-0.1478233597387889,-0.12539429552755768,0.2599020728951877,-0.07446612102410713,-0.22403863188687873,0.22095738129218,-0.08001060224211705,0.06703273731565
zD82XX4951253,수첩,4.0,2026-06-17 15:04:02+00:00,2026-06-16 15:00:00+00:00,232,0,False,"대체되는 것은 놀이의 방식이지, 관계의 온도가 아니다.",대체되는 것은 놀이의 방식이지 관계의 온도가 아니다.,2026-06,2026-06-18,0,Thursday,False,29,7,positive,0.048791155566612454,-0.057489630953792524,-0.00868281765252558,0.0014304244628742342,-0.04832749071248238,-0.09300878478338583,-0.04109465656002599,0.03374488455255182,0.011710018752866926,-0.11611006644632814
Vw8MLJOxZ5Eel,남길로운 문화생활,4.5,2026-06-17 08:39:52+00:00,,165,0,False,"나중에 내 아이들도 인정받았으면 좋겠다 ""이 아이는 놀 줄 아는 아이야""라고",나중에 내 아이들도 인정받았으면 좋겠다 이 아이는 놀 줄 아는 아이야 라고,2026-06,2026-06-17,17,Wednesday,False,41,12,positive,0.030090496305945548,-0.03594528511980965,-0.01612919033286174,-0.0032235260206469494,-0.008433508931982659,0.0032146424393374685,-0.02866743640768569,-0.028424185515817792,-0.017147762594527518,0.0030459694945190736
mkPMneAYPL2wq,Mashimaro,4.5,2026-06-17 11:46:37+00:00,2026-06-16 15:00:00+00:00,158,0,False,버즈 세금 내라,버즈 세금 내라,2026-06,2026-06-17,20,Wednesday,False,8,3,positive,0.1351966496884562,-0.1598797068653213,0.7707863893442146,-0.3998211349421742,0.0862059644751897,0.03959258145530907,0.04255200022230993,0.05409616124953548,0.07515535983266983,0.06858181388965935
7JVEoXVq4e29y,햄튜브,4.0,2026-06-23 10:15:05+00:00,,149,7,False,콧물 똥물 쏙 뺌,콧물 똥물 쏙 뺌,2026-06,2026-06-23,19,Tuesday,False,9,4,positive,0.0,0.0,0.0,0.0,0.0,0.0,0.0,0.0,0.0,0.0
5yz2YVdDnWMWj,Dh,3.0,2026-06-17 12:23:16+00:00,,141,2,False,신선함은 없었지만 뭉클함은 여전했다 #📦 📸 #CGV,신선함은 없었지만 뭉클함은 여전했다 CGV,2026-06,2026-06-17,21,Wednesday,False,23,5,neutral,0.012762620620600051,0.005789754420401684,-0.004463921909461947,0.00025301322386437675,-0.009712886136537431,-0.007809791090520206,-0.005420403551888543,0.03489712884674241,0.02401988408162835,-0.0015537878763253114
rdVMNLnXNPEql,simple이스,4.0,2026-06-17 13:10:00+00:00,,136,1,False,유구한 정통성을 내세우는 대신 매 편 시대 감수성을 갱신하는 시리즈의 놀라움.,유구한 정통성을 내세우는 대신 매 편 시대 감수성을 갱신하는 시리즈의 놀라움.,2026-06,2026-06-17,22,Wednesday,False,43,11,positive,0.0668221527364545,-0.017455361621054447,0.00479635390618253,-0.018013222303505664,0.008223560517603931,0.017347695802701665,-0.04095210062649349,-0.006082405417099733,0.008284477816638703,-0.04676881819182704
y4ZMO8pLL6QOp,서영욱,4.0,2026-06-17 15:29:13+00:00,,122,2,False,"베지터편에서 끝났어도 명작이었고, 프리더편에서 끝났어도 전설이었고, 셀편에서 끝났어도 아쉬움 없는 걸작으로 남았을 것이다.  하지만 드래곤볼은 완결된 명작보다 살아있는 프랜차이즈를 선택했다. 과거의 추억으로 박제되기보다 새로운 아이들과 만나기를 택했고, 그 선택은 지금도 계속되고 있다.  물론 가장 아름다운 순간에 끝났다면 더 완벽한 명작으로 기억됐을 것이다. 그러나 프랜차이즈는 종종 명작으로 남는 대신 살아남는 길을 택한다. 토이 스토리 5 역시 그렇다. 완벽한 마침표를 기대했다면 아쉬울 수 있지만, 새로운 세대에게 우디와 버즈를 이어주는 선택 또한 충분히 의미가 있다.",베지터편에서 끝났어도 명작이었고 프리더편에서 끝났어도 전설이었고 셀편에서 끝났어도 아쉬움 없는 걸작으로 남았을 것이다. 하지만 드래곤볼은 완결된 명작보다 살아있는 프랜차이즈를 선택했다. 과거의 추억으로 박제되기보다 새로운 아이들과 만나기를 택했고 그 선택은 지금도 계속되고 있다. 물론 가장 아름다운 순간에 끝났다면 더 완벽한 명작으로 기억됐을 것이다. 그러나 프랜차이즈는 종종 명작으로 남는 대신 살아남는 길을 택한다. 토이 스토리 5 역시 그렇다. 완벽한 마침표를 기대했다면 아쉬울 수 있지만 새로운 세대에게 우디와 버즈를 이어주는 선택 또한 충분히 의미가 있다.,2026-06,2026-06-18,0,Thursday,False,317,72,positive,0.21482746178804654,0.05661362107784387,-0.026753054937208313,0.014357048376306006,-0.06503838559992377,-0.04551602061028819,-0.0027079943110785024,-0.04866812409432167,-0.034638263609768,-0.012589333705732886
3WB2qoZznpQpj,무비신,4.0,2026-06-18 06:28:33+00:00,2026-06-17 15:00:00+00:00,106,0,False,단지 장난감이 아닌 인생이란 스토리 한편을 함께해준 빛난 동반자들.,단지 장난감이 아닌 인생이란 스토리 한편을 함께해준 빛난 동반자들.,2026-06,2026-06-18,15,Thursday,False,37,9,positive,0.3475008718539919,0.2955595580011386,-0.03695154829214572,-0.008143890691234917,0.05607659901403386,-0.09381529429194141,-0.12233962268908542,0.21834754793639197,-0.08332646198521187,-0.03713385132634624
wlL2DompPREyZ,뭅먼트,3.5,2026-06-17 10:09:56+00:00,,92,3,False,우정과 향수 그리고 조화로움은 이 사랑스러운 시리즈에서 빼놓아서는 안 될 기둥 테마. 그 중심이 흔들리지 않으면서 또 하나의 멋진 감동을 다섯 번째까지 와서도 착실하게 수행한다.  ⭐️,우정과 향수 그리고 조화로움은 이 사랑스러운 시리즈에서 빼놓아서는 안 될 기둥 테마. 그 중심이 흔들리지 않으면서 또 하나의 멋진 감동을 다섯 번째까지 와서도 착실하게 수행한다.,2026-06,2026-06-17,19,Wednesday,False,99,25,positive,0.039108784946940166,-0.02667743578887176,-0.017936948171551684,-0.011185675558530419,-0.03353922601397151,-0.008769919054056361,-0.023382804710099927,-0.03624836332788175,-0.005757700026031529,0.015708373913539547
Vw8MLJOxVrEel,SooooodaL,4.0,2026-06-17 10:37:35+00:00,,90,2,False,군체의 긍정적 방향성을 보여준 버즈!! 우디&제시의 목소리에서 노화를 느낀 순간부터 눈물이 핑🥲 tmi: 선글래스 쓴 피자가 ㅂㄷㅂㄴ여서 놀람ㅋㅋ,군체의 긍정적 방향성을 보여준 버즈!! 우디 제시의 목소리에서 노화를 느낀 순간부터 눈물이 핑 tmi 선글래스 쓴 피자가 여서 놀람,2026-06,2026-06-17,19,Wednesday,False,73,19,positive,0.09300688679858102,-0.10181786022977236,0.32771561071855115,-0.16387282391635755,0.028190765769720648,-0.009449426281921846,0.006180839752452517,-0.036900377741125416,0.05316329071752459,-0.048192793983898266
69oMvp1X8yEal,신민수,4.5,2026-06-11 14:03:52+00:00,,85,3,False,토이 스토리 황금종려상 줘라,토이 스토리 황금종려상 줘라,2026-06,2026-06-11,23,Thursday,False,15,4,positive,0.6036903758066939,0.675674984596692,0.04070546420121472,0.04094082438756876,-0.05459320723100053,0.051458770486618254,0.11986054155351406,-0.02257729748717615,-0.025812143087900113,0.05990211958658063
y4ZMO8pXz6QOp,JY,3.5,2026-06-17 13:44:00+00:00,,66,0,False,3편까지 질주한 후 방향까지 틀었는데 다시 뒤돌아간 느낌  전작들 농축소스에 요즘채소넣고 비벼 맛은 있는 비빔밥인데 베이스가 아는 맛이라  기존 팬들에겐 반갑지만 놀랍진 않은 첫 토이스토리가 될듯함  너무 기대했나봄,3편까지 질주한 후 방향까지 틀었는데 다시 뒤돌아간 느낌 전작들 농축소스에 요즘채소넣고 비벼 맛은 있는 비빔밥인데 베이스가 아는 맛이라 기존 팬들에겐 반갑지만 놀랍진 않은 첫 토이스토리가 될듯함 너무 기대했나봄,2026-06,2026-06-17,22,Wednesday,False,117,28,positive,0.0881273881635729,-0.07803205487453015,-0.05913453240792454,-0.005978293114843999,-0.061624345431096156,0.023616781828302003,-0.046203650892496395,-0.08564593821782295,0.08318438308810433,0.05619956281690321
XpeMJGJoBXQJn,김호진 펠릭스,4.0,2026-06-24 12:19:14+00:00,,64,0,False,모든 것이 너무 빠르게 변해가지만 손을 내밀 용기와 그 손을 잡아주는 연결이 여전히 필요한 가치임을 믿고 싶다,모든 것이 너무 빠르게 변해가지만 손을 내밀 용기와 그 손을 잡아주는 연결이 여전히 필요한 가치임을 믿고 싶다,2026-06,2026-06-24,21,Wednesday,False,61,17,positive,0.11391732392727136,-0.08577193577381254,-0.07800970501704041,-0.07526682539150746,0.15033004917740095,-0.03599728715580086,-0.14612361773966628,0.09594218391978736,-0.05601227912394347,0.07996301508588337
P7kEWp99Xq2J9,황재윤,3.5,2026-06-18 00:32:50+00:00,,55,0,False,이 시리즈가 가장 해낼 수 있는 필연적이고 멋진 이야기를 다시 대하는 기쁨. 🤠 🌟 🐸  260617 CGV에서.,이 시리즈가 가장 해낼 수 있는 필연적이고 멋진 이야기를 다시 대하는 기쁨. 260617 CGV에서.,2026-06,2026-06-18,9,Thursday,False,56,14,positive,0.1462406627343097,-0.1285623718307105,-0.11348714909858444,-0.0182068910225382,-0.13237509635972053,0.006265414179535647,-0.058886908666725746,-0.1954963822061615,0.16673640683427532,0.18109609830280998
W4zQrODDqpEw1,BAE OO,3.0,2026-06-18 04:56:42+00:00,,54,0,False,어린이는 어린이 다운 게 좋다.,어린이는 어린이 다운 게 좋다.,2026-06,2026-06-18,13,Thursday,False,17,5,neutral,0.0331578667785003,0.011938562084932432,-0.01027634203717645,-0.017481697548799663,0.01953069402289845,0.012710296609728083,-0.0072648011399857595,0.008672524749155378,0.002239583771114215,0.009216368053267154
W4zQrODo85Ew1,Jay Oh,3.5,2026-06-23 12:19:18+00:00,,49,0,False,"동심에 바쳤던 시간들, 연결에 힘썼던 시간들, 무엇 하나 쓸모 없지 않았다. Play is forever.",동심에 바쳤던 시간들 연결에 힘썼던 시간들 무엇 하나 쓸모 없지 않았다. Play is forever.,2026-06,2026-06-23,21,Tuesday,False,57,14,positive,0.01955643478876548,-0.022624004614578117,-0.01688803440361864,-0.014274962310921211,0.007402800188054024,-0.015403512429575519,0.010940030756790248,0.0129126673233631,-0.04290150962419654,-0.0034005364844388493
xkPEmerBkXEK3,teta,4.0,2026-06-28 13:36:16+00:00,,39,0,False,언젠간 끝날 여정일지라도 함께 하겠다는 친구들의 아가페적 사랑은 다 커버린 아이들을 꼬옥 안아준다.,언젠간 끝날 여정일지라도 함께 하겠다는 친구들의 아가페적 사랑은 다 커버린 아이들을 꼬옥 안아준다.,2026-06,2026-06-28,22,Sunday,True,55,13,positive,0.037564206801174845,-0.03742442860299565,-0.02668749655106422,-0.011024563982811406,-0.048570893054812776,-0.003468530175302939,-0.011846972712531642,0.019985860582223874,-0.03750147768802861,-0.04113856783697975
lP0E85pmO12bx,STONE,3.0,2026-06-24 08:22:12+00:00,2026-06-22 15:00:00+00:00,39,1,False,"장난감과 디바이스의 경계를 흐리되, 근본적인 놀이에 관한 정의를 다시 한 번 다진다.",장난감과 디바이스의 경계를 흐리되 근본적인 놀이에 관한 정의를 다시 한 번 다진다.,2026-06,2026-06-24,17,Wednesday,False,46,12,neutral,0.04966433802501813,-0.03823162136751539,-0.0250012705815051,-0.0006781577125995693,-0.041013903310632135,-0.03699825304290853,-0.032704777808593835,-0.043951791311194144,0.084370780753598,0.06677738011198078
bW3Qk7GxryQ9p,파란안경,4.0,2026-06-17 13:53:03+00:00,,39,2,False,근본스토리로 또 해내네..👍,근본스토리로 또 해내네..,2026-06,2026-06-17,22,Wednesday,False,14,3,positive,0.0029969335144072154,-0.003172168122806327,-0.0017577472244676448,-0.0005605198397346683,-0.0062621299170127955,-0.000934378323604475,0.006154352749126432,-0.0002495526066462469,-0.011525785143259401,-0.008890559272258545
POkEwe6ZoKMql,라따구리,4.0,2026-06-17 05:20:57+00:00,2026-06-16 15:00:00+00:00,38,0,False,"변화하는 시대 속 픽사의 이름으로 외치는 상상력의 가치, 어른들의 가슴 한 편에 켜켜이 쌓인 기억의 먼지를 털어내며 반짝이던 추억을 되찾아준다.",변화하는 시대 속 픽사의 이름으로 외치는 상상력의 가치 어른들의 가슴 한 편에 켜켜이 쌓인 기억의 먼지를 털어내며 반짝이던 추억을 되찾아준다.,2026-06,2026-06-17,14,Wednesday,False,79,20,positive,0.05025306899376298,-0.021530990221034774,-0.007992450414886852,-0.010481816608570426,-0.023759193581654514,0.005771645086178996,-0.049641206469484084,0.004058614927949384,-0.01371734056215586,-0.045707287743853624
lP0E85y8WY2bx,임희봉,3.5,2026-06-22 04:01:44+00:00,2026-06-20 15:00:00+00:00,37,0,False,"언젠가 장난감이 사라지는 날이 올지도 모른다, 하지만 그게 오늘은 아니다",언젠가 장난감이 사라지는 날이 올지도 모른다 하지만 그게 오늘은 아니다,2026-06,2026-06-22,13,Monday,False,39,10,positive,0.07099256361181475,-0.0483333477199573,-0.04306578607574089,-0.026170900583692314,-0.0036963145589775192,-0.10108657297506689,-0.09783883077172449,0.13669066316803033,0.011458218718116066,-0.09500231113252734
6GWQ1BrD13EJ5,뭉아빠,4.0,2026-06-11 12:31:35+00:00,,37,0,False,어릴적 큰이모랑 큰이모부집에 잠깐 살았던적이있다. 자식이 없던 두분은 말안듣는 나를 잘챙겨주시려고 노력했지만 철없던 나는 두분을 힘들게 했었다. 한 번은 이모랑 싸우고 낑낑되고 있을때 이모부가 나를 비디오가게에 데려 갔었다. 그때 내가 본 비디오가 토이스토리 1 이다. 그래서 나는 토이스토리를 보면 이모부가 생각이난다. 나의 철없던 어린시절 나에 마음을 챙겨준 이모부의 따뜻한마음 지금은 이세상에 계시진 않지만 토이스토리 5를 보고나니 나의 어릴적 스승님이자 친구였던 이모부가 그리워지는 날이었다,어릴적 큰이모랑 큰이모부집에 잠깐 살았던적이있다. 자식이 없던 두분은 말안듣는 나를 잘챙겨주시려고 노력했지만 철없던 나는 두분을 힘들게 했었다. 한 번은 이모랑 싸우고 낑낑되고 있을때 이모부가 나를 비디오가게에 데려 갔었다. 그때 내가 본 비디오가 토이스토리 1 이다. 그래서 나는 토이스토리를 보면 이모부가 생각이난다. 나의 철없던 어린시절 나에 마음을 챙겨준 이모부의 따뜻한마음 지금은 이세상에 계시진 않지만 토이스토리 5를 보고나니 나의 어릴적 스승님이자 친구였던 이모부가 그리워지는 날이었다,2026-06,2026-06-11,21,Thursday,False,278,63,positive,0.15136519908834611,-0.22787332093613016,0.08523233265591992,0.3215363469926777,0.09659377561243498,-0.1414095262151933,0.2582558406255134,0.028183848347714133,-0.18176016842364456,0.21228606546657436
lP0E85yDAn2bx,김병우,4.0,2026-06-17 14:09:46+00:00,2026-06-16 15:00:00+00:00,36,0,False,순수한 추억은 힘이 세다!,순수한 추억은 힘이 세다!,2026-06,2026-06-17,23,Wednesday,False,14,4,positive,0.016641010511903673,-0.02684801210318391,-0.02722733345973042,0.004400921888199055,-0.007751449915879404,-0.02250206105200224,0.03168961511052899,0.10952541229575177,0.0555434950879853,-0.025272797795407927
wlL2Do6v93EyZ,Seojun Lim,4.0,2026-06-24 09:23:50+00:00,,34,0,False,"사랑하는 사람에게 버림받는 것만큼 서글픈 일도 없다. 모든 것을 내어준 만큼 상대의 마음도 오직 나만을 향하리라 믿었다. 그러나 누군가에게 버려졌다고 해서 영원히 버림받은 존재로 남아 있을 필요는 없다. 우리에게는 아직 긴 시간이 남아 있고, 행복할 순간들 또한 많이 남아 있다. 그래서 다시 한번 사랑하는 사람에게 해줄 수 있는 최선을 다한다. 이 사랑에 관한 이야기의 결말이 어떻게 될지는 아무도 모른다. 하지만 이제는 결과보다 과정을 온몸으로 느낀다. 주인공이 되기보다 누군가가 더 빛날 수 있도록 곁을 지키는 조연. 어쩌면 그것이 운명일지도 모르겠다.",사랑하는 사람에게 버림받는 것만큼 서글픈 일도 없다. 모든 것을 내어준 만큼 상대의 마음도 오직 나만을 향하리라 믿었다. 그러나 누군가에게 버려졌다고 해서 영원히 버림받은 존재로 남아 있을 필요는 없다. 우리에게는 아직 긴 시간이 남아 있고 행복할 순간들 또한 많이 남아 있다. 그래서 다시 한번 사랑하는 사람에게 해줄 수 있는 최선을 다한다. 이 사랑에 관한 이야기의 결말이 어떻게 될지는 아무도 모른다. 하지만 이제는 결과보다 과정을 온몸으로 느낀다. 주인공이 되기보다 누군가가 더 빛날 수 있도록 곁을 지키는 조연. 어쩌면 그것이 운명일지도 모르겠다.,2026-06,2026-06-24,18,Wednesday,False,311,79,positive,0.13605469788998853,-0.11290209921450643,-0.055430951831411904,0.01601732346865161,-0.08448882683903336,-0.02891036894047424,-0.04831274432608588,0.025907353804454296,0.11469539447838056,0.021816817936226116
6GWQ1BWrnlEJ5,은진,4.0,2026-06-17 15:37:16+00:00,2026-06-16 15:00:00+00:00,34,4,False,"요즘 사람들 가방에 하나둘 달려 있는 키링 인형들이 길에서 서로 마주치면 인사한다는 얘길 봤었다. 나는 뭘 달고 다니는 걸 싫어하는데 오늘은 집에 와서 민둥맨둥 재미없는 가방에 귀여운 인형을 하나 달아줬다. 주인 모르는 새 서로 반가워하는 달랑거림을 상상하면서, 아직은 토이 스토리가 계속 됐음 한다.  후반에는 좀 맘이 웅장해져서 눈물이 찔끔 날 뻔 했는데, 웬걸 토이 스토리에서 마블의 어셈블 희열을 느꼈다. 너무 너무 좋았다. 특히 제시 버즈 릴리 스마티팬츠 캐릭터라이징이 빛나서 재밌었어.  아 오늘 영화 보기 10분 전에 핸드폰 배터리가 방전됐었는데.. 제시가 그렇게 욕하던 *망할 디바이스*. 영화를 다 보고 집에 가는 길에 두 손이 가볍단 생각을 했다. 나도 버즈 대군들이 들어 날라주었으면 하는 생각도 했다!  -  쿠키에 쿠키까지 있으니 끝까지 앉아 있어야만 해yo🎤",요즘 사람들 가방에 하나둘 달려 있는 키링 인형들이 길에서 서로 마주치면 인사한다는 얘길 봤었다. 나는 뭘 달고 다니는 걸 싫어하는데 오늘은 집에 와서 민둥맨둥 재미없는 가방에 귀여운 인형을 하나 달아줬다. 주인 모르는 새 서로 반가워하는 달랑거림을 상상하면서 아직은 토이 스토리가 계속 됐음 한다. 후반에는 좀 맘이 웅장해져서 눈물이 찔끔 날 뻔 했는데 웬걸 토이 스토리에서 마블의 어셈블 희열을 느꼈다. 너무 너무 좋았다. 특히 제시 버즈 릴리 스마티팬츠 캐릭터라이징이 빛나서 재밌었어. 아 오늘 영화 보기 10분 전에 핸드폰 배터리가 방전됐었는데.. 제시가 그렇게 욕하던 망할 디바이스 . 영화를 다 보고 집에 가는 길에 두 손이 가볍단 생각을 했다. 나도 버즈 대군들이 들어 날라주었으면 하는 생각도 했다! 쿠키에 쿠키까지 있으니 끝까지 앉아 있어야만 해yo,2026-06,2026-06-18,0,Thursday,False,428,111,positive,0.2544192520402677,0.004038902488809737,0.19489052734037693,-0.14631163479915585,-0.06269324565152644,0.012959314419005254,-0.004549026612252597,-0.07300836327810155,-0.014714274428231902,-0.08660785232280706
6aLMP8NKV9MOw,박성호,3.5,2026-06-17 09:43:05+00:00,,34,0,False,버즈 군단 몇 소대면 지구정복도 가능하겄노ㅋㅋㅋㅋㅋㅋㅋㅋㅋ,버즈 군단 몇 소대면 지구정복도 가능하겄노,2026-06,2026-06-17,18,Wednesday,False,23,6,positive,0.09287489979133835,-0.11627327503517512,0.5668691329115775,-0.30010922707344073,0.06909467967079283,0.028314632469030945,0.029942531797587678,0.04111318083523624,0.0583941674057373,0.059225313290484284
xzaQAvqp1LEg5,DarthSkywalker,3.5,2026-06-17 07:17:55+00:00,,34,1,False,어른이 되가는 것이 순수함을 잃어간다는 것은 아닐 수 있다는 믿음.,어른이 되가는 것이 순수함을 잃어간다는 것은 아닐 수 있다는 믿음.,2026-06,2026-06-17,16,Wednesday,False,37,10,positive,0.08908431185387268,-0.1014515246257568,-0.04661077529873284,-0.02994622565067927,-0.1320929124208094,0.08476686965610876,-0.044001465175731475,0.03005688527243161,0.001755650074999264,-0.0512186257701768
ZGYMGGGKjVMr8,은숑,3.0,2026-02-22 16:45:07+00:00,,34,1,False,"릴리패드는 사실 멘헤라 정병이었다  스포있는 긴 리뷰 : . . 재밌다. 기분 좋다. 보기 좋다. 하지만 거기에서 더 감상이 나아가지 않는다. 일단 예고편에서부터 이 영화가 주고 싶은 메세지를 너무 직접적으로 주고 있는 것 아닌가? 하는 생각이 들었다. 영화가 주는 메세지는 결국 예상을 벗어나지 않았다. 솔직히 말해서 캐릭터들의 서사도 무엇도 의미있게 나아가지 못한 것 같다. 난 4편도 재밌게 보았고 지금까지의 모든 토이 스토리들은 유의미한 성장이나 변화가 눈에 띄었다. 하지만 일단 이 영화는 버즈와 제시가 결혼할것임을 처음부터 대놓고 암시한다. 사실상 영화의 가장 큰 이벤트는 거의 그것뿐인데도 말이다. 새롭게 사귄 친구도 (만약 다음 편이 나온다면) 다음 편에서 유의미하게 사건을 이끌어갈 것 같지도 않다. 빌런인 릴리패드도 빌런으로 쓰였다기 보다는 정말 주제로서 소비된게 아닌가 싶을 정도로 캐릭터로서의 비중이 그렇게 크지 않다. 이 빌런을 어떻게 해결할지 궁금했는데 그냥 장난감들이 별 것 안 했는데도 저절로 해결되어버린다. 심지어 릴리패드가 정병이라도 겇렸는지 냅다 자기가 자길 버린다;; 덕분에 이 영화는 제시의 추억팔이 집에 돌아가기 대작전이 되어버린다. 솔직히 막 웃긴 장면도 없었던 것 같고ㅇㅇ.. 에밀리가 딸 이름을 제시로 한 걸 장난감 제시가 알아내는 장면은 좀 좋았다. 진짜 이번 영화는 디즈니가 그냥 요즘 스크린 과의존에 빠진 아이들 정신차리게 해줘야겠어! 하고 충동적으로 만든 영화인가 싶다. 아니면 보니가 친구 캐릭터가 없어서 외로워보였나?  관람 전 코멘트 : 토이 스토리 3에서 끝맺음이 되지 않아 4 이후 시리즈를 싫어하는 사람들도 있지만, 난 오히려 토이 스토리 3에서 앤디가 장난감을 더 어린 아이에게 나눠주었듯, 지금의 어린 아이들이 토이 스토리를 보고 우리와 같은 장난감을 기억해주었으면 하는 바람이 있다. (수정 : 방금 토이스토리 3를 다시 봤는데 수정한다 3에서 끝났어야 했다 😭😭😭)",릴리패드는 사실 멘헤라 정병이었다 스포있는 긴 리뷰 . . 재밌다. 기분 좋다. 보기 좋다. 하지만 거기에서 더 감상이 나아가지 않는다. 일단 예고편에서부터 이 영화가 주고 싶은 메세지를 너무 직접적으로 주고 있는 것 아닌가? 하는 생각이 들었다. 영화가 주는 메세지는 결국 예상을 벗어나지 않았다. 솔직히 말해서 캐릭터들의 서사도 무엇도 의미있게 나아가지 못한 것 같다. 난 4편도 재밌게 보았고 지금까지의 모든 토이 스토리들은 유의미한 성장이나 변화가 눈에 띄었다. 하지만 일단 이 영화는 버즈와 제시가 결혼할것임을 처음부터 대놓고 암시한다. 사실상 영화의 가장 큰 이벤트는 거의 그것뿐인데도 말이다. 새롭게 사귄 친구도 만약 다음 편이 나온다면 다음 편에서 유의미하게 사건을 이끌어갈 것 같지도 않다. 빌런인 릴리패드도 빌런으로 쓰였다기 보다는 정말 주제로서 소비된게 아닌가 싶을 정도로 캐릭터로서의 비중이 그렇게 크지 않다. 이 빌런을 어떻게 해결할지 궁금했는데 그냥 장난감들이 별 것 안 했는데도 저절로 해결되어버린다. 심지어 릴리패드가 정병이라도 겇렸는지 냅다 자기가 자길 버린다 덕분에 이 영화는 제시의 추억팔이 집에 돌아가기 대작전이 되어버린다. 솔직히 막 웃긴 장면도 없었던 것 같고 .. 에밀리가 딸 이름을 제시로 한 걸 장난감 제시가 알아내는 장면은 좀 좋았다. 진짜 이번 영화는 디즈니가 그냥 요즘 스크린 과의존에 빠진 아이들 정신차리게 해줘야겠어! 하고 충동적으로 만든 영화인가 싶다. 아니면 보니가 친구 캐릭터가 없어서 외로워보였나? 관람 전 코멘트 토이 스토리 3에서 끝맺음이 되지 않아 4 이후 시리즈를 싫어하는 사람들도 있지만 난 오히려 토이 스토리 3에서 앤디가 장난감을 더 어린 아이에게 나눠주었듯 지금의 어린 아이들이 토이 스토리를 보고 우리와 같은 장난감을 기억해주었으면 하는 바람이 있다. 수정 방금 토이스토리 3를 다시 봤는데 수정한다 3에서 끝났어야 했다,2026-02,2026-02-23,1,Monday,False,950,237,neutral,0.3804492031272965,0.023803075465731405,-0.009254088625233282,0.014709483397072093,-0.05994308479601737,-0.04095533712302126,-0.018877708952322356,-0.12039193522983686,-0.03551573080033881,-0.029305332888600755
GO6MZ4nzw9ENx,영화는 보고 다니냐,3.0,2026-07-03 08:46:34+00:00,,33,0,False,"초심과 산만함을 왔다갔다, 그래도 뭉클함을.",초심과 산만함을 왔다갔다 그래도 뭉클함을.,2026-07,2026-07-03,17,Friday,False,23,5,neutral,0.04628807897025353,-0.05207409285353976,0.0026989403077082312,-0.01978373436920457,-0.05075179365544851,-0.07572191362764033,-0.03958344624887172,0.02677843859992999,-0.011588027410730986,0.012396196186638342
nd3M3z9AkB2Ng,투올드투다이영!,4.0,2026-06-19 06:37:12+00:00,,33,0,False,하...집 가서 레고랑 놀아야겠다ㅠㅠ,하...집 가서 레고랑 놀아야겠다,2026-06,2026-06-19,15,Friday,False,18,4,positive,0.000614366024329384,-0.002787733523905557,0.0033732171731266575,0.0037029828321803082,0.013083914339900773,-0.0037055837293801094,-0.016299479299370104,0.00043394435195649896,0.00044109528515431077,-0.011124120034311439
ZGYMGGLLYwMr8,권혜정,4.0,2026-07-05 10:05:57+00:00,2026-07-03 15:00:00+00:00,32,0,False,"처음에 비디오로 본 지 벌써 31년이나 지났다니…🥹 시대상을 많이 반영했지만 크게 색다른 것은 없었다. 하긴 1~4편이 완벽했는데 더 어떻게 나아갈 수 있겠는가… 6편도 나올 것 같은 느낌으로 마무리되는데, 기대가 되지는 않았다. @cgv천호 IMAX",처음에 비디오로 본 지 벌써 31년이나 지났다니 시대상을 많이 반영했지만 크게 색다른 것은 없었다. 하긴 1 4편이 완벽했는데 더 어떻게 나아갈 수 있겠는가 6편도 나올 것 같은 느낌으로 마무리되는데 기대가 되지는 않았다. cgv천호 IMAX,2026-07,2026-07-05,19,Sunday,True,135,34,positive,0.057632156809981405,-0.051664429548841456,0.00046159507472453426,-0.018655245781614784,-0.028509924698954525,-0.04293749628942806,-0.03132807230434667,0.010485039691762586,0.011351574137335826,-0.0681540855980857
8kXQebP34XEP6,비채,4.0,2026-06-28 10:01:00+00:00,2026-06-26 15:00:00+00:00,32,2,False,아날로그와 디지털 사이를 잇는 이해와 공감의 연료 충전. 추억의 우주선은 회복탄력성의 발사대에서 긍정과 성장의 우주로!🚀🌟,아날로그와 디지털 사이를 잇는 이해와 공감의 연료 충전. 추억의 우주선은 회복탄력성의 발사대에서 긍정과 성장의 우주로!,2026-06,2026-06-28,19,Sunday,True,66,15,positive,0.042656295889445216,-0.014416209078708844,-0.007914314845028272,-0.025364096728881038,-0.020122340711697696,-0.024862719213967807,-0.03957366869065608,-0.029737120423574487,-0.011908033645435035,-0.026603312309656357
kpeQKvNRb5MYN,해핑,5.0,2026-06-19 14:26:35+00:00,,32,0,True,에밀리가 딸 이름을 제시라고 지었어,에밀리가 딸 이름을 제시라고 지었어,2026-06,2026-06-19,23,Friday,False,19,5,positive,0.016240171619056946,0.004536435191255287,-0.001019663643415351,-0.0025606162077991402,-0.00237762572901417,0.007594846387670055,-0.010697343262716538,-0.013908986663451554,-0.002023124749567651,-0.005035911997992244
wlL2Dom7eBEyZ,BIGMAC_bro,4.0,2026-06-17 11:34:44+00:00,,32,0,False,"31년 동안 토이스토리 시리즈를 보며 이제는 부모세대가 되었을 관객들에게 장난감들이 전하는 연대의 안내서이자 육아일기.  큰 기대 안했는데, 많이 놀랐다. 뇌절 같았고, 4편도 딱히 크게 재밌던 느낌이 없었기 때문.  오히려 4가 외전같고, 5는 3편까지의 이야기들을 이어받아 잘 확장시킨 느낌이랄까.  중반부까진 별 세개반 생각했는데 후반부에서 별 네개로 올림.  전자기기의 침략에 의해 도태될 위기에 처한 장난감들이 문제를 어떻게 헤쳐나갈지 궁금했는데,  새로운 시대에 맞게 너무나도 영리하고 유쾌하게 화합과 공존으로 이야기를 풀어나가는 것에 정말 놀랐다.  그동안 장난감들이 아이들에게 버려지는 것에 대한 두려움을 계속 가졌다면, 이제는 그것을 넘어서 아이들을 서로 연결해 주는 주체가 되는 메시지도 너무 좋았음.  그리고… 장난감은 어른들도 좋아해 ㅋㅋ  그것으로 이번 시리즈는 3편의 감동을 이을만 하다.  *버즈 부대가 너무 마음에 들었다 ㅋㅋ  그러고보니 ‘토이 스토리‘ 시리즈 자체가 이젠 나에게 어릴적 장난감 같은 존재가 되었네",31년 동안 토이스토리 시리즈를 보며 이제는 부모세대가 되었을 관객들에게 장난감들이 전하는 연대의 안내서이자 육아일기. 큰 기대 안했는데 많이 놀랐다. 뇌절 같았고 4편도 딱히 크게 재밌던 느낌이 없었기 때문. 오히려 4가 외전같고 5는 3편까지의 이야기들을 이어받아 잘 확장시킨 느낌이랄까. 중반부까진 별 세개반 생각했는데 후반부에서 별 네개로 올림. 전자기기의 침략에 의해 도태될 위기에 처한 장난감들이 문제를 어떻게 헤쳐나갈지 궁금했는데 새로운 시대에 맞게 너무나도 영리하고 유쾌하게 화합과 공존으로 이야기를 풀어나가는 것에 정말 놀랐다. 그동안 장난감들이 아이들에게 버려지는 것에 대한 두려움을 계속 가졌다면 이제는 그것을 넘어서 아이들을 서로 연결해 주는 주체가 되는 메시지도 너무 좋았음. 그리고 장난감은 어른들도 좋아해 그것으로 이번 시리즈는 3편의 감동을 이을만 하다. 버즈 부대가 너무 마음에 들었다 그러고보니 토이 스토리 시리즈 자체가 이젠 나에게 어릴적 장난감 같은 존재가 되었네,2026-06,2026-06-17,20,Wednesday,False,503,119,positive,0.28119990519232774,-0.040692278186884284,0.08160181645340818,0.014533291078284634,0.04739764701371099,-0.032390884360448464,-0.05622276019901208,-0.17315289360285854,0.0023413690123603075,-0.07180329738147444
W4zQrOD9vpEw1,찌질이,3.0,2026-06-17 03:38:26+00:00,,31,0,False,버려진 장난감 만큼이나 비중없는 조연들,버려진 장난감 만큼이나 비중없는 조연들,2026-06,2026-06-17,12,Wednesday,False,21,5,neutral,0.0857124309448698,-0.06652212995152675,-0.11182783214279207,-0.06561136638559942,0.3070600520380873,0.09396599831935616,0.1773571321144361,-0.11755386453177277,0.16940321572613143,-0.1915958597788484
wlL2DompdmEyZ,TERU,4.5,2026-06-17 08:40:34+00:00,,29,0,False,"Good : 온라인과 오프라인 사이에서 삶의 균형을 찾아라! Caution : 인터넷 창과 와이파이, SNS가 앗아간 인간다움을 찬양하다. https://blog.naver.com/teruloved/224318963899",Good 온라인과 오프라인 사이에서 삶의 균형을 찾아라! Caution 인터넷 창과 와이파이 SNS가 앗아간 인간다움을 찬양하다.,2026-06,2026-06-17,17,Wednesday,False,72,15,positive,0.007261238213176199,-0.010616568589739668,-0.003923754271019097,-0.0038516268845652703,-0.004083869255936121,0.003150018337244014,-0.00010243248883544105,0.0020499478031091537,-0.006347042512645606,-0.018993305434341176
xzaQAvqgLNEg5,RAW,3.5,2026-06-21 10:14:07+00:00,,27,1,False,"사라진 순간을 양분 삼아 삶에 피어난 꽃을 흐뭇하게 지켜보다. 3.7/5점(수원AK플라자 Dolby Cinema, 일반관이었으면 3점 이하였을 듯하다.)  그러고보니 Micro USB 5핀이 벌써 10년 전 구형 규격이었네",사라진 순간을 양분 삼아 삶에 피어난 꽃을 흐뭇하게 지켜보다. 3.7 5점 수원AK플라자 Dolby Cinema 일반관이었으면 3점 이하였을 듯하다. 그러고보니 Micro USB 5핀이 벌써 10년 전 구형 규격이었네,2026-06,2026-06-21,19,Sunday,True,121,27,positive,0.017891562350597977,-0.0012290132488095903,-0.004529909922072026,-0.0010310602930860432,-0.014074504179281019,0.004019941042626921,0.009081251076908704,0.004645552096684806,-0.007371681174852162,0.0006274698661622724
zD82XXg4j4253,미래영화감독,4.5,2026-06-26 08:45:32+00:00,,26,0,False,"세상이 바뀌고 어른이 되어도 너희는 내 마음 깊은 곳에, 영원히.",세상이 바뀌고 어른이 되어도 너희는 내 마음 깊은 곳에 영원히.,2026-06,2026-06-26,17,Friday,False,35,10,positive,0.09434942187153252,-0.07440720453670115,-0.034216390105104605,0.013598416383587468,-0.10672627575729632,0.16160400701061894,0.044912061322097,0.24434566008094932,0.17938064516091098,0.08844899368217747
XpeMJGJvWxQJn,돌돔블루,4.0,2026-06-24 03:01:26+00:00,,26,0,False,영화 역사상 가장 훌륭한 5편. 흐르는 시간의 야속함과 관계의 어려움을 이보다 따뜻한 시선으로 돌아보는 영화가 또 있을까.,영화 역사상 가장 훌륭한 5편. 흐르는 시간의 야속함과 관계의 어려움을 이보다 따뜻한 시선으로 돌아보는 영화가 또 있을까.,2026-06,2026-06-24,12,Wednesday,False,68,17,positive,0.061473657777211234,-0.03829127878457144,-0.03000173920508331,-0.007884641185550491,-0.05580328556608721,-0.01780597190010113,-0.025224723262205585,-0.037713845059303336,-0.019575228914249225,0.020035215199869953
xzaQAvq6ZxEg5,맨드로바,4.0,2026-06-20 08:15:25+00:00,,26,0,False,디지털이든 아날로그든 주인인 아이들을 위해서라면 협력할 수 있다. ‘잊혀지는 것’과 ‘기억하는 것’ 중심에 제시를 넣은 건 아주 좋았다.,디지털이든 아날로그든 주인인 아이들을 위해서라면 협력할 수 있다. 잊혀지는 것 과 기억하는 것 중심에 제시를 넣은 건 아주 좋았다.,2026-06,2026-06-20,17,Saturday,True,73,19,positive,0.07230416426384391,-0.02983179283286355,0.012439278025417128,-0.027091721396616204,-0.05663697572840351,-0.046706318962309805,-0.07678734872359261,-0.009977546575666643,-0.023247216764287183,-0.03368375588289999
Vw8MLJOWAlEel,평범한마법사,4.0,2026-06-20 07:31:01+00:00,2026-06-19 15:00:00+00:00,26,0,False,"세월을 입은 장난감, 완숙해진 우리.",세월을 입은 장난감 완숙해진 우리.,2026-06,2026-06-20,16,Saturday,True,19,5,positive,0.09233476354479048,-0.0735459213120864,-0.11256851225853969,-0.07060974610031524,0.32943644649416215,0.09901776097699118,0.1802143962102294,-0.15193178159033935,0.18941639325671175,-0.23020580290692866
69oMvpr6zLEal,Joopiter,4.0,2026-06-20 17:04:44+00:00,2026-06-19 15:00:00+00:00,25,0,False,오랜만에 만난 친구들과는 옛날 얘기를 아무리 반복해도 즐거우니깐.,오랜만에 만난 친구들과는 옛날 얘기를 아무리 반복해도 즐거우니깐.,2026-06,2026-06-21,2,Sunday,True,36,8,positive,0.020845855820137125,-0.02799067257001274,0.023204118180385938,-0.032961064017918616,-0.008028508297539781,-0.014062017770480583,-0.03333726602566183,0.024337354188120414,-0.013966291875224034,-0.0007781146900873427
7JVEoXVJD829y,리얼리스트,4.0,2026-06-18 13:04:27+00:00,,24,0,False,"모두가 디지털 스크린의 무가치한 관계에 매몰되는 시대임에도 불구하고, 여전히 빛나는 아날로그의 힘과 진정성",모두가 디지털 스크린의 무가치한 관계에 매몰되는 시대임에도 불구하고 여전히 빛나는 아날로그의 힘과 진정성,2026-06,2026-06-18,22,Thursday,False,58,13,positive,0.09411257090430696,-0.030893125650996705,-0.08718470316750163,-0.07812393142952939,0.19111117202840197,0.008973051661650255,-0.10307461130721654,0.0748435064049986,-0.045246658151712596,0.09429233324095218
6GWQ1BW9V3EJ5,로즈버드,4.0,2026-06-17 14:08:18+00:00,,24,0,False,"이제는 평생을 함께하고 싶은 시리즈가 되었다. 언제든 새로운 이야기가 찾아온다면, 또 기꺼이 함께할게.",이제는 평생을 함께하고 싶은 시리즈가 되었다. 언제든 새로운 이야기가 찾아온다면 또 기꺼이 함께할게.,2026-06,2026-06-17,23,Wednesday,False,56,13,positive,0.11807126410657566,-0.054939040993568306,-0.03619989841916015,-0.012851473199381055,-0.006204392087392942,-0.09587475272292985,-0.05896615927200044,-0.24467836181172226,0.14487677995004786,0.10668542237983542
1Vl2bbgAlD2rR,inception,4.0,2026-06-17 13:05:56+00:00,2026-06-16 15:00:00+00:00,24,0,False,"기계는 우정을 연결하고, 장난감은 동심과 추억을 지켜준다.",기계는 우정을 연결하고 장난감은 동심과 추억을 지켜준다.,2026-06,2026-06-17,22,Wednesday,False,31,7,positive,0.03716455350797859,-0.03548718782379527,-0.017956055788151702,0.006537100377307466,-0.02540019636307304,-0.0009707510885136068,-0.018493379778227393,-0.010370751255381491,-0.005905564513306467,-0.08708241975785645
6GWQ1BW9qLEJ5,장광남,4.5,2026-06-17 13:40:14+00:00,,23,0,False,"나의 어린 시절에 함께해 준, 그리고 앞으로도 아이들의 어린 시절을 함께해 줄 장난감들에게",나의 어린 시절에 함께해 준 그리고 앞으로도 아이들의 어린 시절을 함께해 줄 장난감들에게,2026-06,2026-06-17,22,Wednesday,False,49,13,positive,0.07200183787090787,-0.08453684438583316,-0.022880181971346295,0.002630731237581777,-0.06152375832848743,-0.01769422216768583,0.15881670136818699,0.011312656964963608,-0.11116319533126351,0.0340277388154383
6aLMP8NwqrMOw,Vv✌🏻,4.0,2026-06-19 11:09:19+00:00,2026-06-18 15:00:00+00:00,22,0,False,"화면은 소비하게 하고, 장난감은 상상하게 한다.",화면은 소비하게 하고 장난감은 상상하게 한다.,2026-06,2026-06-19,20,Friday,False,25,6,positive,0.05679563731796018,-0.05570947531624229,-0.009283775147559951,-0.008133020864533734,-0.04884593561284629,-0.016512416143143673,-0.021224650467317266,-0.03191939738112605,-0.030853937181809538,-0.069345145984486
wlL2DomVXkEyZ,슈아SHUA,4.0,2026-06-17 02:59:44+00:00,,21,1,False,쉴틈없이 흘러가는 세월의 흐름 속에서도 여전히 이 시리즈가 우리 곁에 함께 해야하는 이유.,쉴틈없이 흘러가는 세월의 흐름 속에서도 여전히 이 시리즈가 우리 곁에 함께 해야하는 이유.,2026-06,2026-06-17,11,Wednesday,False,50,13,positive,0.11718132446902112,-0.0837120903465669,-0.11918509734239482,-0.06544603825283879,0.13227896595294392,-0.028089939717103232,-0.061211059748249814,-0.007479496748916456,0.044175428783227465,0.11312857178768124
6PzQ448qkdQqV,그로밋,4.0,2026-06-11 12:50:22+00:00,,21,0,False,<토이 스토리> 떠나지마. 영원히 있어줘!,토이 스토리 떠나지마. 영원히 있어줘!,2026-06,2026-06-11,21,Thursday,False,21,5,positive,0.5328096230146567,0.5318642196295826,0.03310660233379792,0.1334105440911529,-0.12132148783140953,0.038983631761229764,0.1930766135408741,0.2992161987702891,0.32407445705180316,0.09074099937668581
xzaQAvRWRGEg5,방구석관객,3.0,2026-06-11 12:07:47+00:00,,21,0,False,안전하고 가벼운 길을 택한 픽사를 보자니 웃음과 슬픔이 공존한다.,안전하고 가벼운 길을 택한 픽사를 보자니 웃음과 슬픔이 공존한다.,2026-06,2026-06-11,21,Thursday,False,36,9,neutral,0.013692598615153689,-0.015746746328877417,-0.00014038815019896503,0.004704005786436136,-0.004280987338431842,-0.01814056554551917,0.006791007583410856,0.005808937021316595,0.00344982042346361,-0.012619627650704231
jxZQRxnd1r2bq,joo_min_center,3.5,2026-06-27 06:38:07+00:00,,20,0,False,바글바글한 버즈들도 제시 결혼식의 하객으로 나왔으면...,바글바글한 버즈들도 제시 결혼식의 하객으로 나왔으면...,2026-06,2026-06-27,15,Saturday,True,31,6,positive,0.0846798598101993,0.05918566685608861,0.06441945715695602,-0.00590009516972629,-0.06250911646063466,0.010662482953180858,0.1584064435166746,-0.07958381874609796,-0.06791872919409513,-0.20215708364363336
nd3M3z9JR82Ng,이근혜,3.5,2026-06-21 10:30:46+00:00,2026-06-20 15:00:00+00:00,18,0,False,장난감 간 호환성 무슨 일… 개연성은 살짝 무시해도 너무 벅차고 슬픈 감정이 자꾸 치고 올라와서 눈물을 참느라 혼났다. 왜 추억을 보내주는 일 작별과 성장은 이렇게도 힘든지,장난감 간 호환성 무슨 일 개연성은 살짝 무시해도 너무 벅차고 슬픈 감정이 자꾸 치고 올라와서 눈물을 참느라 혼났다. 왜 추억을 보내주는 일 작별과 성장은 이렇게도 힘든지,2026-06,2026-06-21,19,Sunday,True,95,26,positive,0.05956648811607507,-0.04813323389555082,-0.06456484735610536,-0.030918334791420036,0.12882829846441113,0.06771802307664614,0.08284724993821946,-0.061456486906996496,0.0713660613424809,-0.12005155811999446
kpeQKvNPlyMYN,주+혜,4.0,2026-06-18 12:27:18+00:00,2026-06-16 15:00:00+00:00,18,0,False,웨스턴부츠레이디를 사랑한 우주테크베어남,웨스턴부츠레이디를 사랑한 우주테크베어남,2026-06,2026-06-18,21,Thursday,False,21,3,positive,0.0037632135512230954,-0.00316606015993769,-0.00397415044418319,-7.754417855347238e-05,-0.006451615528481585,-0.0012838942550979016,0.0022400376402887928,-0.004953671204439027,-0.00679006668794723,-0.009561437712555585
8n92Vp9PKZQAJ,film fantasia,4.0,2026-06-17 17:17:24+00:00,2026-06-16 15:00:00+00:00,18,0,False,버려지면 그걸로 끝이라고 생각했던 장난감들이 이제는 놓아주는 법을 배우고 기억의 한 켠에 자리잡는다. 한때 너의 시간에 내가 있어 행복했다면 그걸로 충분해.  +) 다 좋은데 개비개비만 안나와서 살짝 섭섭하네..,버려지면 그걸로 끝이라고 생각했던 장난감들이 이제는 놓아주는 법을 배우고 기억의 한 켠에 자리잡는다. 한때 너의 시간에 내가 있어 행복했다면 그걸로 충분해. 다 좋은데 개비개비만 안나와서 살짝 섭섭하네..,2026-06,2026-06-18,2,Thursday,False,114,27,positive,0.04751654578706373,-0.04224257314867931,-0.01603089651042034,-0.010984996107298955,-0.0149162366011137,-0.04162758674995444,-0.0027935841140133894,-0.06985249266831618,0.05281485030520276,-0.03294198041142112
8n92Vpgxl7QAJ,한스기,4.5,2026-06-25 12:40:40+00:00,,17,0,False,"시대가 바뀌어도 우리의 우정이 변함없는 이유는 여린 새싹 곁에서 희노애락을 함께하며 언제나 늘 내 편이었던 네가 있었기 때문 시간이 흘러도 내 마음 한켠에 언제나 머물러있고, 오랜시간 함께 머물러주기를 바라며  시대에 변화에 맞춘 이야기와 시리즈의 중요한 감정의 조화를 아름답게 이루며 지난 시리즈를 회고하고 멋진 이야기를 훌륭하게 만들어간다",시대가 바뀌어도 우리의 우정이 변함없는 이유는 여린 새싹 곁에서 희노애락을 함께하며 언제나 늘 내 편이었던 네가 있었기 때문 시간이 흘러도 내 마음 한켠에 언제나 머물러있고 오랜시간 함께 머물러주기를 바라며 시대에 변화에 맞춘 이야기와 시리즈의 중요한 감정의 조화를 아름답게 이루며 지난 시리즈를 회고하고 멋진 이야기를 훌륭하게 만들어간다,2026-06,2026-06-25,21,Thursday,False,189,46,positive,0.12011868826802183,-0.10950702043421562,-0.07692859006818958,-0.0436821056164686,-0.07253788253584062,-0.008098038173291792,0.023826201837664443,0.05394521242952899,-0.07987401863499019,-0.09559096495911099
rdVMNLnRxJEql,영미남(영화에 미친 남자),4.0,2026-06-19 13:39:23+00:00,2026-06-18 15:00:00+00:00,17,0,False,"(77) 가치가 다해져가는 것들을 위한 픽사의 위로. 👍: 어른들을 위한 픽사의 토닥임, 👎: 1~3편이 역대급 시리즈였기에 거기에는, 각본 14/20 연기 15/20 연출 16/20 재미 32/40",77 가치가 다해져가는 것들을 위한 픽사의 위로. 어른들을 위한 픽사의 토닥임 1 3편이 역대급 시리즈였기에 거기에는 각본 14 20 연기 15 20 연출 16 20 재미 32 40,2026-06,2026-06-19,22,Friday,False,101,28,positive,0.05345176678150159,-0.02377155940166313,0.037106177271146686,-0.04239378599280959,-0.05708556737056698,-0.029987653387282757,-0.06081461266474583,-0.008739698519854728,-0.053115460338083655,0.04884169168776979
lP0E85k48w2bx,siwon.hage,4.5,2026-07-04 12:16:44+00:00,,16,0,False,변기 휴지같이 생긴 이상한 장난감이 웃겼어. 내 점수는 9점이야. 아빠 잠 좀 자지 마.  *아들이랑 27번째로 본 극장 영화.,변기 휴지같이 생긴 이상한 장난감이 웃겼어. 내 점수는 9점이야. 아빠 잠 좀 자지 마. 아들이랑 27번째로 본 극장 영화.,2026-07,2026-07-04,21,Saturday,True,69,19,positive,0.06188798087084471,0.00707207898352178,-0.041403236557902096,-0.03375771473642831,0.05013624915338449,-0.07705537387382806,-0.10262341091777151,0.1516790420688947,-0.03329445123106301,-0.047770142308328246
j7kQzkO7zVEl4,라랄방구,3.0,2026-07-01 14:14:54+00:00,,16,0,False,하루에 매번 사링을 말할 수 없지만 매순간의 사랑이 틀린 적은 없었어.,하루에 매번 사링을 말할 수 없지만 매순간의 사랑이 틀린 적은 없었어.,2026-07,2026-07-01,23,Wednesday,False,39,11,neutral,0.01871960582613654,-0.030937296233303217,-0.020075201116973408,-2.9532577955830222e-05,0.008825094595474718,-0.0021309181256075763,7.473479456760433e-05,-0.007699714754945689,0.04738926405617354,0.03648812230548132
6GWQ1BW5o3EJ5,준형군,3.5,2026-06-22 12:31:29+00:00,,16,0,False,"이미 3편에서 완벽하게 끝난 시리즈를 어떻게 이어갈 것인가라는 숙명적 고민을 안고 출발한다. 과거의 감정을 반복하려 하면서도, 동시에 다른 방향과 비슷한 방향, 어긋난 방향까지 뒤섞인 독특한 작품이 된 이유다.  이번 작품의 핵심은 제시다. 우디와 버즈 중심이던 시리즈에서 이제 감정축은 제시가 이끌며, 변화하는 시대 속 자신의 존재 이유를 고민하는 성장 서사가 영화의 중심이 된다. 우디는 뒤로 물러나지만 그 모습이 오히려 묘한 울림을 준다. 절대적인 리더가 아니라 뒤에서 흐름을 지켜보는 존재로, 그 변화를 거부하지 않고 자연스럽게 받아들이는 ‘톰 행크스‘의 목소리가 한 시대의 주인공이 중심에서 내려오는 모습을 담담히 완성한다.  디지털 시대와 전자기기를 정면으로 다루는 설정은 늦은 감이 있지만, 기존 장난감과 새로운 캐릭터들을 단순한 대립이 아닌 공존의 방향으로 풀어낸 점은 좋다. 반면 “인간 몰래 움직인다”는 토이 스토리 고유의 법칙이 많이 흐려지고, 빌런의 감정 전환도 설득력이 다소 부족하다.  그럼에도 이 영화가 공허하지 않은 건, 결국 시간과 변화 속에서 자신의 자리를 고민하는 이야기이기 때문이다. 3편 같은 완벽한 마무리의 감동과는 결이 다르지만, 5편은 그 나름의 방식으로 충분히 감동적이다. 시리즈가 왜 아직 끝나지 않았는지 끄덕이게 만들면서, 동시에 끝나지 않아도 괜찮다는 걸 느끼게 한다.",이미 3편에서 완벽하게 끝난 시리즈를 어떻게 이어갈 것인가라는 숙명적 고민을 안고 출발한다. 과거의 감정을 반복하려 하면서도 동시에 다른 방향과 비슷한 방향 어긋난 방향까지 뒤섞인 독특한 작품이 된 이유다. 이번 작품의 핵심은 제시다. 우디와 버즈 중심이던 시리즈에서 이제 감정축은 제시가 이끌며 변화하는 시대 속 자신의 존재 이유를 고민하는 성장 서사가 영화의 중심이 된다. 우디는 뒤로 물러나지만 그 모습이 오히려 묘한 울림을 준다. 절대적인 리더가 아니라 뒤에서 흐름을 지켜보는 존재로 그 변화를 거부하지 않고 자연스럽게 받아들이는 톰 행크스 의 목소리가 한 시대의 주인공이 중심에서 내려오는 모습을 담담히 완성한다. 디지털 시대와 전자기기를 정면으로 다루는 설정은 늦은 감이 있지만 기존 장난감과 새로운 캐릭터들을 단순한 대립이 아닌 공존의 방향으로 풀어낸 점은 좋다. 반면 인간 몰래 움직인다 는 토이 스토리 고유의 법칙이 많이 흐려지고 빌런의 감정 전환도 설득력이 다소 부족하다. 그럼에도 이 영화가 공허하지 않은 건 결국 시간과 변화 속에서 자신의 자리를 고민하는 이야기이기 때문이다. 3편 같은 완벽한 마무리의 감동과는 결이 다르지만 5편은 그 나름의 방식으로 충분히 감동적이다. 시리즈가 왜 아직 끝나지 않았는지 끄덕이게 만들면서 동시에 끝나지 않아도 괜찮다는 걸 느끼게 한다.,2026-06,2026-06-22,21,Monday,False,668,166,positive,0.2511412691224753,-0.046252661850761774,0.019013269795964193,-0.06406110414612637,-0.03656401798197867,-0.10030096014215392,-0.053593578501530105,-0.07182028773077338,0.02854806696072961,-0.022467189016183903
1Vl2bbgkR72rR,영사남,4.0,2026-06-19 08:27:30+00:00,,16,0,False,결국 <토이 스토리> 시리즈는 가치 있는 삶에 대한 이야기,결국 토이 스토리 시리즈는 가치 있는 삶에 대한 이야기,2026-06,2026-06-19,17,Friday,False,30,9,positive,0.3755926797440131,0.22536199527047734,-0.014281893630082674,-0.018807774640515685,-0.06715632121176533,0.09650677796606956,0.04105993707370739,-0.06985716675011122,-0.04632019854375943,0.04548776382968249
ZGYMGGAV80Mr8,DwLEE,3.5,2026-06-19 06:19:12+00:00,,16,0,False,장난감이던 전자기기던 사람들이던 서로와 서로의 커넥션으로 인해 모든 관계가 형성되어 만들어지는 세상  이제 후속작에 대한 걱정과 의심은 다 부질없을 정도의 시리즈라 볼 수 있겠다,장난감이던 전자기기던 사람들이던 서로와 서로의 커넥션으로 인해 모든 관계가 형성되어 만들어지는 세상 이제 후속작에 대한 걱정과 의심은 다 부질없을 정도의 시리즈라 볼 수 있겠다,2026-06,2026-06-19,15,Friday,False,98,24,positive,0.08903091186067733,-0.048805134625968985,-0.04589220858967556,-0.02587305915945165,0.03316166712822651,-0.04551467038000756,-0.06490822318539702,-0.017398193762641144,-0.03907804754282219,0.03398882376607681
PkvE6DGBwzMpg,내 낡은 서랍 속의 바다,3.5,2026-07-12 12:25:01+00:00,,15,0,False,"추억이라는 치트키에 기댄 무난한 전개, 그럼에도 그 오랜 세월에 걸친 필수적인 추억 보정값.",추억이라는 치트키에 기댄 무난한 전개 그럼에도 그 오랜 세월에 걸친 필수적인 추억 보정값.,2026-07,2026-07-12,21,Sunday,True,50,13,positive,0.03632218388430216,-0.01935823934560415,-0.024847930085482993,-0.012644639256519678,0.003130400061181674,-0.025909637446523737,-0.0217004143506716,0.003845845156825288,0.010401811559451248,0.02682003447328476
y4ZMO8pw47QOp,OLSTA,3.5,2026-06-19 15:04:01+00:00,,15,1,False,장점: 귀여운 캐릭터가 많음 단점: 조금 늦은 감이 있고 전편들의 그림자가 너무 큼,장점 귀여운 캐릭터가 많음 단점 조금 늦은 감이 있고 전편들의 그림자가 너무 큼,2026-06,2026-06-20,0,Saturday,True,44,13,positive,0.025652354930633916,-0.0004752137378729365,-0.003231249030021247,-0.007071036948283807,-0.01868479842819138,0.001657813685541994,-0.002604044413679118,-0.02023647995805957,-0.00043712022226121295,-0.0037311368644315406
W4zQrODaJ5Ew1,망고무비,3.5,2026-06-19 03:32:37+00:00,2026-06-18 15:00:00+00:00,15,0,False,"언젠간 어른이 되겠지만, 아이는 아이답게 자라길 바라는 픽사의 따뜻한 걱정.",언젠간 어른이 되겠지만 아이는 아이답게 자라길 바라는 픽사의 따뜻한 걱정.,2026-06,2026-06-19,12,Friday,False,41,10,positive,0.06646816899066912,-0.051840557387942056,-0.04032704621714843,-0.03342474087912594,-0.08072429729535624,0.13556208048160556,-0.0491211270444727,0.020137797374165933,-0.04450317097785298,0.026580424282175327
NXnE5ZYmOm2zG,권태성,5.0,2026-06-17 13:03:47+00:00,,15,0,False,영원한 세계 안에서 각자가 머물렀던 시간은 언제나 약속이나 한 듯 제때를 찾아서.,영원한 세계 안에서 각자가 머물렀던 시간은 언제나 약속이나 한 듯 제때를 찾아서.,2026-06,2026-06-17,22,Wednesday,False,45,12,positive,0.04795351783435202,-0.08305947861305604,-0.05741990867741065,-0.029095423831139333,-0.037786912863409496,0.06346939391181111,0.18123742186909453,0.08795065358505397,-0.12968912036274935,0.059388426125669136
xzaQAv0mmNEg5,Fridaythe13th,3.5,2026-07-03 06:07:41+00:00,,14,0,False,"억지스러운 연명 대신, 시류를 올바르게 반영하여 유산을 이어나가는 시리즈에 대한 고마움과 감동으로 가득하다.",억지스러운 연명 대신 시류를 올바르게 반영하여 유산을 이어나가는 시리즈에 대한 고마움과 감동으로 가득하다.,2026-07,2026-07-03,15,Friday,False,59,13,positive,0.05791898370956622,0.017487157190524426,-0.006077314666071878,-0.017854596818896982,0.02223280472685989,0.009599221660622813,-0.014003781449406671,-0.011514777664300072,-0.0048536367428578435,-0.026609111138428176
6PzQ44jD5dQqV,김다베,3.5,2026-07-01 13:23:49+00:00,2026-06-30 15:00:00+00:00,14,0,False,"친구가 되어주는 것에서, 친구를 만들어주는 역할로 후퇴하며 성장한다. 시간이 지나 어두운 서랍에 갇혀도 우리 함께한 추억은 별처럼 남아있을테니.",친구가 되어주는 것에서 친구를 만들어주는 역할로 후퇴하며 성장한다. 시간이 지나 어두운 서랍에 갇혀도 우리 함께한 추억은 별처럼 남아있을테니.,2026-07,2026-07-01,22,Wednesday,False,79,18,positive,0.052107988690816176,-0.058458039963934186,-0.03451900499088342,-0.002608910874210647,-0.01881122669042388,-0.03623508020735395,0.012277267450522511,0.01252189838772674,0.050204909428173176,-0.03433510004472948
3WB2qoZ5gNQpj,김수인,4.0,2026-06-22 07:20:15+00:00,,14,0,False,추억은 돌아오지 않지만 그 때의 감정은 영원히 함께한다.,추억은 돌아오지 않지만 그 때의 감정은 영원히 함께한다.,2026-06,2026-06-22,16,Monday,False,31,8,positive,0.075552152409285,-0.02157663156785258,-0.01799668182789609,0.09542293554028744,-0.06621295701645524,-0.04994111871494103,0.1241789787178093,0.33460106597896605,0.3206613687869727,0.03308204805069246
boPQjo6D5lEKL,캉뱅,3.0,2026-06-21 06:51:30+00:00,,14,0,False,어쩌면 시리즈의 배터리가 다 되었을지도 모른다. 그래도 늘 내 추억의 선반에 고이 모셔두겠지.,어쩌면 시리즈의 배터리가 다 되었을지도 모른다. 그래도 늘 내 추억의 선반에 고이 모셔두겠지.,2026-06,2026-06-21,15,Sunday,True,52,13,neutral,0.06330675186195804,-0.046656841627635996,0.0006702994569456071,-0.03447722387468779,-0.04147923410385221,-0.04008339572147342,-0.05848253772964414,0.016811915784314038,-0.007572627403509401,-0.03198948076697978
7JVEoXVKaX29y,정성찬,4.0,2026-06-21 02:21:53+00:00,,14,1,False,"To Infinity, and Beyond! -> 이거 왜 안함?",To Infinity and Beyond! 이거 왜 안함?,2026-06,2026-06-21,11,Sunday,True,32,7,positive,0.008968172649847247,-0.021493767745501574,0.013923944925721137,0.04246349296227067,0.0027298816010343507,0.05951294829240842,-0.01307205724712766,-0.0019254450881510928,-0.014439193166524776,0.005132747232797342
0ezQye88N1Qpq,살벌한놈,4.0,2026-06-18 04:28:07+00:00,2026-06-16 15:00:00+00:00,14,0,False,결국 시리즈 전체를 관통하는 것은 상실 후 회복에 대한 이야기. 잃어간다는 것을 받아들이는 순간 한 뼘씩 성장해 나간다. 사력을 다해 동심을 지켜내려는 예쁜 마음들은 다섯 번을 반복해도 언제나 눈물겹다.,결국 시리즈 전체를 관통하는 것은 상실 후 회복에 대한 이야기. 잃어간다는 것을 받아들이는 순간 한 뼘씩 성장해 나간다. 사력을 다해 동심을 지켜내려는 예쁜 마음들은 다섯 번을 반복해도 언제나 눈물겹다.,2026-06,2026-06-18,13,Thursday,False,113,29,positive,0.13050301949060156,-0.0849625276237539,-0.022888718230027447,-0.03864987346758545,-0.02933219008099263,-0.015872706326676433,0.041998322447328935,-0.02561703085860121,-0.08420126407379266,-0.021943910976319935
7JVEoXVY7j29y,영화를 보고,4.5,2026-06-17 11:28:49+00:00,2026-06-16 15:00:00+00:00,14,0,False,세상에서 가장 완벽한 5부작,세상에서 가장 완벽한 5부작,2026-06,2026-06-17,20,Wednesday,False,15,4,positive,0.06375823570145447,-0.02570754596471045,-0.04927186884244685,-0.016958078039657223,-0.042366679944976046,0.015498585532990354,-0.019125292019110063,-0.07106544916624764,-0.012323846062360339,0.007091693640378232
3WB2qoZqGpQpj,grim_juri,3.5,2026-06-17 05:37:23+00:00,,14,0,False,릴리 패드가 등장해도 우리에겐 아직 장난감이 필요해.,릴리 패드가 등장해도 우리에겐 아직 장난감이 필요해.,2026-06,2026-06-17,14,Wednesday,False,29,7,positive,0.06553712784626414,-0.013324277973301515,-0.0515369787073765,-0.052609795058105265,0.0687958045013468,-0.0718198782690275,-0.0913991670007013,0.1582857312160201,-0.03866680709112252,-0.04222935342165994
6GWQ1BWPxgEJ5,미드나잇인파리,4.5,2026-06-17 02:48:35+00:00,,14,0,False,여기서만큼은 마음껏 웃고 울어도 괜찮아,여기서만큼은 마음껏 웃고 울어도 괜찮아,2026-06,2026-06-17,11,Wednesday,False,21,5,positive,0.00922053553275109,-0.011583919528658438,-0.0016701905094330981,0.00020046250875941474,-0.011072687449690503,-0.009176471861812713,-0.0041640650999665565,0.019828354838536337,0.0106161521396521,0.0033239764629682637
WzO2g4qRzjMXZ,하리,3.5,2026-07-07 09:59:37+00:00,,13,0,False,버려지고 잊혀지는 스토리 그만 ㅠ 감동은 한번이면 족해... 전편은 좋았는데 ㅠ,버려지고 잊혀지는 스토리 그만 감동은 한번이면 족해... 전편은 좋았는데,2026-07,2026-07-07,18,Tuesday,False,40,9,positive,0.1620427511766398,0.1685440125266067,0.006515921907376715,0.02771399950516198,0.0035497565651270244,-0.0035018758137766665,0.01734625382018405,0.004390385006352179,-0.03378278482974436,-0.00595417924376705
W4zQrOAZkbEw1,두세줄평,4.5,2026-06-28 08:51:24+00:00,,13,0,False,세상에서 가장 위대한 5부작 장난감의 시대는 끝났어도 토이스토리는 끝나지 않는다.  나이 먹을만큼 먹은 30대 성인 남정네 눈가에 눈물을 맺히게 한 것만으로도 걸작이라 칭송할 수 밖에 없다.,세상에서 가장 위대한 5부작 장난감의 시대는 끝났어도 토이스토리는 끝나지 않는다. 나이 먹을만큼 먹은 30대 성인 남정네 눈가에 눈물을 맺히게 한 것만으로도 걸작이라 칭송할 수 밖에 없다.,2026-06,2026-06-28,17,Sunday,True,105,26,positive,0.08093295171441565,-0.0754727947874306,-0.07081768542967799,-0.01918859521398193,-0.03569932429166568,-0.027417312472794633,0.0377354002527439,-0.012440643227182474,-0.03610433378186646,-0.06947227460164815
6aLMP8NPaZMOw,의식의흐름,4.0,2026-06-17 15:17:40+00:00,,13,4,False,세월이 흘러도 장난감이 주는 순수를 잊지 않아야 한다 그러더라구. 그래서 강서윤 군이 요즘 세상에 필요하다 그러더라구. 왜 아직도 토이스토리5 안 봤냐구 그러더라구,세월이 흘러도 장난감이 주는 순수를 잊지 않아야 한다 그러더라구. 그래서 강서윤 군이 요즘 세상에 필요하다 그러더라구. 왜 아직도 토이스토리5 안 봤냐구 그러더라구,2026-06,2026-06-18,0,Thursday,False,91,22,positive,0.11344535801732963,-0.050028635928793634,-0.06192568270836843,-0.04691585440076133,0.00011635435237099777,-0.10353642248300254,-0.10813899531417857,0.12228364228904387,-0.0816283111544146,-0.15144839442258393
PkvE6DG6YyMpg,SH,4.5,2026-07-17 13:44:38+00:00,2026-07-16 15:00:00+00:00,12,0,False,마지막이라고 할 땐 언제고~~ 하면서 봤는데 역시나 재미있다... 어린이와 어른 모두를 위한 픽사의 선물.  @롯데시네마 월드타워,마지막이라고 할 땐 언제고 하면서 봤는데 역시나 재미있다... 어린이와 어른 모두를 위한 픽사의 선물. 롯데시네마 월드타워,2026-07,2026-07-17,22,Friday,False,68,16,positive,0.054548402366874804,0.000517729792842616,0.025614197977423533,-0.030541847893425813,-0.0371026374406494,-0.0060889586781339294,-0.051217424695530214,0.0051847290964221705,-0.06275632547581515,0.05179352254907069
j7kQzkzyK1El4,마르키토,3.5,2026-06-21 16:34:36+00:00,,12,0,False,토이스토리 5리무중,토이스토리 5리무중,2026-06,2026-06-22,1,Monday,False,10,2,positive,0.1803938014395993,-0.21454063339118207,0.2942255870670943,0.7536687819367677,0.23717666618947106,0.13646657373035867,-0.12073856155872685,-0.005980123738973014,-0.04477417474762038,-0.020056994613218512
y4ZMO8pXW3QOp,idaein,3.5,2026-06-17 12:22:51+00:00,,12,0,False,추억으로 먹고 산다는 느낌을 잘 표현했다. 그게 이 시리즈가 30년이 넘어도 계속 나온다는 방증이 아닐까. *쿠키영상 2개 있어요!,추억으로 먹고 산다는 느낌을 잘 표현했다. 그게 이 시리즈가 30년이 넘어도 계속 나온다는 방증이 아닐까. 쿠키영상 2개 있어요!,2026-06,2026-06-17,21,Wednesday,False,72,18,positive,0.053508099719480916,-0.05027836931007017,-0.030504939965460165,-0.0037735026981630814,-0.028745719199933302,-0.043131717556601626,-0.013794409776938228,-0.13268229000844384,0.09231141024106482,0.06319803168582734
y4ZMO8pop4QOp,park,3.5,2026-06-21 12:32:57+00:00,2026-06-19 15:00:00+00:00,11,0,False,버즈는 진짜 제대로 날 수 있게도 되었고 우디는 탈모가 왔지만(ㅠ) 정말 중요한 건 쉬이 사라지지 않노라고 굳게 믿는 마음... 그게 바로 동심 동심 이즈 네버 다이,버즈는 진짜 제대로 날 수 있게도 되었고 우디는 탈모가 왔지만 정말 중요한 건 쉬이 사라지지 않노라고 굳게 믿는 마음... 그게 바로 동심 동심 이즈 네버 다이,2026-06,2026-06-21,21,Sunday,True,89,26,positive,0.03175731646909998,-0.04547783065186457,-0.009645690970341637,-0.014210323128638812,-0.0016432758911117942,-0.012992767977238088,0.012397262589870344,0.016927517384211922,-0.02323532100517817,-0.0052809995771373654
bW3Qk7G13yQ9p,Mean Han,3.5,2026-06-21 07:21:38+00:00,,11,0,False,4편까지 뛰어난 성취를 거둔 시리즈이기 때문에 들어주는 한 번의 돌림노래.,4편까지 뛰어난 성취를 거둔 시리즈이기 때문에 들어주는 한 번의 돌림노래.,2026-06,2026-06-21,16,Sunday,True,41,10,positive,0.01978787226155555,-0.006142333046840997,-0.004698294162434915,0.00023553241904845912,-0.004180309464329971,-0.01117216152607917,-0.015964065175577382,-0.015568878080322375,-0.00295182697253703,-0.0006686002502933237
3kNEpeJxlL2Og,김민재,3.5,2026-06-20 14:36:28+00:00,2026-06-19 15:00:00+00:00,11,0,False,세월이 흘러도 함께했던 추억만큼은 사라지지 않기에.,세월이 흘러도 함께했던 추억만큼은 사라지지 않기에.,2026-06,2026-06-20,23,Saturday,True,28,6,positive,0.024699945506961047,-0.028545062861238577,-0.012226969705680891,-0.011237157627933769,-0.0172373403483485,-0.030139096166417415,0.0032006941831086606,0.01302879801226304,-0.0334176231834924,-0.0974953685356743
69oMvprRKBEal,김필립,3.0,2026-06-20 13:47:38+00:00,,11,0,False,"인간 아이의 비중이 커질수록 이야기의 특별함이 반감되고, 인사이드 아웃의 작법을 가미할수록 토이 스토리의 정체성이 옅어지는 아쉬움에도 디지털 시대의 홍수가 끝까지 빼앗지 못할 아날로그 상상력과 진솔한 관계의 가치가 아름답다.",인간 아이의 비중이 커질수록 이야기의 특별함이 반감되고 인사이드 아웃의 작법을 가미할수록 토이 스토리의 정체성이 옅어지는 아쉬움에도 디지털 시대의 홍수가 끝까지 빼앗지 못할 아날로그 상상력과 진솔한 관계의 가치가 아름답다.,2026-06,2026-06-20,22,Saturday,True,124,28,neutral,0.14242758486330287,0.0881215344574022,-0.005736546994726176,-0.027948759051371376,-0.028193883521114665,-0.011766576318062376,-0.02799318067123781,-0.019576472135403027,0.0021125405699397174,0.006024959105834227
boPQjo6yaKEKL,집중,2.0,2026-06-17 15:55:29+00:00,,11,0,False,이런 식이면 서랍 구석에 넣을 수밖에 없어,이런 식이면 서랍 구석에 넣을 수밖에 없어,2026-06,2026-06-18,0,Thursday,False,23,7,negative,0.019499619409273847,-0.02505344229845847,-0.01541955571781582,0.011462038487685506,0.013233793319500198,-0.004437299155847008,-0.010535230134174333,-0.02168787521475203,0.012759077312465528,-0.025057164700133566
Vw8MLJO9z5Eel,하루,2.5,2026-06-17 11:32:04+00:00,,11,0,True,현대 문물에 대한 비판이나 자아 정체성을 찾으려는 시도는 어디 가고 얼렁뚱땅 해피엔딩으로 마무리. 내 주인이 행복하면 되니까 끝? 수동적일 수밖에 없다는 장난감 서사의 한계를 이별과 독립으로 돌파해낸 전작들과 비교해보면 여러모로 게으르고 진부하다.,현대 문물에 대한 비판이나 자아 정체성을 찾으려는 시도는 어디 가고 얼렁뚱땅 해피엔딩으로 마무리. 내 주인이 행복하면 되니까 끝? 수동적일 수밖에 없다는 장난감 서사의 한계를 이별과 독립으로 돌파해낸 전작들과 비교해보면 여러모로 게으르고 진부하다.,2026-06,2026-06-17,20,Wednesday,False,138,32,negative,0.08047593678879249,-0.03001599152466741,-0.05563844232161377,-0.0377054279961214,0.1256466615784381,0.04980106977045972,0.07699041617962492,-0.06640216031388914,0.03939755525929983,-0.09222770919202264
nd3M3z9v8A2Ng,억이여차,3.5,2026-06-17 08:50:46+00:00,,11,0,False,나의 필요에 따라 존재하는 것은 이 세상에 있을 수 없다는 것을 알게 된다면 나의 시간들 속에서 나를 위해 있어줬던 그 모두는 친구라는 잊을 수 없는 감사한 존재이다,나의 필요에 따라 존재하는 것은 이 세상에 있을 수 없다는 것을 알게 된다면 나의 시간들 속에서 나를 위해 있어줬던 그 모두는 친구라는 잊을 수 없는 감사한 존재이다,2026-06,2026-06-17,17,Wednesday,False,92,27,positive,0.12624551620831223,-0.16060791246963196,-0.030568370951869813,0.032682424565309176,-0.04574830385223697,-0.15274703196539657,0.3028030723088209,-0.00027442733321167184,-0.18518235045505532,0.08092385363643557
8n92Vp94poQAJ,진면목,3.0,2026-06-17 05:38:31+00:00,,11,0,False,요즘 디즈니는 뭔가 부족하다 이제 픽사까지,요즘 디즈니는 뭔가 부족하다 이제 픽사까지,2026-06,2026-06-17,14,Wednesday,False,23,6,neutral,0.0547962983595724,-0.044528313749584006,-0.015268222810290706,-0.03122491412653815,-0.0017854590514926952,-0.04795948258235171,-0.05895212535761059,-0.0030191348357837067,-0.041900023659094364,-0.033520299088450355
OAxM71BNb7Ebm,시네마구리,3.5,2026-06-28 13:34:56+00:00,,10,1,False,"아무리 시대가 변해도 버려진다는 것은, 남겨진다는 것은.",아무리 시대가 변해도 버려진다는 것은 남겨진다는 것은.,2026-06,2026-06-28,22,Sunday,True,30,7,positive,0.07281284176992318,-0.10081155311208705,0.002347701261742274,-0.03569995450366907,-0.08348391870659393,-0.12466143922575607,-0.010720123082168968,0.09898152893618704,0.016405618541513203,-0.24706070597789237
8n92VpgmBZQAJ,지수_evol,3.5,2026-06-27 06:53:17+00:00,,10,0,False,"머물러 있는 우리와 떠나야 하는 너희, 모두 서로를 기억하자. 가끔씩이라도.",머물러 있는 우리와 떠나야 하는 너희 모두 서로를 기억하자. 가끔씩이라도.,2026-06,2026-06-27,15,Saturday,True,41,10,positive,0.0987509934940748,-0.0888970751867528,-0.04054535989451012,-0.009090659894599023,-0.06556749364176842,0.07324742574499647,-0.04658261318281281,-0.024491150824047365,0.01156124450825563,-0.02705292575005681
rdVMNL3pX0Eql,주령,3.5,2026-06-27 05:34:34+00:00,,10,0,False,가야 할 때가 언제인가를 분명히 알고 떠나는 이의 뒷모습은 얼마나 아름다운가,가야 할 때가 언제인가를 분명히 알고 떠나는 이의 뒷모습은 얼마나 아름다운가,2026-06,2026-06-27,14,Saturday,True,42,11,positive,0.020305350151526715,-0.03351128815072334,-0.005102232552527696,-0.019301668456188567,-0.05550855255820019,-0.04350406004482059,-0.03709467546529635,-0.01831308351439343,0.011370484130150259,-0.006632059938615882
mkPMneAJ9p2wq,송현석,3.5,2026-06-21 12:40:44+00:00,,10,0,False,이미 빠르게 다가온 디지털 시대에 Not Today라 외치는 모든 장난감에게,이미 빠르게 다가온 디지털 시대에 Not Today라 외치는 모든 장난감에게,2026-06,2026-06-21,21,Sunday,True,42,10,positive,0.07988845305751142,-0.041251382745764655,-0.04180390185347913,-0.03390943562328955,-0.0003651457004383227,-0.032516119013885014,-0.10076522444363596,-0.004805355938703154,-0.05479619319467116,0.0389872807845568
7JVEoXVAdn29y,영화잡식주의,3.5,2026-06-21 09:08:55+00:00,2026-06-20 15:00:00+00:00,10,0,False,아이폰6 다시 켜봐야겠다ㅠㅠㅠㅠ,아이폰6 다시 켜봐야겠다,2026-06,2026-06-21,18,Sunday,True,13,3,positive,0.08441523071074837,-0.10235945526097369,-0.07916668118596512,-0.0007463362834518808,-0.09037082609866239,-0.06872855235682444,-0.050280596264237684,-0.10330912118739953,0.17328717370239732,0.15521617763094286
nd3M3z96V52Ng,이영석,4.0,2026-06-21 08:11:28+00:00,,10,0,False,"과거와 현재의 융합이 비춘 찬란한 미래, 그래서 더욱 꿈만 같은 이야기.",과거와 현재의 융합이 비춘 찬란한 미래 그래서 더욱 꿈만 같은 이야기.,2026-06,2026-06-21,17,Sunday,True,39,11,positive,0.04731247076829976,-0.027589569879210775,-0.013129032341714758,-0.01840757054435773,-0.001786513750397159,-0.0013083865433434034,-0.032507247869032536,-0.03708039474148566,-0.017898063050452266,-0.0022870485182419254
6PzQ44Y76oQqV,Gozetto,3.5,2026-06-18 13:09:12+00:00,2026-06-17 15:00:00+00:00,10,0,False,장난감의 시대가 끝나는 때가 올 것이나 적어도 오늘은 아니다(3.5),장난감의 시대가 끝나는 때가 올 것이나 적어도 오늘은 아니다 3.5,2026-06,2026-06-18,22,Thursday,False,37,10,positive,0.04499611055819258,-0.06541273463211418,-0.021804862690688865,-0.004474253422911004,-0.058109797205142553,-0.061426182357316915,-0.02766761795853387,0.07501535663154708,0.010935823762794979,-0.1923532975695374
wlL2Domp9oEyZ,코닥쿠,4.0,2026-06-17 09:23:12+00:00,,10,0,False,정보화시대에 아이들마저 극성장을 일으키는 현사회와 학창시절 포켓몬을 좋아한다 용기내어 말하지 못한 나의 동심을 끌어올린다. 정말 공감간다.  결국 고지대 선점한 버즈 승리.,정보화시대에 아이들마저 극성장을 일으키는 현사회와 학창시절 포켓몬을 좋아한다 용기내어 말하지 못한 나의 동심을 끌어올린다. 정말 공감간다. 결국 고지대 선점한 버즈 승리.,2026-06,2026-06-17,18,Wednesday,False,95,21,positive,0.12888843817372658,-0.16644710969750534,0.2982620266016167,-0.16249715571816806,0.027975270989409495,-0.03435323435585935,0.25911833814876717,0.06597612453170867,-0.13041636752275634,0.04865074398645954
OAxM713gkyEbm,실존,3.5,2026-07-19 02:17:22+00:00,,9,0,False,"모든것이 빠르게 발전해 가는 현대사회의 한복판에서, 오래된 것이 반드시 대체되어야 하는 낡아빠진 것은 아님을 기억하며 투박하고 부족한 그대로 소중하게 남겨질 가치들을 향해 해맑은 미소를.",모든것이 빠르게 발전해 가는 현대사회의 한복판에서 오래된 것이 반드시 대체되어야 하는 낡아빠진 것은 아님을 기억하며 투박하고 부족한 그대로 소중하게 남겨질 가치들을 향해 해맑은 미소를.,2026-07,2026-07-19,11,Sunday,True,103,24,positive,0.07891241530903972,-0.08882233394244377,-0.02123835894317413,-0.03714599009783855,-0.03081948392827351,-0.05871097169138998,-0.05148114231610368,0.011674800315378762,0.012531039465251973,-0.10176603214157061
WzO2g4qrDRMXZ,감정수업중🤔,3.5,2026-07-08 14:52:35+00:00,2026-07-07 15:00:00+00:00,9,0,False,"내 자식의 이름은 무엇으로 지을까 뭉클했던 그 단 한 순간. 중간에 인사이드아웃이 오버랩됐다. 그 전과 스타일이 달라진걸까. 아직은 보내고 싶지 않다. 내가 어른이 되어도, 그들의 이야기는 나를 추억으로 빠져들게 만든다.",내 자식의 이름은 무엇으로 지을까 뭉클했던 그 단 한 순간. 중간에 인사이드아웃이 오버랩됐다. 그 전과 스타일이 달라진걸까. 아직은 보내고 싶지 않다. 내가 어른이 되어도 그들의 이야기는 나를 추억으로 빠져들게 만든다.,2026-07,2026-07-08,23,Wednesday,False,122,30,positive,0.0838003680776011,-0.1261635010690812,-0.0642422435077299,-0.009124791474460289,-0.00677262748257454,0.07663905814651026,0.12880272138521323,-0.0690771715110441,-0.0015806191530909467,0.1588839256054753
6GWQ1B7dKNEJ5,에치양,4.0,2026-07-04 01:01:55+00:00,,9,1,False,"광활한 장난감 생태계에서 수컷 버즈는 27년간 오직 한 암컷만을 향해 구애했고, 녀석은 마침내 제시의 환심을 사는 데 성공합니다.",광활한 장난감 생태계에서 수컷 버즈는 27년간 오직 한 암컷만을 향해 구애했고 녀석은 마침내 제시의 환심을 사는 데 성공합니다.,2026-07,2026-07-04,10,Saturday,True,71,18,positive,0.07113357646632275,-0.07148125272289958,-0.05681158593618707,-0.04615331128536644,0.13560719273104804,0.056033047336025356,0.07981885054611886,-0.08210885083309133,0.09624752199855106,-0.14513534628385708
8n92VpgZOvQAJ,Cinefeel,4.0,2026-07-02 12:05:13+00:00,,9,1,False,영화를 보면서 아름다운 이별을 한 줄 알았던 친구가 갑자기 내 옆에 나타나 이전에 못한 얘기를 털어놓을 때의 반가움과 ‘지금 이 이야기를 왜..?’라는 당황스러움이 공존하는 느낌이었다.,영화를 보면서 아름다운 이별을 한 줄 알았던 친구가 갑자기 내 옆에 나타나 이전에 못한 얘기를 털어놓을 때의 반가움과 지금 이 이야기를 왜..? 라는 당황스러움이 공존하는 느낌이었다.,2026-07,2026-07-02,21,Thursday,False,102,26,positive,0.06853157399324555,-0.061805814552144185,0.001823075597333519,-0.0007011618681382157,-0.04913071581015267,-0.018149154464311323,-0.02635887413641066,-0.019429998271447733,0.005217542743221907,-0.01609937753795654
3kNEpeJOJN2Og,HWTN,3.5,2026-06-23 03:42:19+00:00,,9,0,False,추억만으로 보기에 충분한.,추억만으로 보기에 충분한.,2026-06,2026-06-23,12,Tuesday,False,14,3,positive,0.0036525439958630408,-0.00551708355537618,0.0007357316508557557,-0.002120038318879597,-0.0057878208514429335,-0.004260082916954897,0.0065065368991162,0.001257948663136962,-0.006868578512215633,0.00028869850348124443
bW3Qk7GW9LQ9p,웅이,4.0,2026-06-20 09:51:06+00:00,,9,0,False,'토이스토리1'의 감성을 이식한 '토이스토리2'의 속편 현 아이들세대와 자라온 어른세대 모두에게 픽사가 하고싶은 이야기,토이스토리1 의 감성을 이식한 토이스토리2 의 속편 현 아이들세대와 자라온 어른세대 모두에게 픽사가 하고싶은 이야기,2026-06,2026-06-20,18,Saturday,True,64,15,positive,0.03784590629390102,-0.013350570733721746,-0.013508014772405274,-0.018589565890542316,-5.360943104409856e-05,-0.0006314627475333452,-0.0272853839204686,-0.05712397084391062,-0.031160108836636707,0.009420347173631454
W9bEBerBwpQpZ,무앗딥,3.5,2026-06-20 09:47:03+00:00,,9,0,False,"이기거나 없앨 순 없어도 함께 공존할 순 있다고, 이 영화를 본 후 핸드폰은 잠시 내려두고 옛 추억을 회상할 사람들에게 장난감의 시대는 끝나지 않았다는 걸 느끼게 해준다.",이기거나 없앨 순 없어도 함께 공존할 순 있다고 이 영화를 본 후 핸드폰은 잠시 내려두고 옛 추억을 회상할 사람들에게 장난감의 시대는 끝나지 않았다는 걸 느끼게 해준다.,2026-06,2026-06-20,18,Saturday,True,94,26,positive,0.06169646885537037,-0.07368052081718603,-0.04894075694027975,-0.017642065463925927,-0.041678564215311006,0.011471967684178594,0.026196926231580195,0.03869800786523017,-0.02987914068382766,-0.10166247983712046
ZGYMGGA5epMr8,파름,4.0,2026-06-20 02:36:48+00:00,,9,2,False,"순수하게 장난감을 가지고 놀던 아이들, 그 시기의 아이들만이 가진 순수함의 가치를 잘 담아냈다.  전자기기 시대에 맞춘 새로운 갈등 구조와 토이 스토리 특유의 감성이 잘 어울러진 후속작!  토이 스토리 시리즈 전체를 통틀어 최고의 작품은 아니지만, 이 시리즈를 계속 볼 수 있다는 것 자체가 너무 좋았다.",순수하게 장난감을 가지고 놀던 아이들 그 시기의 아이들만이 가진 순수함의 가치를 잘 담아냈다. 전자기기 시대에 맞춘 새로운 갈등 구조와 토이 스토리 특유의 감성이 잘 어울러진 후속작! 토이 스토리 시리즈 전체를 통틀어 최고의 작품은 아니지만 이 시리즈를 계속 볼 수 있다는 것 자체가 너무 좋았다.,2026-06,2026-06-20,11,Saturday,True,166,44,positive,0.3835360967331227,0.260328351162501,-0.008486710197413783,0.0028100492266387284,-0.05205080608509116,-0.008203523541498075,-0.010610339343268813,-0.0813767850007789,-0.05719936881300626,-0.0023204191382612117
xplMdbZxjYE4o,싱우,3.5,2026-06-17 12:21:22+00:00,,9,0,False,"세대, 인종, 성을 아우르는 디즈니식 올바른 PC의 모범 사례. 이 작품을 빛내기 위해 지금까지 일부러 똥을 뿌려온 건가 싶을 정도.",세대 인종 성을 아우르는 디즈니식 올바른 PC의 모범 사례. 이 작품을 빛내기 위해 지금까지 일부러 똥을 뿌려온 건가 싶을 정도.,2026-06,2026-06-17,21,Wednesday,False,72,20,positive,0.02464809999213562,-0.02922055804786861,-0.006850799957225815,0.004483549200277456,-0.00507965018543741,-0.007933956716067475,-0.0067008660369088525,-0.016003784287776764,-0.008141508042428018,-0.0015003140379544941
lP0E85y4N92bx,SH,5.0,2026-06-17 04:08:57+00:00,,9,0,False,"유한하기에 눈부시게 아름답고 즐거운 순간들이 있다. 놓아주는 것을 두려워하지 말자. 같이 노는 그 순간만큼은 즐거웠잖아, 행복했잖아. 그거면 된 거야. 변화가 많아져도 변함없이 널 사랑해.  -  토이스토리 시리즈만큼 원초적으로 우리의 어린 시절에게 보내는 아름다운 답사가 있을까. 아쉬운 점을 꼽을 수는 있지만, 굳이 그러고 싶지 않다. 창고 상자 속 어딘가에서 나의 행복을 간절히 빌어주고 있을 우디와 제시, 버즈들을 종종 꺼내주는 달콤쌉쌀한 매개체이기에.  -  이 시리즈의 핵심은 떠나보내는 것이다. 어린 상상력에서의 졸업을 받아들이는 순간, 비로소 아이들도 장난감도 성장한다.",유한하기에 눈부시게 아름답고 즐거운 순간들이 있다. 놓아주는 것을 두려워하지 말자. 같이 노는 그 순간만큼은 즐거웠잖아 행복했잖아. 그거면 된 거야. 변화가 많아져도 변함없이 널 사랑해. 토이스토리 시리즈만큼 원초적으로 우리의 어린 시절에게 보내는 아름다운 답사가 있을까. 아쉬운 점을 꼽을 수는 있지만 굳이 그러고 싶지 않다. 창고 상자 속 어딘가에서 나의 행복을 간절히 빌어주고 있을 우디와 제시 버즈들을 종종 꺼내주는 달콤쌉쌀한 매개체이기에. 이 시리즈의 핵심은 떠나보내는 것이다. 어린 상상력에서의 졸업을 받아들이는 순간 비로소 아이들도 장난감도 성장한다.,2026-06,2026-06-17,13,Wednesday,False,315,73,positive,0.1698654686708055,-0.13800487974468917,0.025892993213591304,0.1087024844122009,-0.07435680517762441,0.008753052794505537,0.09428038827490508,-0.006734785851729692,-0.10554200186483202,-0.06655395533021097
6GWQ1BrDjvEJ5,제롬,4.5,2026-06-11 13:23:44+00:00,2026-06-10 15:00:00+00:00,9,0,False,"잠시 잊고 지냈을 뿐, 나의 장난감 친구들은 언제나 함께였다 🧸✨ 변한 게 아니라 성장한 거야. 함께한 추억은 여전히 그대로니까 🤠🚀",잠시 잊고 지냈을 뿐 나의 장난감 친구들은 언제나 함께였다 변한 게 아니라 성장한 거야. 함께한 추억은 여전히 그대로니까,2026-06,2026-06-11,22,Thursday,False,67,18,positive,0.1556421864171862,-0.17188253124421102,-0.15367577588223028,-0.08843897545795414,0.2171176089806534,0.04942853010438805,0.2631902781385937,0.13607360842831628,0.023887170491189144,0.006384531053797478
j7kQzkP5ZNEl4,Insomniac,3.5,2026-07-04 13:08:31+00:00,2026-07-03 15:00:00+00:00,8,0,False,"손때 묻은 반려 추억의 소중함을 잘 아는 이들이 존재하는 한, 토이 스토리는 계속될 것이다. 아니, 계속되어야 한다. (끝내 서두르는 제시의 이야기까지 설득해내는 픽사의 검증된 손맛.)",손때 묻은 반려 추억의 소중함을 잘 아는 이들이 존재하는 한 토이 스토리는 계속될 것이다. 아니 계속되어야 한다. 끝내 서두르는 제시의 이야기까지 설득해내는 픽사의 검증된 손맛.,2026-07,2026-07-04,22,Saturday,True,99,25,positive,0.17318904646873587,0.05618283598718665,0.0008431320189176239,-0.03742528680818873,-0.0748011608449765,-0.012033099117969005,-0.014616963487177642,-0.054029679962806706,-0.03437189259684228,-0.05011193759230982
nd3M3zjXPP2Ng,Sinclair,3.5,2026-06-30 10:32:11+00:00,,8,0,False,"우디의 시대가 아름다운 마침표였다면, 제시의 시대는 변화를 두려워하지 않는 용기 있는 쉼표.",우디의 시대가 아름다운 마침표였다면 제시의 시대는 변화를 두려워하지 않는 용기 있는 쉼표.,2026-06,2026-06-30,19,Tuesday,False,50,12,positive,0.11340446363662465,-0.11499304980813622,-0.023185230928913357,0.01039807263804262,-0.0879902609668163,0.0015195024805201652,-0.014479391244233836,-0.003828877532698994,0.012730889067706391,-0.16474746659043993
OAxM71B34KEbm,CHJ013,5.0,2026-06-27 07:08:02+00:00,2026-06-22 15:00:00+00:00,8,0,False,"태블릿에 대해 단언하고 배제하기보다는 맞닥뜨린 문제를 해결하기 위해 태블릿을 활용해서 좋았다.  2020년대에 접어들며 온라인 세상을 거치지 않고서는 인간관계를 형성하기가 어려워졌고, 이는 아이들에게까지도 적용되기 시작했다. 릴리패드 없이는 친구를 사귀기 어려운 작중 모습이 결코 과장되거나 판타지는 아니다. 때문에 아이들이 태블릿에 자연스레 과의존하거나 중독되는 것도 어찌보면 변한 사회가 만들어낸 당연한 수순의 일부이다.  이 현상에 대해 <토이스토리 5>는 '태블릿을 사용해야 하는가?'라는 더이상 무의미한 질문보다는 '태블릿을 어떻게 사용해야 하는가?'라는 질문과 하나의 모범 답안을 내놓는다. 이제는 떼어낼 수 없는 태블릿이나 스마트폰에 구속되지 않되 현명하게 활용하며 일상 속의 문제-작중에서는 인간관계-를 해결해나가는 방법을 보여 준다.  거기에, 보니와 첼시, 하이디, 카라가 보여준 얕고 솔직하지 못한 관계를 통해 이제는 태블릿과 스마트폰 만으로도 친구를 사귀고 관계를 이어나갈 수 있다는 릴리패드의 초반 대사를 반증하며 아이들에게도 바람직한 친구 관계를 이어나가는 방법에 대해 생각해볼 수 있는 계기를 마련한다.  다만, 새로운 장난감들의 등장으로 기존 장난감들의 비중이 현저히 떨어진 것은 토이스토리의 오랜 팬으로서 아쉬운 부분이다. 만약 <토이스토리 6>이 나온다면, 예전의 장난감들과 지금의 장난감들이 팀워크를 이루는 장면들이 많이 담겼으면 좋겠다.  + '박수칠 때 떠나라'라는 말이 무색하게도, 아직 토이스토리 시리즈는 받을 박수가 많이 남은 것 같다.",태블릿에 대해 단언하고 배제하기보다는 맞닥뜨린 문제를 해결하기 위해 태블릿을 활용해서 좋았다. 2020년대에 접어들며 온라인 세상을 거치지 않고서는 인간관계를 형성하기가 어려워졌고 이는 아이들에게까지도 적용되기 시작했다. 릴리패드 없이는 친구를 사귀기 어려운 작중 모습이 결코 과장되거나 판타지는 아니다. 때문에 아이들이 태블릿에 자연스레 과의존하거나 중독되는 것도 어찌보면 변한 사회가 만들어낸 당연한 수순의 일부이다. 이 현상에 대해 토이스토리 5 는 태블릿을 사용해야 하는가? 라는 더이상 무의미한 질문보다는 태블릿을 어떻게 사용해야 하는가? 라는 질문과 하나의 모범 답안을 내놓는다. 이제는 떼어낼 수 없는 태블릿이나 스마트폰에 구속되지 않되 현명하게 활용하며 일상 속의 문제 작중에서는 인간관계 를 해결해나가는 방법을 보여 준다. 거기에 보니와 첼시 하이디 카라가 보여준 얕고 솔직하지 못한 관계를 통해 이제는 태블릿과 스마트폰 만으로도 친구를 사귀고 관계를 이어나갈 수 있다는 릴리패드의 초반 대사를 반증하며 아이들에게도 바람직한 친구 관계를 이어나가는 방법에 대해 생각해볼 수 있는 계기를 마련한다. 다만 새로운 장난감들의 등장으로 기존 장난감들의 비중이 현저히 떨어진 것은 토이스토리의 오랜 팬으로서 아쉬운 부분이다. 만약 토이스토리 6 이 나온다면 예전의 장난감들과 지금의 장난감들이 팀워크를 이루는 장면들이 많이 담겼으면 좋겠다. 박수칠 때 떠나라 라는 말이 무색하게도 아직 토이스토리 시리즈는 받을 박수가 많이 남은 것 같다.,2026-06,2026-06-27,16,Saturday,True,753,174,positive,0.1782490360400939,-0.13379029852543547,0.05426841395172342,0.16293525175184634,0.006702488963061768,-0.019075367900317237,-0.07568455373736813,-0.09957368568651483,0.006951993775088005,-0.03487471427833108
POkEweO97AMql,hwan,4.0,2026-06-24 01:53:36+00:00,,8,0,False,"스쳐 가는 연인들 사이에서 너는, 너희는 묵묵히 내 손을 잡고 있더라. 너희들과의 만남은 결코 헛되지 않았어.",스쳐 가는 연인들 사이에서 너는 너희는 묵묵히 내 손을 잡고 있더라. 너희들과의 만남은 결코 헛되지 않았어.,2026-06,2026-06-24,10,Wednesday,False,60,16,positive,0.020321850650423346,-0.024178467611701965,-0.0054051716939596236,-0.013169963124219154,0.0025320623486757704,-0.0017859327912003384,-0.02890332886493236,0.0270223612375248,-0.005017879849274363,-0.005619446123328363
POkEwe6Jw6Mql,공실,4.5,2026-06-23 08:22:56+00:00,,8,0,False,역시 릴황은 스윗해,역시 릴황은 스윗해,2026-06,2026-06-23,17,Tuesday,False,10,3,positive,0.028993308943630593,-0.03986953369033374,0.03186125378254209,0.10307131957991898,0.014540795076921107,0.024914610397829537,-0.013116902462410625,-0.0028205516427868894,-0.05766111267510523,-0.05574560740366745
OAxM71PAw0Ebm,라이너스,3.5,2026-06-21 05:59:39+00:00,,8,0,False,"익숙한 사골국을 그리워하며 찾게 된다. 우리는 언제나 영원한 친구! - 걸작 1~3부를 지난 시리즈가 이따금 소품집처럼 돌아와서 동심을 건드려주니 좋습니다. 저도 버즈라이트의 멋진 신형 모델 하나 가지고 싶네요. (무한한 공간, 저 너머로!)",익숙한 사골국을 그리워하며 찾게 된다. 우리는 언제나 영원한 친구! 걸작 1 3부를 지난 시리즈가 이따금 소품집처럼 돌아와서 동심을 건드려주니 좋습니다. 저도 버즈라이트의 멋진 신형 모델 하나 가지고 싶네요. 무한한 공간 저 너머로!,2026-06,2026-06-21,14,Sunday,True,130,32,positive,0.11291219296489416,-0.12421711567158106,-0.07980640834256293,-0.032969479192732326,-0.05739444144565588,-0.016016753029603314,0.0826889103979578,0.03049235628784625,-0.03297202095489179,0.10050359477373276
POkEwe6pZqMql,무민의커피,4.5,2026-06-21 00:53:51+00:00,2026-06-19 15:00:00+00:00,8,0,False,변한게 아니야. 성장한거야. 🥹🥹  서마터폰은 잠시 내려놓고 주위를 둘러보자. 🫂,변한게 아니야. 성장한거야. 서마터폰은 잠시 내려놓고 주위를 둘러보자.,2026-06,2026-06-21,9,Sunday,True,39,8,positive,0.025301047420754588,-0.05000216639535614,-0.04106902800488603,-0.034473415648510905,-0.033423349712269644,0.16022883577674915,0.00917912595107987,0.05785023436508674,-0.017041463926754725,0.040548751935015726
W4zQrODpNVEw1,백성욱,4.0,2026-06-20 09:47:45+00:00,2026-06-19 15:00:00+00:00,8,0,False,WITH STYLE.,WITH STYLE.,2026-06,2026-06-20,18,Saturday,True,11,2,positive,0.0048381705672846855,-0.006143321096970083,-0.0025965979940948515,-0.0017340296444264248,-0.008005791906124384,-0.005193099436444856,0.004049653652170803,-0.007067980916222579,-0.005164765640700722,0.00040248380821219853
7JVEoXV3Kn29y,Doo,5.0,2026-06-20 03:01:46+00:00,,8,0,False,나도 어쩔 수 없는 '토이 스토리' 의 팬인것 같다. 친근한 캐릭터들이 서로 합을 맞춰 이야기를 풀어가는건 언제 봐도 흥미롭다. 전자기기에 빠져드는 요즘 아이들을 생각하면 또 흥미로운 소재가 아닐 수 없다. 전편들을 생각나게 하는 팬서비스도 여전했다. 제일 놀란건 아직도 뭔가 몽글몽글하게 감동을 준다는 점이다. 3편이 워낙 완벽한 엔딩이긴 했지만 이번 작품도 참 나도 모르게 미소짓게 만드는 엔딩이었다는 생각이 들었다.,나도 어쩔 수 없는 토이 스토리 의 팬인것 같다. 친근한 캐릭터들이 서로 합을 맞춰 이야기를 풀어가는건 언제 봐도 흥미롭다. 전자기기에 빠져드는 요즘 아이들을 생각하면 또 흥미로운 소재가 아닐 수 없다. 전편들을 생각나게 하는 팬서비스도 여전했다. 제일 놀란건 아직도 뭔가 몽글몽글하게 감동을 준다는 점이다. 3편이 워낙 완벽한 엔딩이긴 했지만 이번 작품도 참 나도 모르게 미소짓게 만드는 엔딩이었다는 생각이 들었다.,2026-06,2026-06-20,12,Saturday,True,233,58,positive,0.252412530029563,0.04166796989918298,0.008049262338978605,-0.029117989201110476,-0.07754886125915754,-0.03591779808383366,-0.0836660191338157,-0.018517278044163813,-0.040930472337514255,-0.005153615748754945
jxZQRxNmyk2bq,hannah,3.5,2026-06-19 10:53:11+00:00,,8,1,False,"고마워, 덕분에 함께 놀 수 있고 행복한 추억을 가진 어른이 되었어.",고마워 덕분에 함께 놀 수 있고 행복한 추억을 가진 어른이 되었어.,2026-06,2026-06-19,19,Friday,False,37,11,positive,0.0835020026846163,-0.0993409352830649,-0.06939994515644905,-0.024624884188400774,-0.1176790659183603,0.15761907468919034,0.0004847525718401274,0.04625025331090811,-0.036165278498597915,-0.03807681432539577
zD82XX4gjX253,keemviolet,4.0,2026-06-18 08:15:51+00:00,,8,0,False,신식은 모르는 구식의 낭만이랄까 서른 넘으면 안 울 줄 알았지 또 울컥합띠다 근데 탈모는 놀리지마라 진짜,신식은 모르는 구식의 낭만이랄까 서른 넘으면 안 울 줄 알았지 또 울컥합띠다 근데 탈모는 놀리지마라 진짜,2026-06,2026-06-18,17,Thursday,False,58,16,positive,0.019246467644542367,-0.018482141887392334,0.005761764542288494,-0.0236832809701293,-0.03836293096598174,0.019988563921241067,-0.006687348892322397,-0.007894405338392993,-0.0012774393585821817,0.007991986922567869
P7kEWp99Vd2J9,시지석,4.5,2026-06-18 04:00:08+00:00,,8,0,False,“게임만 하는 애들은 놀이가 뭔지 절대 몰라.”,게임만 하는 애들은 놀이가 뭔지 절대 몰라.,2026-06,2026-06-18,13,Thursday,False,24,7,positive,0.04497368277922619,-0.02311549074072424,0.0028964736637655157,-0.006980724948004274,-0.010227025947624827,-0.018262938392890393,-0.045362307122617886,0.011018434856387429,-0.01613367297867411,-0.036670473898536074
0ezQye8r61Qpq,송재한,4.0,2026-06-17 16:33:16+00:00,,8,0,False,시절인연이란 말이 있다. 때가 되어 오고 가지만 멀어진다고 사라지는 건 아니다. 서로를 빛내준 그 순간들은 가야할 길을 밝히는 별로 남는다.,시절인연이란 말이 있다. 때가 되어 오고 가지만 멀어진다고 사라지는 건 아니다. 서로를 빛내준 그 순간들은 가야할 길을 밝히는 별로 남는다.,2026-06,2026-06-18,1,Thursday,False,78,20,positive,0.052221721037231654,-0.05811783286620795,-0.01810363949781318,-0.0035646574330067244,-0.04465596181665702,-0.07067974444383557,-0.05884266310887639,0.062420488278839385,0.024633466468232307,-0.08147641520934688
Vw8MLJPgD5Eel,임서진,3.5,2026-07-21 04:19:01+00:00,,7,0,False,어딘가 아쉬워도 감동은 여전히,어딘가 아쉬워도 감동은 여전히,2026-07,2026-07-21,13,Tuesday,False,16,4,positive,0.08673304008249584,-0.017547464227073387,-0.0978370312239572,-0.08393696165759319,0.26379897416185877,0.026171136596324463,-0.09888149146010446,0.10080904893210976,-0.0462876997918318,0.11320712999353752
GO6MZ4bzwbENx,B.Lanc,3.5,2026-07-11 15:01:37+00:00,2026-07-11 14:58:40+00:00,7,0,False,힘은 좀 빠졌지만 가슴 먹먹하게 하는 건 여전하다,힘은 좀 빠졌지만 가슴 먹먹하게 하는 건 여전하다,2026-07,2026-07-12,0,Sunday,True,27,8,positive,0.04420897957482512,-0.028488297028395466,0.004986833861898495,-0.01267212910444199,-0.03238700424351567,-0.0008934997867254893,-0.05163001945677188,0.0012848829241061772,-0.00552583965672043,-0.0363276622338245
6aLMP8WaB0MOw,정지훈,3.5,2026-07-04 11:24:47+00:00,,7,0,False,"늘 변함 없는 사랑이 아니라, 누군가의 추억 속에서 소중한 존재로 남는다는 것.",늘 변함 없는 사랑이 아니라 누군가의 추억 속에서 소중한 존재로 남는다는 것.,2026-07,2026-07-04,20,Saturday,True,43,12,positive,0.07855723681345846,-0.090830362122576,-0.0422363916561386,-0.0010625523313153428,-0.0708058460115416,-0.09545814771288595,0.08282923732875509,0.004456517153282623,0.1671401003009761,0.02636327571838945
69oMvpwAXLEal,OmOri,3.5,2026-06-30 15:10:12+00:00,2026-06-29 15:00:00+00:00,7,0,False,그리움과 새로움 사이 제자리 뛰기로도 어느 정도 운동은 된다.,그리움과 새로움 사이 제자리 뛰기로도 어느 정도 운동은 된다.,2026-07,2026-07-01,0,Wednesday,False,34,9,positive,0.03005943475214744,-0.024335373398288236,-0.018300260888104214,-0.008258754769868763,-0.03234052952136403,-0.013794962604746353,0.004664654892940875,0.013625647299156442,-0.022243209422215023,-0.011087688065271361
BVoM9qp3xZMP0,임중경,3.0,2026-06-27 05:12:39+00:00,,7,0,False,아무래도 어우러지지 않는 우디-버즈와 버즈 군단의 이물감. 그와중 메인 플롯마저 동어반복 뿐인 이야기일뿐.,아무래도 어우러지지 않는 우디 버즈와 버즈 군단의 이물감. 그와중 메인 플롯마저 동어반복 뿐인 이야기일뿐.,2026-06,2026-06-27,14,Saturday,True,59,14,neutral,0.09928453025437378,-0.1079953386651462,0.3435595624237654,-0.15805926620304528,0.022031488392041287,0.0110069821400487,-0.009566097211885545,0.02397473040481166,0.0314547084106659,-0.030521492397779293
ZGYMGGAPA5Mr8,LUCY_luxuanxi,4.5,2026-06-22 18:22:34+00:00,,7,0,False,어릴 적 서랍 속에 잠들어 있던 장난감들이 사실은 우리를 기다리고 있었던 건 아닐까 시간이 흘러도 변하지 않는 마음의 가치를 다시 꺼내 보여주는 뭉클한 이야기였다..ㅠㅜ  이미 어른이 되어버린 우리에게.. 그리고 디지털 세상 속에서 서툴게 자라나는 지금의 아이들에게 건네는 픽사의 가장 따뜻한 포옹,어릴 적 서랍 속에 잠들어 있던 장난감들이 사실은 우리를 기다리고 있었던 건 아닐까 시간이 흘러도 변하지 않는 마음의 가치를 다시 꺼내 보여주는 뭉클한 이야기였다.. 이미 어른이 되어버린 우리에게.. 그리고 디지털 세상 속에서 서툴게 자라나는 지금의 아이들에게 건네는 픽사의 가장 따뜻한 포옹,2026-06,2026-06-23,3,Tuesday,False,163,41,positive,0.15744233450180076,-0.1336333064635349,-0.07940110181981479,-0.04816702019594532,-0.10744285130203998,0.03574562401425841,-0.07533866608758866,-0.04020018243857866,-0.008505763228314644,0.00031174363486051454
6GWQ1BWVlzEJ5,조니,4.0,2026-06-22 07:40:05+00:00,2026-06-20 15:00:00+00:00,7,0,True,불변의 관계란 없다. 우리는 늘 변할 수밖에 없다. 장난감과 주인 사이의 관계도 마찬가지. 자신이 그만 떠나줘야한다는 것을 아는 모습들이 점점 나오면서 이 시리즈의 눈높이가 이제는 어른으로 향하고 있다는 증명을 해준다. 서로가 좋은 곳으로 떠나 또다른 좋은 사람과 함께 있어주길 빌어주는 성숙한 관계를 가늠하는 멋진 작품. - 결과적으로는 당분간 또 함께 남게 되었지만! 사실 또 그 설정이 팬들에게도 좋지만!,불변의 관계란 없다. 우리는 늘 변할 수밖에 없다. 장난감과 주인 사이의 관계도 마찬가지. 자신이 그만 떠나줘야한다는 것을 아는 모습들이 점점 나오면서 이 시리즈의 눈높이가 이제는 어른으로 향하고 있다는 증명을 해준다. 서로가 좋은 곳으로 떠나 또다른 좋은 사람과 함께 있어주길 빌어주는 성숙한 관계를 가늠하는 멋진 작품. 결과적으로는 당분간 또 함께 남게 되었지만! 사실 또 그 설정이 팬들에게도 좋지만!,2026-06,2026-06-22,16,Monday,False,227,57,positive,0.1239667606312482,-0.0926602062535122,-0.03852220593409115,-0.011361075299714703,-0.06739809159016653,-0.01634991938336529,-0.05214837593634854,-0.061787183894518274,-0.04144763988545918,-0.0379585215179816
7JVEoXVDbn29y,희연희,3.5,2026-06-22 06:20:33+00:00,,7,0,False,"내가 자라는 속도만큼 빠르게 다가오는 이별.  여름이 지나면 한 뼘씩 높아져 있는 무릎, 계절이 몇 번 돌고 더 이상 머리카락이 땀으로 뺨에 달라붙도록 뛰놀지 않는 때가 오면 장난감은 버려진다. 꾹 다문 인형의 입에 대사를 입히는 일이 시시해지고 실제로는 날지 않는 양탄자 위에서 재스민이 되기 힘들어지는 연령이 오면, 아이는 그동안 부모처럼 몸을 던져 상상과 인지의 성장을 돕던 장난감들과 이별해야 한다.  성장하는 존재는 이별을 피할 수 없다. 어른이 되고 나서 만난 친구나 배우자와는 어쩌면 헤어지지 않을 수 있지만, 성장하는 존재끼리는 이별을 피할 수가 없다. 어른이 되어 꺼내읽는 거의 모든 동화책이 새삼 이렇게 슬펐나 싶은 것도 다, 행복 속에서도 읽히는 다가올 이별의 그림자 때문인가보다. 행복한 시간은 전부 곧 과거가 된다는 걸 어른들은 아니께",내가 자라는 속도만큼 빠르게 다가오는 이별. 여름이 지나면 한 뼘씩 높아져 있는 무릎 계절이 몇 번 돌고 더 이상 머리카락이 땀으로 뺨에 달라붙도록 뛰놀지 않는 때가 오면 장난감은 버려진다. 꾹 다문 인형의 입에 대사를 입히는 일이 시시해지고 실제로는 날지 않는 양탄자 위에서 재스민이 되기 힘들어지는 연령이 오면 아이는 그동안 부모처럼 몸을 던져 상상과 인지의 성장을 돕던 장난감들과 이별해야 한다. 성장하는 존재는 이별을 피할 수 없다. 어른이 되고 나서 만난 친구나 배우자와는 어쩌면 헤어지지 않을 수 있지만 성장하는 존재끼리는 이별을 피할 수가 없다. 어른이 되어 꺼내읽는 거의 모든 동화책이 새삼 이렇게 슬펐나 싶은 것도 다 행복 속에서도 읽히는 다가올 이별의 그림자 때문인가보다. 행복한 시간은 전부 곧 과거가 된다는 걸 어른들은 아니께,2026-06,2026-06-22,15,Monday,False,418,110,positive,0.13472753109339428,-0.1458366686526073,-0.06952611941756671,-0.020672129156689083,-0.10885349515859186,0.09925872134978139,-0.08203320290828563,0.009134356604307654,-0.04752995076557067,-0.04021493638884732
6GWQ1BWyLREJ5,이자가식기전에,1.5,2026-06-20 04:56:36+00:00,,7,0,False,막엄청나쁜영화는아닌데…. 4편부터는 다 사족인 느낌,막엄청나쁜영화는아닌데 . 4편부터는 다 사족인 느낌,2026-06,2026-06-20,13,Saturday,True,28,6,negative,0.005732485832258831,-0.004238628978896164,0.0014804002472631553,-0.0025750105336925506,0.00366499951921253,-0.013736493623515532,0.0003829794699569136,-0.02085578050055216,-0.0011862242598283802,-0.011562894958749972
zD82XX48Jb253,마딩히,2.0,2026-06-19 17:09:10+00:00,,7,0,False,개산만,개산만,2026-06,2026-06-20,2,Saturday,True,3,1,negative,0.0,0.0,0.0,0.0,0.0,0.0,0.0,0.0,0.0,0.0
NXnE5ZYJlP2zG,한창성,3.5,2026-06-19 07:15:44+00:00,2026-06-18 15:00:00+00:00,7,0,False,"시절인연.  모험은 끝나지 않았지만, 인연에는 각자의 계절이 있다.  픽사가 가장 잘하는 이야기. 그리고 가장 익숙한 이야기. 그래서 조금 아쉬운 이야기.",시절인연. 모험은 끝나지 않았지만 인연에는 각자의 계절이 있다. 픽사가 가장 잘하는 이야기. 그리고 가장 익숙한 이야기. 그래서 조금 아쉬운 이야기.,2026-06,2026-06-19,16,Friday,False,83,20,positive,0.1022908470558682,-0.047469480554814855,-0.046067469332240187,-0.037799245138216295,-0.042715064609019505,0.004352592261159514,-0.04279743277820992,-0.09351925907454481,-0.04772633194486765,0.023869307054318178
BVoM9q44ROMP0,애승,4.0,2026-06-18 03:15:16+00:00,,7,0,False,"나와 함께하지 않아도 네가 행복하면 된다는 제시의 사랑이야말로 토이스토리가 끝내 하고 싶었던 이야기 아니었을까.  모두의 유년엔 나의 행복만을 바라던 장난감이 있었을 테니, 다정이 고픈 분들은 이번에도 꼭 관람하시길",나와 함께하지 않아도 네가 행복하면 된다는 제시의 사랑이야말로 토이스토리가 끝내 하고 싶었던 이야기 아니었을까. 모두의 유년엔 나의 행복만을 바라던 장난감이 있었을 테니 다정이 고픈 분들은 이번에도 꼭 관람하시길,2026-06,2026-06-18,12,Thursday,False,118,28,positive,0.10894288083382067,-0.09523056480171851,-0.03047108657369092,-0.022284500913701388,-0.0003210251541146342,-0.0569199055389346,0.07414868541407726,0.052503404262493024,-0.1311662206614917,-0.07053864923491084
j7kQzkz6B1El4,박준영,4.0,2026-06-17 16:30:33+00:00,2026-06-16 15:00:00+00:00,7,0,False,"화면이 아이의 손을 차지한 시대에도, 장난감들은 여전히 마음의 빈틈을 붙잡는다. 그 빈틈이 예전만큼 단단하게 조여오진 않아도, 오래 함께한 친구들이 건네는 다정함은 아직 쉽게 내려놓기 어렵다.",화면이 아이의 손을 차지한 시대에도 장난감들은 여전히 마음의 빈틈을 붙잡는다. 그 빈틈이 예전만큼 단단하게 조여오진 않아도 오래 함께한 친구들이 건네는 다정함은 아직 쉽게 내려놓기 어렵다.,2026-06,2026-06-18,1,Thursday,False,105,25,positive,0.08137239311724405,-0.06702285832005758,-0.08496211922206867,-0.0716452399639913,0.12858888294567317,-0.007631006394687739,-0.05153446351852082,0.07554772759156854,-0.03391128588219215,0.029657779122137816
bW3Qk7Gx9DQ9p,강승호,3.5,2026-06-17 12:29:37+00:00,,7,0,False,차가운 화면이 세상을 채울지라도 따뜻했던 기억만은 시간과 함께 더욱 선명히 남기에.,차가운 화면이 세상을 채울지라도 따뜻했던 기억만은 시간과 함께 더욱 선명히 남기에.,2026-06,2026-06-17,21,Wednesday,False,46,11,positive,0.028160647690189826,-0.03290990198805841,-0.023908487025151172,-0.009047778077943805,-0.019977210382722373,0.0013101504953043535,0.007342605705419983,0.02094517804398611,-0.0297203831700057,-0.0287447790916817
nd3M3z9vZ52Ng,왕은혜,4.0,2026-06-17 10:17:16+00:00,,7,0,False,"친구는 영원하다, 파트너  특별한 나의 장난감 친구들 잊고 지냈어도 언제나 우린 함께였다",친구는 영원하다 파트너 특별한 나의 장난감 친구들 잊고 지냈어도 언제나 우린 함께였다,2026-06,2026-06-17,19,Wednesday,False,47,12,positive,0.09880105758855826,-0.11525106439253552,-0.0910442021319456,-0.04554926815139997,0.13711941562016436,0.06235041285618406,0.34710435914276294,0.028741025440494526,-0.06492367811981263,-0.09107913665147123
boY2lY84pYMWO,류강현,4.0,2026-06-17 08:58:57+00:00,,7,0,False,"솔직히 나는 이제 이 시리즈를 안 좋게 볼 수가 없다. 6도, 7도, 8도 보러 갈 테니 만들어만 주세요.",솔직히 나는 이제 이 시리즈를 안 좋게 볼 수가 없다. 6도 7도 8도 보러 갈 테니 만들어만 주세요.,2026-06,2026-06-17,17,Wednesday,False,57,18,positive,0.0711393448160481,-0.052510490130039916,-0.025752299589214794,-0.006865218036996568,0.0013851297007363666,-0.05226943352672924,-0.039368714498367145,0.0056999389490124865,-0.09187279724322062,-0.07857770259994447
PkvE6Dlva4Mpg,이상우,4.0,2026-06-17 08:17:36+00:00,,7,0,False,"앤디를 대학에 보낸지도 어언 15년, 아이를 어떻게 행복하게 키울 것인가에 대한 고민을 시작한 픽사. 지난 네 편의 무거운 유산이 종종 다리를 잡아도, 제작진들에겐 여전히 그 창작이 즐거워 보인다.  덕분에 한번 더 안녕이라는 말을 미뤄봅니다.",앤디를 대학에 보낸지도 어언 15년 아이를 어떻게 행복하게 키울 것인가에 대한 고민을 시작한 픽사. 지난 네 편의 무거운 유산이 종종 다리를 잡아도 제작진들에겐 여전히 그 창작이 즐거워 보인다. 덕분에 한번 더 안녕이라는 말을 미뤄봅니다.,2026-06,2026-06-17,17,Wednesday,False,133,34,positive,0.09858895138358383,-0.031157044532528027,-0.06091909767937756,-0.06747577677169443,0.12483353355666019,0.005067093346168331,-0.08777254495817893,0.06377454119311612,-0.0399048302950432,0.023931648035595575
GO6MZ4d3VeENx,구본철,4.0,2026-06-17 07:43:07+00:00,,7,0,False,상상력에 권력을!,상상력에 권력을!,2026-06,2026-06-17,16,Wednesday,False,9,2,positive,0.0,0.0,0.0,0.0,0.0,0.0,0.0,0.0,0.0,0.0
3WB2qoyx5jQpj,나쁜피,3.0,2026-07-08 15:01:50+00:00,2026-07-02 15:00:00+00:00,6,0,False,토이 스토리가 고인물이 되는 순간이 오긴 오는구나. 픽사스럽지 않네~! 난 아이들을 악마로 묘사했던 그 쾌감이 좋았는데… 이젠 그건 어쩔 수 없다며 놓아주네… 일없다!  2026-07-03(금) 21 CGV 동대문 1관 SVIP 무료 세진과,토이 스토리가 고인물이 되는 순간이 오긴 오는구나. 픽사스럽지 않네 ! 난 아이들을 악마로 묘사했던 그 쾌감이 좋았는데 이젠 그건 어쩔 수 없다며 놓아주네 일없다! 2026 07 03 금 21 CGV 동대문 1관 SVIP 무료 세진과,2026-07,2026-07-09,0,Thursday,False,130,35,neutral,0.13771093448553293,0.08458864621207676,-0.012419389135401283,-0.013372155656886254,-0.022157623503797436,-0.011948654620426165,-0.007111396080554316,-0.03815680171744208,0.005923533797178683,0.005654986434316348
6PzQ447z07QqV,필름방위대,4.0,2026-07-07 12:08:04+00:00,,6,0,False,시대의 변화 앞에 선 추억들의 또다른 생존 투쟁.,시대의 변화 앞에 선 추억들의 또다른 생존 투쟁.,2026-07,2026-07-07,21,Tuesday,False,27,8,positive,0.027466451234009148,-0.005821808798167785,-0.01155942238819578,-0.007897574187472653,-0.00589615598394079,-0.0016295008010665116,-0.023872170785684856,-0.029155369181976837,0.005261430053639243,-0.0021953798507387294
6PzQ447vRnQqV,상맹,3.5,2026-07-04 13:57:01+00:00,,6,0,False,"플랫한 캐릭터들과 페이소스가 조금 사라졌긴해도, 동심을 지켜주려는 마음과 시대가 지나도 함께 자라왔음에 후회없음의 마음은 장난감의 탈을 쓴 정언명령적인 어른의 이야기다.",플랫한 캐릭터들과 페이소스가 조금 사라졌긴해도 동심을 지켜주려는 마음과 시대가 지나도 함께 자라왔음에 후회없음의 마음은 장난감의 탈을 쓴 정언명령적인 어른의 이야기다.,2026-07,2026-07-04,22,Saturday,True,93,20,positive,0.07053188112868505,-0.10100121161726706,-0.03688115430611275,-0.011411236764700591,-0.08010516565717819,-0.05493920190625322,0.05662801444109853,0.11254458012568758,-0.016215695853679775,-0.19278541825633774
6GWQ1B74gNEJ5,Laurent,4.5,2026-07-03 09:25:04+00:00,2026-07-02 15:00:00+00:00,6,1,True,"마음 속의 멍처럼 남아 있던 제시의 아픈 기억을 아름답게 매듭 지어줘서 너무 고맙다. 우리의 인연도, 추억도 모두 언젠간 한 시절로 남을 테지만 부질 없는 건 하나도 없었다는 걸. 우린 그저 시간이 흘러 자랐을 뿐이고, 변화는 어쩔 수 없이 찾아오는 거니까. 우리 다 즐겁게 놀았으니까 된 거지, 그치.",마음 속의 멍처럼 남아 있던 제시의 아픈 기억을 아름답게 매듭 지어줘서 너무 고맙다. 우리의 인연도 추억도 모두 언젠간 한 시절로 남을 테지만 부질 없는 건 하나도 없었다는 걸. 우린 그저 시간이 흘러 자랐을 뿐이고 변화는 어쩔 수 없이 찾아오는 거니까. 우리 다 즐겁게 놀았으니까 된 거지 그치.,2026-07,2026-07-03,18,Friday,False,166,47,positive,0.09428740525928309,-0.0984491351854237,-0.03736864298009407,-0.014786760461318653,-0.07893203927418917,0.013777771933599782,-0.012282773776356724,-0.03784048631832771,-0.0030110553273722134,-0.05765899812126331
3WB2qozYyNQpj,마이즈,3.5,2026-07-02 00:07:52+00:00,,6,0,False,"디지털 미디어에 점령당한 세계에서 장난감들은 어떻게 되는가? 보는 내내 즐거웠고, 영화가 끝난 뒤에 여운이 많이 남는다. 오랜만에 장난감을 사고 싶어진다.",디지털 미디어에 점령당한 세계에서 장난감들은 어떻게 되는가? 보는 내내 즐거웠고 영화가 끝난 뒤에 여운이 많이 남는다. 오랜만에 장난감을 사고 싶어진다.,2026-07,2026-07-02,9,Thursday,False,85,20,positive,0.0718184380724988,-0.04386948920997583,-0.01984062088880664,-0.024139696175683872,-0.03557997219110184,-0.02497183223769404,-0.04479347238906578,0.0016703478852936686,0.004738002127466025,0.01056723370355707
bW3Qk75pOLQ9p,신유찬,3.0,2026-07-01 05:56:10+00:00,,6,0,False,"'시대는 변해도, 토이스토리는 영원하다'",시대는 변해도 토이스토리는 영원하다,2026-07,2026-07-01,14,Wednesday,False,19,4,neutral,0.049845245979841774,-0.06514657129128315,-0.038722297489321204,-0.01098503407049395,-0.012871435735545202,-0.1070099999235172,0.12341906665599042,0.08857111284367145,-0.06729534178292397,-0.14210820024478318
droQ0Yjrx9EyN,cinelife,3.5,2026-06-29 03:29:40+00:00,,6,1,False,"타자만을 생각해 자신을 잃어가던 이기적인 본능의 인간과 이기적인 자신만을 생각하던 이타성의 존재론적 본능을 가진 장난감이 해피엔딩으로 교차해 만날 때 그 이기성과 이타성은 관계와 자아를 향한 장점만으로  한 몸이 된다. 즉, 인간은 이기적인 존재이고 장난감은 이타적인 존재인 것이 본능이고 그것을 악용하지 않고 활동하는 한, 이타성과 이기성도 각각 충족되며 자아와 관계가 온전해진다는 뜻이다.",타자만을 생각해 자신을 잃어가던 이기적인 본능의 인간과 이기적인 자신만을 생각하던 이타성의 존재론적 본능을 가진 장난감이 해피엔딩으로 교차해 만날 때 그 이기성과 이타성은 관계와 자아를 향한 장점만으로 한 몸이 된다. 즉 인간은 이기적인 존재이고 장난감은 이타적인 존재인 것이 본능이고 그것을 악용하지 않고 활동하는 한 이타성과 이기성도 각각 충족되며 자아와 관계가 온전해진다는 뜻이다.,2026-06,2026-06-29,12,Monday,False,216,51,positive,0.08177946918657099,-0.05254922731648234,-0.054572598107601296,-0.030579045957044186,-0.0032595487814161394,-0.06526944944254116,-0.07991684057606695,0.10183450211975639,-0.014970784952559175,-0.07734555381615013
lP0E85p4zj2bx,최주희,5.0,2026-06-25 12:33:10+00:00,,6,0,False,트위터에서 본건데 애니메이션은 어린 친구들한테 어른이 써줄 수 있는 가장 값비싼 편지래요,트위터에서 본건데 애니메이션은 어린 친구들한테 어른이 써줄 수 있는 가장 값비싼 편지래요,2026-06,2026-06-25,21,Thursday,False,49,12,positive,0.18984298141769712,-0.16268290531477805,-0.1303359862329798,-0.03722753897007587,-0.2373592571950776,0.3150068859172372,-0.022113619557011174,-0.063696273708398,-0.027582654609337467,0.11559982308874184
6GWQ1BWAaLEJ5,everygreenwhere,4.0,2026-06-21 10:32:29+00:00,,6,0,False,나 이제 더 이상 인형으로 칼싸움 하지 않고 블럭들로 성을 쌓지 않고 소꿉놀이로 밥을 차리지 않지만 약속하지 않아도 학교 끝나자마자는 놀이터에서 매일 저녁 8시에는 집 근처 공원에서 뛰어놀지 않지만... 그래도 나는 그 기억이 있어서 지금을 살 수 있어 고마워 내게 주었던 것과 주지 않았지만 받은 모든 것들... 난 변했지만 우리의 그때는 변하지 않을 테니까,나 이제 더 이상 인형으로 칼싸움 하지 않고 블럭들로 성을 쌓지 않고 소꿉놀이로 밥을 차리지 않지만 약속하지 않아도 학교 끝나자마자는 놀이터에서 매일 저녁 8시에는 집 근처 공원에서 뛰어놀지 않지만... 그래도 나는 그 기억이 있어서 지금을 살 수 있어 고마워 내게 주었던 것과 주지 않았지만 받은 모든 것들... 난 변했지만 우리의 그때는 변하지 않을 테니까,2026-06,2026-06-21,19,Sunday,True,201,54,positive,0.08359751334311773,-0.10073011744578579,-0.0592844466535238,-0.010488275421751974,-0.03812428745983817,-0.09234235703414119,0.01560671308697209,0.05905196331846271,-0.0017262944233371207,-0.0793552219692408
lP0E85yWzw2bx,JUN,3.5,2026-06-21 09:59:53+00:00,,6,0,False,조금 일찍 다뤘다면 더 좋았을 것을 급하게 만든 감이 있지만 이정도면 훌륭하다,조금 일찍 다뤘다면 더 좋았을 것을 급하게 만든 감이 있지만 이정도면 훌륭하다,2026-06,2026-06-21,18,Sunday,True,43,12,positive,0.04928822753544267,-0.027825120349255467,-0.006330122142280434,0.011299152085738189,-0.030168709251002332,-0.014429642636003867,-0.01185322213000463,-0.03472705761493447,-0.038976340004577545,-0.01299212360177739
BVoM9q4N0qMP0,재우,2.5,2026-06-21 04:20:37+00:00,,6,0,False,그냥 알던 그 맛을 택갈이한 느낌,그냥 알던 그 맛을 택갈이한 느낌,2026-06,2026-06-21,13,Sunday,True,18,6,negative,0.0,0.0,0.0,0.0,0.0,0.0,0.0,0.0,0.0,0.0
WzO2g4580jMXZ,조토끼,3.5,2026-06-21 00:49:44+00:00,,6,0,False,언젠가 시간이 흘러 이별의 순간이 찾아와도 유년 시절 함께 놀았던 기억만큼은 영원하기에.,언젠가 시간이 흘러 이별의 순간이 찾아와도 유년 시절 함께 놀았던 기억만큼은 영원하기에.,2026-06,2026-06-21,9,Sunday,True,49,12,positive,0.04862459860802731,-0.06644411512973326,-0.043630234582816216,-0.002071052692708363,-0.04691029041028551,-0.018668056619763312,0.0206401946564721,0.019817940275035043,0.00474436727476723,-0.04180180849350561
xplMdbZpGjE4o,시네마타운,3.5,2026-06-20 12:21:01+00:00,,6,0,False,제일 쓸데없는 걱정 중 하나가 토이 스토리 후속작 걱정.,제일 쓸데없는 걱정 중 하나가 토이 스토리 후속작 걱정.,2026-06,2026-06-20,21,Saturday,True,31,9,positive,0.25899822450332644,0.27750821042501067,0.01907581240073439,0.020976507717937187,-0.04149771502308405,0.01358658797424181,0.058536634183585075,0.002840644799371018,-0.03297423283358948,0.012185593179535485
kpeQKvNBzDMYN,유상현,4.0,2026-06-20 11:10:55+00:00,,6,0,False,나의 잊혀진 전자기기들이 생각났다. 걔네들도 나의 일종의 장난감들이었던 것.,나의 잊혀진 전자기기들이 생각났다. 걔네들도 나의 일종의 장난감들이었던 것.,2026-06,2026-06-20,20,Saturday,True,42,9,positive,0.06840595555313934,-0.13710519176943514,-0.0032198211816870255,0.01249459383534578,0.006962369491343043,-0.07259679776438159,0.4728927860805137,0.07666394993116911,-0.2719477731481754,0.06193461289727611
6aLMP8NjR4MOw,대낮에도꿈을꿀수있기에영화를본다.,4.0,2026-06-20 06:37:14+00:00,2026-06-19 15:00:00+00:00,6,0,False,노는 것도 때가 있다. 그 때를 소중하게. Friends forever partner.,노는 것도 때가 있다. 그 때를 소중하게. Friends forever partner.,2026-06,2026-06-20,15,Saturday,True,48,10,positive,0.05032247751012061,-0.05224357683883789,-0.013185022682489594,-0.016088916668701294,-0.039067118402187226,-0.052910735146629306,-0.05573957483625856,0.03150274542909133,-0.01424007689197573,-0.06868178508455357
BVoM9q4a4oMP0,염간지,4.0,2026-06-19 23:32:15+00:00,,6,0,False,이번 편은 장난감보다는 사람을 다시한번 돌아보게 만든다.,이번 편은 장난감보다는 사람을 다시한번 돌아보게 만든다.,2026-06,2026-06-20,8,Saturday,True,31,7,positive,0.028048487292674153,-0.02849377638034454,-0.005873140127233067,-0.0008730420815869893,-0.008717442292211355,-0.008435032078810613,-0.011274693651803254,-0.022511146550000097,-0.011523652027951588,0.01618592566795037
droQ0YnRqzEyN,CineVet,4.0,2026-06-19 16:05:45+00:00,,6,0,False,"전체적인 얼개를 볼 때 1편을 재현한다는, 다소 안일한 발상에 기댄 와중에 여러 면에서 산만하고 성긴 각본을 들고 나타난 점은 아쉽다. 또 스마트 기기에게 점령당한 이 시대의 아이들을 위한 고민과 진정성은 마음을 움직이지만, 동시에 이 시기의 아이들을 이 영화 앞으로 끌고 오기 위해 네 편의 문턱을 넘어야한다는 점은 조금 아이러니하다.  다만 우디와 버즈에 비해 주목받지 못했던 제시의 서사를 다시 한 번 가져와 위로하는 이야기는 기어이 마음을 움직인다. 앞서 이야기한 동시대의 영화로서 영화가 치열하다못해 처절하게 고민한 흔적도 마음 깊숙한 곳까지 닿았으며, 시대 변화에 발맞춰 보여주는 재기발랄한 순간들에 웃음이 터지기도 한다. 시리즈 팬들이라면 기억할 전편들의 순간을 재치있게 곳곳에 배치한 점도 귀엽게 다가왔다.  영화의 결말을 생각하면, 모든 걱정이 봉합된 것처럼 보이면서도 여전히 불안한 미래가 눈 앞에 놓여 있다. 주인공들은 이제 유물 취급받는 구시대의 잔재가 됐거나 개선판에 밀려난 신세이고, 보니는 언제 어른이 되어 장난감에게 작별을 고할지 알 수 없다. 그럼에도 지금 이 자리를 지켜나가는 것, 과거에 머무는 것이 아니라 미래로 나아가는 것, 그 희망에 대한 이야기라는 점이 시리즈의 최신편으로서 훌륭한 맺음이지 않았나.  이제는 정말 장난감 친구들을 놓아줬으면 싶은 마음과 동시에, 그럼에도 마음을 울리는 시리즈란 사실을 다시 한 번 확인하는 시간이었다.",전체적인 얼개를 볼 때 1편을 재현한다는 다소 안일한 발상에 기댄 와중에 여러 면에서 산만하고 성긴 각본을 들고 나타난 점은 아쉽다. 또 스마트 기기에게 점령당한 이 시대의 아이들을 위한 고민과 진정성은 마음을 움직이지만 동시에 이 시기의 아이들을 이 영화 앞으로 끌고 오기 위해 네 편의 문턱을 넘어야한다는 점은 조금 아이러니하다. 다만 우디와 버즈에 비해 주목받지 못했던 제시의 서사를 다시 한 번 가져와 위로하는 이야기는 기어이 마음을 움직인다. 앞서 이야기한 동시대의 영화로서 영화가 치열하다못해 처절하게 고민한 흔적도 마음 깊숙한 곳까지 닿았으며 시대 변화에 발맞춰 보여주는 재기발랄한 순간들에 웃음이 터지기도 한다. 시리즈 팬들이라면 기억할 전편들의 순간을 재치있게 곳곳에 배치한 점도 귀엽게 다가왔다. 영화의 결말을 생각하면 모든 걱정이 봉합된 것처럼 보이면서도 여전히 불안한 미래가 눈 앞에 놓여 있다. 주인공들은 이제 유물 취급받는 구시대의 잔재가 됐거나 개선판에 밀려난 신세이고 보니는 언제 어른이 되어 장난감에게 작별을 고할지 알 수 없다. 그럼에도 지금 이 자리를 지켜나가는 것 과거에 머무는 것이 아니라 미래로 나아가는 것 그 희망에 대한 이야기라는 점이 시리즈의 최신편으로서 훌륭한 맺음이지 않았나. 이제는 정말 장난감 친구들을 놓아줬으면 싶은 마음과 동시에 그럼에도 마음을 울리는 시리즈란 사실을 다시 한 번 확인하는 시간이었다.,2026-06,2026-06-20,1,Saturday,True,703,175,positive,0.22408152234061265,-0.16303354609771267,-0.09985674429079673,-0.08024796241968232,0.010597624275450237,-0.012360665170293748,-0.1044186252870063,-0.05108235310262069,0.06243716146788624,0.050920574977202454
BglQaab5lgQX0,문희원,4.0,2026-06-19 10:40:26+00:00,,6,2,False,"역사는 영원히 반복된다. 장난감 공동체의 질서를 지키던 보안관은 외부인(새로운 장난감)의 침입으로 위기를 맞지만 이내 서로 동일한 목표와 존재 가치를 지녔다는 사실을 배워가며 친구가 된다.(1편) 어느새 이들은 자신이 쓸모 없는 존재가 되어버릴 운명에 두려워 하지만, 자신들과 같은 위치에 있는 또 다른 친구들을 만나며 공동체를 확장한다.(2편) 시간이 많이 흘러 장난감을 가지고 놀던 아이는 어른이 되어 자신의 추억을 다른 아이에게 물려주고, 장난감들은 자신의 가치를 증명하며 성장한 아이를 떠나보낸다.(3편) 어느새 장난감들이 쓸모가 없어진 시대, 그들은 더 이상 그들의 주인에 의해서만 존재하지 않고 스스로 자기 삶의 주인공으로 거듭나는 법을 배우게 된다. (4편)  그리고 다시 원점, 평화롭던 장난감 공동체는 현대사회에 만연해진 전자기기의 등장으로 또 위기를 맞는다. 반복되는 역사에 이미 지치고 육체마저 낡고 노쇠해진 장난감들은 여전히 자기 가치를 증명하려고 애쓰지만, 결국 이젠 궁극적으로 같은 목적을 가지고 있는 새로운 세대가 나아갈 길을 밝혀주고, 같이 살아가는 법을 배우는 게 그들의 숙명임을 받아들인다. 우리 모두는 결국 늙어가야 함을 받아들이면서도, 여전히 새롭게 성장할 아이의 미래를 책임져야 한다고 이야기하는 이 시대 최고의 서부극 걸작.",역사는 영원히 반복된다. 장난감 공동체의 질서를 지키던 보안관은 외부인 새로운 장난감 의 침입으로 위기를 맞지만 이내 서로 동일한 목표와 존재 가치를 지녔다는 사실을 배워가며 친구가 된다. 1편 어느새 이들은 자신이 쓸모 없는 존재가 되어버릴 운명에 두려워 하지만 자신들과 같은 위치에 있는 또 다른 친구들을 만나며 공동체를 확장한다. 2편 시간이 많이 흘러 장난감을 가지고 놀던 아이는 어른이 되어 자신의 추억을 다른 아이에게 물려주고 장난감들은 자신의 가치를 증명하며 성장한 아이를 떠나보낸다. 3편 어느새 장난감들이 쓸모가 없어진 시대 그들은 더 이상 그들의 주인에 의해서만 존재하지 않고 스스로 자기 삶의 주인공으로 거듭나는 법을 배우게 된다. 4편 그리고 다시 원점 평화롭던 장난감 공동체는 현대사회에 만연해진 전자기기의 등장으로 또 위기를 맞는다. 반복되는 역사에 이미 지치고 육체마저 낡고 노쇠해진 장난감들은 여전히 자기 가치를 증명하려고 애쓰지만 결국 이젠 궁극적으로 같은 목적을 가지고 있는 새로운 세대가 나아갈 길을 밝혀주고 같이 살아가는 법을 배우는 게 그들의 숙명임을 받아들인다. 우리 모두는 결국 늙어가야 함을 받아들이면서도 여전히 새롭게 성장할 아이의 미래를 책임져야 한다고 이야기하는 이 시대 최고의 서부극 걸작.,2026-06,2026-06-19,19,Friday,False,638,157,positive,0.24306627366599728,-0.16035716952827647,-0.1308676305526104,-0.07660370941008003,0.11474764531183593,0.04551078864684565,-0.010153582358387111,-0.023886193863935923,0.09583726431147127,-0.031388325758006375
8n92Vp9gZZQAJ,제제*,4.0,2026-06-18 10:46:12+00:00,,6,0,False,왜 돌아왔냐는 질문에 항상 토이스토리는 시대별로 필요한 상징과 핵심을 성공적으로 전달하며 이번에도 우리들의 영원한 친구로서 남게 됐다.,왜 돌아왔냐는 질문에 항상 토이스토리는 시대별로 필요한 상징과 핵심을 성공적으로 전달하며 이번에도 우리들의 영원한 친구로서 남게 됐다.,2026-06,2026-06-18,19,Thursday,False,75,17,positive,0.06508533667201201,-0.08788556646932848,-0.025858174697535555,-0.0012568356556258587,-0.0065674985454335175,-0.052865726939809045,0.14249633367486705,0.09842236055040451,-0.21593188861867665,0.0017424720288050826
ZGYMGGAA4LMr8,HE,1.5,2026-06-17 22:48:34+00:00,2026-06-16 15:00:00+00:00,6,0,False,어째 시리즈가 나올수록 장난감의 정체성이 흐려지냐... 장난감은 장난감일 때 귀엽고 사랑스러운 거지 갑자기 멋대로 움직이고 채팅 보내면 호러임;;,어째 시리즈가 나올수록 장난감의 정체성이 흐려지냐... 장난감은 장난감일 때 귀엽고 사랑스러운 거지 갑자기 멋대로 움직이고 채팅 보내면 호러임,2026-06,2026-06-18,7,Thursday,False,79,18,negative,0.057355541259761236,-0.06715470926257566,-0.047399711131718585,-0.009578224317170429,-0.029206800381945324,-0.01811940720179112,-0.029562994474870187,-0.08255819055004159,0.09055280058108127,0.027598151620453377
P7kEWp9lJq2J9,프로도,3.5,2026-06-17 17:07:27+00:00,,6,0,False,계속해서 지켜온 동심과 아이들의 상상력으로 재정립하는 장난감과 놀이의 정의,계속해서 지켜온 동심과 아이들의 상상력으로 재정립하는 장난감과 놀이의 정의,2026-06,2026-06-18,2,Thursday,False,41,9,positive,0.034748955116713276,-0.016045396734845688,-0.0061836146188529685,0.004853120288985527,-0.022701288588991734,-0.03488877139577978,-0.02098523976076267,0.0033374258580587675,-6.871822872126193e-05,-0.03162713819692912
6PzQ44Yl7dQqV,욘욘,5.0,2026-06-17 12:28:40+00:00,,6,0,False,앞으로 또 자라날 아이들을 위해 이 시리즈는 영원해야한다,앞으로 또 자라날 아이들을 위해 이 시리즈는 영원해야한다,2026-06,2026-06-17,21,Wednesday,False,31,8,positive,0.05589638762201016,-0.025698388518167505,-0.009965916626587697,0.003910062573245265,-0.02091051880582031,-0.026519537818437536,-0.03134490009682266,-0.05347309238430601,-0.025200744035944526,0.007292003691370282
rdVMNLnXnbEql,__ENFJ,4.5,2026-06-17 12:12:49+00:00,,6,0,False,언제 어른이 될 지 예측할 수는 없지만 그 여정에 함께 할 수 있었다는 것만으로도 충분하고 충분했음을.  소중한 장난감 친구들이 지켜준 나의 유년시절을 기억하며. 💞  #게임과 플레이는 다른 것이오 😎,언제 어른이 될 지 예측할 수는 없지만 그 여정에 함께 할 수 있었다는 것만으로도 충분하고 충분했음을. 소중한 장난감 친구들이 지켜준 나의 유년시절을 기억하며. 게임과 플레이는 다른 것이오,2026-06,2026-06-17,21,Wednesday,False,105,27,positive,0.13631144898542336,-0.20224318015961604,-0.10698083524967807,-0.07734324587738087,0.01613570189297933,0.23179090869303695,0.22386428922852908,0.02648817455998288,-0.002962562190108282,-0.019020349766641652
j7kQzkz5lNEl4,제로시스터,2.0,2026-06-17 08:54:31+00:00,,6,0,False,어른 아이 다잡으려다 둘 다 놓치것다,어른 아이 다잡으려다 둘 다 놓치것다,2026-06,2026-06-17,17,Wednesday,False,20,6,negative,0.03271750900363747,0.026149040571918802,0.013669344043301992,0.04060599354270772,0.025408724011771123,-0.002421522324689498,-0.030362327040056192,0.028132173885831613,-0.03513788510270735,0.012543875499836564
3kNEpeJ5b72Og,사랑은 비를 타고,4.0,2026-06-17 06:41:39+00:00,,6,0,False,You've got a friend in me.  시대의 변화를 직시하면서도 클래식한 가치를 잃지 않는 픽사의 유연한 처세술.  하루가 다르게 변화하며 ‘스크린‘ 타임이 길어지는 시대에 이분법적인 경계를 허물며 친구들을 성장시킨다.,You ve got a friend in me. 시대의 변화를 직시하면서도 클래식한 가치를 잃지 않는 픽사의 유연한 처세술. 하루가 다르게 변화하며 스크린 타임이 길어지는 시대에 이분법적인 경계를 허물며 친구들을 성장시킨다.,2026-06,2026-06-17,15,Wednesday,False,125,29,positive,0.07750156419829257,-0.047640518383831446,-0.009780364162624039,-0.007644553439944251,-0.042485194982017006,-0.0009912914627499092,-0.06015510743997392,-0.005698663638363796,-0.029985447812352777,-0.057688276509246884
BglQaabqNmQX0,직한,4.0,2026-06-17 04:19:41+00:00,,6,0,False,새삼스레 눈가가 촉촉해지는걸 보니 우리에겐 여전히 장난감이 필요한가 보다.,새삼스레 눈가가 촉촉해지는걸 보니 우리에겐 여전히 장난감이 필요한가 보다.,2026-06,2026-06-17,13,Wednesday,False,41,9,positive,0.13814004622272233,-0.0406659612486876,-0.10512756097636268,-0.10676504097994113,0.2702361829407577,-0.052616372137183204,-0.1950466100330629,0.24001024621578643,-0.06463043997652752,0.04105683744157688
GO6MZ4qd7OENx,홍지욱,2.5,2026-07-20 19:33:27+00:00,2026-07-14 15:00:00+00:00,5,0,False,"시리즈 3편이 아름답고 우아하게 남긴 결말을 종지부로 끝내는 줄 알았다만, 후속작의 존재는 마치 따가운 장미 가시처럼 시리즈를 감상하는 내내 옆구리를 찔러댄다.",시리즈 3편이 아름답고 우아하게 남긴 결말을 종지부로 끝내는 줄 알았다만 후속작의 존재는 마치 따가운 장미 가시처럼 시리즈를 감상하는 내내 옆구리를 찔러댄다.,2026-07,2026-07-21,4,Tuesday,False,88,21,negative,0.0692865642598373,-0.027382238205105366,-0.009445638699228844,0.0020404336880395927,-0.01239926266906528,-0.02743570298188748,-0.03476777302835401,-0.048390010497399674,-0.06092027554755704,-0.0398762835276988
W9bEBe3PaPQpZ,최승필,3.5,2026-07-19 08:29:59+00:00,,5,0,False,20260703 메가박스 화곡 (26.13),20260703 메가박스 화곡 26.13,2026-07,2026-07-19,17,Sunday,True,22,4,positive,0.004296325591330807,-0.005443604383016862,0.016319002335912283,-0.011723191485567126,-0.004061323451028269,0.001110316997194076,-0.009480882243618975,0.005237753286805595,-0.00645009338725655,-0.00043546966872061243
1Vl2bbBv1k2rR,청비,3.5,2026-07-18 01:36:35+00:00,,5,0,False,상상력이 사라진 시대에도 픽사의 상상력은 무한하다.,상상력이 사라진 시대에도 픽사의 상상력은 무한하다.,2026-07,2026-07-18,10,Saturday,True,28,6,positive,0.025006211860491942,-0.009809405581339305,-0.0024409664508597256,-0.019602779431763334,-0.013940381080232506,-0.00641437622706881,-0.03544620065922242,0.014237158491215787,-0.035478048061080215,-0.004991500281559351
ZGYMGG8yK0Mr8,김동석,4.0,2026-07-11 10:06:42+00:00,2026-07-10 15:00:00+00:00,5,0,False,6편 언제 나오냐,6편 언제 나오냐,2026-07,2026-07-11,19,Saturday,True,9,3,positive,0.04827563347174163,-0.07779344396420275,-0.018108951802158206,-0.07225194930410091,-0.018311336978774427,0.24313825045964269,-0.008619006574158958,0.07542199341546107,-0.016203996437677972,0.0943058780923233
6PzQ447zDdQqV,U- jeong !,4.0,2026-07-07 14:21:05+00:00,,5,4,False,아줌마도 같이 놀래 아가들아,아줌마도 같이 놀래 아가들아,2026-07,2026-07-07,23,Tuesday,False,15,4,positive,0.03209178016359917,-0.025115456973869712,-0.003177716072479152,-0.006594821655078721,-0.029828916178208438,-0.030833495017356223,-0.016029681481607192,-0.017007756140527214,0.002126347214179657,-0.02745816937480213
nd3M3z7OG72Ng,이상해씨,3.5,2026-07-06 10:15:59+00:00,,5,0,False,그 시절 친구들을 만나면 그 시절로 돌아간다,그 시절 친구들을 만나면 그 시절로 돌아간다,2026-07,2026-07-06,19,Monday,False,24,7,positive,0.018981549525929238,-0.030523313064641358,-0.014841397115260911,0.014629834941232866,0.0027415326878801956,-0.015314194924717767,0.004025545046930097,-0.005220045204447893,0.01998502323048614,0.013852908543433216
droQ0Y7d0aEyN,이우진,4.0,2026-07-04 12:57:48+00:00,,5,0,False,장난감도연애하는데왜난못하지,장난감도연애하는데왜난못하지,2026-07,2026-07-04,21,Saturday,True,14,1,positive,0.0,0.0,0.0,0.0,0.0,0.0,0.0,0.0,0.0,0.0
8kXQebPqpKEP6,지하나,4.0,2026-06-29 06:15:21+00:00,,5,0,False,(토이스토리는 모든 시리즈가 내게 5점이지만..) 5편을 위해 1편부터 다시 정주행한 김에 굳이 순위를 매겨본다면.. 내 기준 베스트는 4편. 최애케는 보핍  과연 다음이 가능할까?..할 때마다 실망시키는 법이 없이 매번 나를 장난감 친구들을 처음 만났던 꼬맹이 시절로 되돌려놓는다 그냥.. 토이스토리 포에버☆,토이스토리는 모든 시리즈가 내게 5점이지만.. 5편을 위해 1편부터 다시 정주행한 김에 굳이 순위를 매겨본다면.. 내 기준 베스트는 4편. 최애케는 보핍 과연 다음이 가능할까?..할 때마다 실망시키는 법이 없이 매번 나를 장난감 친구들을 처음 만났던 꼬맹이 시절로 되돌려놓는다 그냥.. 토이스토리 포에버,2026-06,2026-06-29,15,Monday,False,169,39,positive,0.1637428807339259,-0.2000864298455202,-0.049232057219998224,0.15813271841984988,0.1094674393211016,-0.10538750259815069,0.05931070735213746,-0.1403652724013012,0.08783229147926391,0.14245111988335227
j7kQzkOlKkEl4,최재식,4.0,2026-06-29 01:05:19+00:00,,5,0,False,"유행은 지나도 추억은 남아있다. 다만, 추억이 전자기기 속에만 남아있지 않기를 바란다.",유행은 지나도 추억은 남아있다. 다만 추억이 전자기기 속에만 남아있지 않기를 바란다.,2026-06,2026-06-29,10,Monday,False,47,11,positive,0.03373588448374493,-0.026618466047085024,-0.02124887025635693,0.0023842357697283554,-0.02833841853936203,-0.04571951787371284,0.03868609011825273,0.07335031997886214,0.06311964470957482,-0.053195059598573825
xzaQAv5xD5Eg5,영화 선택장애,3.5,2026-06-28 23:30:15+00:00,,5,0,False,누구는 토이스토리가 3편에서 멈췄어야 “예술”이었을텐데라고 아쉬워한다. 나는 이 토이스토리 시리즈가 시간이 지났음에도 계속 우리와 놀고싶어하는 “장난감” 그 자체같다.,누구는 토이스토리가 3편에서 멈췄어야 예술 이었을텐데라고 아쉬워한다. 나는 이 토이스토리 시리즈가 시간이 지났음에도 계속 우리와 놀고싶어하는 장난감 그 자체같다.,2026-06,2026-06-29,8,Monday,False,90,19,positive,0.15823720340848133,-0.15945846593730154,-0.009479912701342165,0.19289672251597556,0.1877069457879963,0.051605781682601506,0.03602693632944099,-0.20217853624969548,0.18822774939569137,-0.046150540505451025
8n92Vpgd9ZQAJ,영화는좋은데리뷰하기는귀찮은인간,3.5,2026-06-28 08:23:44+00:00,,5,0,False,"에필로그의 연장 선상이지만, 그래도 뭉클하며 재미있는.",에필로그의 연장 선상이지만 그래도 뭉클하며 재미있는.,2026-06,2026-06-28,17,Sunday,True,29,6,positive,0.04628807897025353,-0.05207409285353976,0.0026989403077082312,-0.01978373436920457,-0.05075179365544851,-0.07572191362764033,-0.03958344624887172,0.02677843859992999,-0.011588027410730986,0.012396196186638342
PkvE6DjG6RMpg,싱싱야도란,3.5,2026-06-27 02:40:47+00:00,,5,0,False,여전히 유쾌한 토이 스토리. 배우들도 세대교체가 되듯 토이 스토리의 장난감들도 세대교체가 진행중인 것 같다.,여전히 유쾌한 토이 스토리. 배우들도 세대교체가 되듯 토이 스토리의 장난감들도 세대교체가 진행중인 것 같다.,2026-06,2026-06-27,11,Saturday,True,60,14,positive,0.4661373934110039,0.4016292618433338,-0.04522324265364596,-0.054724416586187055,0.10784971100651725,0.029103650929493803,-0.00802436025892297,0.004299690547280412,-0.020819169700712258,0.12595661648936435
boY2lYqzgYMWO,spencer,3.5,2026-06-26 16:16:02+00:00,2026-06-25 15:00:00+00:00,5,0,False,대형스크린이 보여주는 초대형 귀여움과 사랑스러움,대형스크린이 보여주는 초대형 귀여움과 사랑스러움,2026-06,2026-06-27,1,Saturday,True,26,5,positive,0.04018339121941343,-0.001447179089961395,-0.02124452645896268,-0.010044861181178075,-0.055430003196933406,0.03434630030439346,0.01591201256820184,-0.03449153592266812,-0.015337762934094926,0.006024812724301731
y4ZMO8gXr9QOp,박상환,3.5,2026-06-25 23:36:43+00:00,2026-06-23 15:00:00+00:00,5,0,False,언제나 변함 없는 내 오랜 친구,언제나 변함 없는 내 오랜 친구,2026-06,2026-06-26,8,Friday,False,17,6,positive,0.07581529531683802,-0.06710106502858304,-0.044905787717689376,-0.010814111931571658,-0.022879014881362614,-0.018968070171793583,0.10113187742872741,0.026592039486246756,0.0007606426324374121,0.04416791426785152
wlL2Do6DgkEyZ,창민,4.0,2026-06-24 15:51:01+00:00,,5,0,False,너네도 그냥 스쳐간 시리즈가 아니라 내 소중한 추억이야.,너네도 그냥 스쳐간 시리즈가 아니라 내 소중한 추억이야.,2026-06,2026-06-25,0,Thursday,False,31,8,positive,0.11562524297837479,-0.15510647551344764,-0.08312164759072271,-0.0046953052438632285,-0.0850783347907999,-0.15893033360605718,0.08375450404901486,-0.12947235606840574,0.39824375754429,0.1210199231008733
GO6MZ4RgvbENx,yoon,4.0,2026-06-24 13:03:43+00:00,,5,1,False,그 여정에 우리가 도움이 됐다면 우린 할 일을 한 거야,그 여정에 우리가 도움이 됐다면 우린 할 일을 한 거야,2026-06,2026-06-24,22,Wednesday,False,30,10,positive,0.06427131102738079,-0.12589363903550968,-0.05335614871037554,-0.02372647928226886,-0.1123163228243283,0.32712431940886044,0.029009371033183996,0.029260659014393404,-0.0371174364537129,0.03741209222003058
xplMdbjdzvE4o,송좌,4.0,2026-06-24 10:08:49+00:00,,5,0,False,"모든것엔 유통기한이 있다. 하지만 동심과 추억은 생각보다 영원할지도. 어찌되었든, 한 페이지에 남길 수 있다면",모든것엔 유통기한이 있다. 하지만 동심과 추억은 생각보다 영원할지도. 어찌되었든 한 페이지에 남길 수 있다면,2026-06,2026-06-24,19,Wednesday,False,60,14,positive,0.05648564033229,-0.04668290614819243,-0.03031968408647428,0.004557316077278517,-0.04560389647787604,-0.09567783258902733,-0.0405626064997437,0.09958722759799177,0.05034615318676554,-0.052083837294977
jxZQRxnVAx2bq,이해인,3.5,2026-06-24 06:56:22+00:00,,5,0,False,모든 인연은 이야기가 된다.,모든 인연은 이야기가 된다.,2026-06,2026-06-24,15,Wednesday,False,15,4,positive,0.07184718371026852,-0.06067428645017412,-0.05298462067546734,-0.012739307594484713,-0.01157891178357055,-0.05687845103377163,-0.0633262152968737,-0.03008537521426244,-0.03571496470332378,0.1148806808903289
ZGYMGGzv3oMr8,이준서,3.5,2026-06-23 15:01:26+00:00,,5,0,False,"잊지 않을, 잊혀지지 않을 함께한 시간들.",잊지 않을 잊혀지지 않을 함께한 시간들.,2026-06,2026-06-24,0,Wednesday,False,22,6,positive,0.04147639575739348,-0.036163856865559056,-0.0364330831409795,-0.012975590197129846,-0.024432041570170517,-0.03516086737020119,0.04340109057874808,0.03835187414584357,-0.007377064657285288,-0.09691452994511997
5yz2YVgaK4MWj,우기즘,3.5,2026-06-23 14:52:59+00:00,2026-06-22 15:00:00+00:00,5,0,False,"놀이의 목적이 뭘까. 얼마 전 크레이지아케이드 서비스 종료 소식을 듣고 마음이 헛헛해졌다. 중학생 때부터였나. 그 유치한 물풍선 게임에 나는 10대 시절 대부분을 바쳤다. 가족들은 질리지도 않냐며 나를 한심해했고, 어느 순간부터는 나도 죄지은 것도 아닌데 몰래 게임을 하는 날이 많아졌었다. 돌이켜보면 나는 게임 그 자체보다는 그 조악하고 낡은 그래픽 속에서 다 같이 형누나동생 하며 낄낄거리던 그 얄팍하지만 순수했던 유대감을 사랑했던 것 같다. 나만의욕심 은비누나, 해몽 상혁이형, 말럽리니 동현이형, 황감정구 지훈이형… 다들 잘 지내지? <토이스토리 5>를 보며 놀이와 게임의 차이를 다시금 생각하게 된다. 룰을 따져 순위를 매기고, 이기기 위해 머리 쓰는 건 게임의 영역이다. 게임엔 도달해야 할 목적지가 있다. 반면 놀이에는 목적지가 없다. 목적 없이도 자유로이 길을 잃을 수 있다는 것. 그것이 놀이의 본질이자 놀이가 그 자체로 아름다운 이유이다. 애초에 승패는 중요하지 않았으니까. 블레이즈와 보니처럼 그저 가벼운 인사만으로 친구가 되던 조건 없는 다정함이 이제는 조금 그립다. 놀이는 언젠가 끝이 난다. 그 시절을 아름다웠다고 느끼는 건 우리가 결국에는 헤어졌기 때문이다. 영원하지 않아서 그 시절이 영원히 박제된다는 아이러니. 헤어졌기에 슬픈 것이 아니라 헤어졌으므로 비로소 그 시절을 영원히 그리워할 수 있게 된다는 아모르 파티. 비록 목적지 없는 길을 또다시 헤매더라도 그 찬란했던 기억이 있다면 다가올 시간 역시 그리 외롭지만은 않을 것이다.",놀이의 목적이 뭘까. 얼마 전 크레이지아케이드 서비스 종료 소식을 듣고 마음이 헛헛해졌다. 중학생 때부터였나. 그 유치한 물풍선 게임에 나는 10대 시절 대부분을 바쳤다. 가족들은 질리지도 않냐며 나를 한심해했고 어느 순간부터는 나도 죄지은 것도 아닌데 몰래 게임을 하는 날이 많아졌었다. 돌이켜보면 나는 게임 그 자체보다는 그 조악하고 낡은 그래픽 속에서 다 같이 형누나동생 하며 낄낄거리던 그 얄팍하지만 순수했던 유대감을 사랑했던 것 같다. 나만의욕심 은비누나 해몽 상혁이형 말럽리니 동현이형 황감정구 지훈이형 다들 잘 지내지? 토이스토리 5 를 보며 놀이와 게임의 차이를 다시금 생각하게 된다. 룰을 따져 순위를 매기고 이기기 위해 머리 쓰는 건 게임의 영역이다. 게임엔 도달해야 할 목적지가 있다. 반면 놀이에는 목적지가 없다. 목적 없이도 자유로이 길을 잃을 수 있다는 것. 그것이 놀이의 본질이자 놀이가 그 자체로 아름다운 이유이다. 애초에 승패는 중요하지 않았으니까. 블레이즈와 보니처럼 그저 가벼운 인사만으로 친구가 되던 조건 없는 다정함이 이제는 조금 그립다. 놀이는 언젠가 끝이 난다. 그 시절을 아름다웠다고 느끼는 건 우리가 결국에는 헤어졌기 때문이다. 영원하지 않아서 그 시절이 영원히 박제된다는 아이러니. 헤어졌기에 슬픈 것이 아니라 헤어졌으므로 비로소 그 시절을 영원히 그리워할 수 있게 된다는 아모르 파티. 비록 목적지 없는 길을 또다시 헤매더라도 그 찬란했던 기억이 있다면 다가올 시간 역시 그리 외롭지만은 않을 것이다.,2026-06,2026-06-23,23,Tuesday,False,755,187,positive,0.21485112714296692,-0.1683378973646743,-0.0036128001902912587,0.1165798337605701,-0.11520298230046254,-0.11145519296512608,-0.01205591739223743,0.09545529624089542,0.1580213526150682,0.006296758776848057
nd3M3z9x1J2Ng,곰크루즈,5.0,2026-06-23 07:05:12+00:00,,5,0,False,"""과거와 현재를 막론하고 가장 필요한 순간 우리 곁에 함께해 준 사랑하는 이들에게 바칩니다. 당신들은 우리 모두에게 소중한 존재였습니다""",과거와 현재를 막론하고 가장 필요한 순간 우리 곁에 함께해 준 사랑하는 이들에게 바칩니다. 당신들은 우리 모두에게 소중한 존재였습니다,2026-06,2026-06-23,16,Tuesday,False,74,18,positive,0.07670046488793933,-0.060845806221529124,-0.056146929940923185,-0.02743143587267557,-0.02449598519301933,-0.01639306559708108,0.00797803784356591,-0.030675610577740146,0.01343834777979404,0.03586028925023602
5yz2YVdvaZMWj,조기범,4.0,2026-06-22 12:41:35+00:00,,5,0,False,쓸모없는 게 아니라 쓸모를 다 했다는 것. 픽사만이 건넬 수 있는 위로.,쓸모없는 게 아니라 쓸모를 다 했다는 것. 픽사만이 건넬 수 있는 위로.,2026-06,2026-06-22,21,Monday,False,40,12,positive,0.07994512368200891,-0.08981282134105889,-0.044939494711479684,-0.005099525807981472,-0.09842759092756048,0.0027831104395738414,0.022432062411495344,0.014239358808370114,0.14420146801638345,0.04255442309447496
GO6MZ4dGAbENx,박민호,5.0,2026-06-22 11:14:26+00:00,,5,0,False,잊혀짐이 아니라 추억이 됨을 알기에,잊혀짐이 아니라 추억이 됨을 알기에,2026-06,2026-06-22,20,Monday,False,19,5,positive,0.051761514031995685,-0.07602357200820269,-0.026322002035159414,0.004207435735540044,-0.06554198142598992,-0.10937541829350986,0.07395646294977838,0.06461801623957786,0.21864840600811253,0.02278579391654649
xkPEmezDgXEK3,무빙광,3.5,2026-06-21 19:45:19+00:00,,5,0,False,디지털 시대의 장난감을 다룬 소재는 매우 흥미로웠다. 다만 토이 스토리 시리즈에서 줄곧 이야기하던 어른이 되면 이별한다는 주제가 나에게도 적용이 되었던 것 같다. 이제는 이 시리즈와 이별할 준비를 해야할 지도.,디지털 시대의 장난감을 다룬 소재는 매우 흥미로웠다. 다만 토이 스토리 시리즈에서 줄곧 이야기하던 어른이 되면 이별한다는 주제가 나에게도 적용이 되었던 것 같다. 이제는 이 시리즈와 이별할 준비를 해야할 지도.,2026-06,2026-06-22,4,Monday,False,117,29,positive,0.2839174316972845,0.14482328419553575,-0.028670804146101594,-0.024774679490313523,-0.09264317290060263,0.07643903351894896,-0.030153270129878024,-0.10220083459227465,0.030327722500006187,0.046426249713096876
P7kEWp9WO92J9,won,5.0,2026-06-21 11:30:25+00:00,,5,0,False,잃어버린 내 소중한 친구에게도 새 좋은 친구가 생겼기를,잃어버린 내 소중한 친구에게도 새 좋은 친구가 생겼기를,2026-06,2026-06-21,20,Sunday,True,30,8,positive,0.058553101773470735,-0.09689081577402033,-0.034109904394699415,-0.016277317765162447,-0.057386373641471394,-0.024092688932107902,0.003538923562145569,-0.05189918713495764,0.08811062932845977,-0.01747615094809109
zD82XX47Vr253,이동우,2.0,2026-06-20 16:29:26+00:00,2026-06-19 15:00:00+00:00,5,0,False,나는 감정없는 싸이코라 그런가 이런거보면 미동도안함. 오히려 웃음이나온달까? 이정도는 껌이지ㅋ 나는 모자이크없는 노잼 영화들을 수백수천개를 본 싸이코패슨데ㅋㅋ 그런영화를 보면서 나는 웃음을 짓지 후훗,나는 감정없는 싸이코라 그런가 이런거보면 미동도안함. 오히려 웃음이나온달까? 이정도는 껌이지 나는 모자이크없는 노잼 영화들을 수백수천개를 본 싸이코패슨데 그런영화를 보면서 나는 웃음을 짓지 후훗,2026-06,2026-06-21,1,Sunday,True,108,23,negative,0.02299298890400813,-0.022026191402509394,0.006283563148723771,-0.0035514707189462577,-0.01272928398143855,-0.015326827776873282,-0.010211725181182015,-0.0263239826129629,-0.00554613457779187,-0.015419123117446486
xkPEmezb4JEK3,Travis Hilts,2.5,2026-06-20 08:37:21+00:00,,5,0,False,여전히 통하긴 하나 이제 너무 사골이라서 놓아줘도 좋을 듯.,여전히 통하긴 하나 이제 너무 사골이라서 놓아줘도 좋을 듯.,2026-06,2026-06-20,17,Saturday,True,33,9,negative,0.126759293937421,-0.06993903734251053,-0.1319800074834216,-0.1163939808780409,0.29211964249224,-0.007193381914008104,-0.13421481734308832,0.11612538314326348,-0.06664456390374751,0.09891952787051614
lP0E85yj5G2bx,tokki_soo,3.5,2026-06-20 05:15:20+00:00,,5,0,False,아이는 아이답게 크고 노는것이 제격! 여전히 가슴따뜻해지는 이야기,아이는 아이답게 크고 노는것이 제격! 여전히 가슴따뜻해지는 이야기,2026-06,2026-06-20,14,Saturday,True,36,8,positive,0.10857529683695652,-0.0522026302688568,-0.09765075207264384,-0.09281006037052193,0.19280585494144012,0.04861825866882709,-0.11113470786270443,0.034967172821739244,-0.05995769542709178,0.10237685805737036
Vw8MLJO88ZEel,붉은 돼지,3.5,2026-06-20 02:03:53+00:00,2026-06-19 15:00:00+00:00,5,0,False,이건 영화가 아니라 나를 비추는 거울. by 배 나온 아저씨.,이건 영화가 아니라 나를 비추는 거울. by 배 나온 아저씨.,2026-06,2026-06-20,11,Saturday,True,34,10,positive,0.095225652348273,-0.14766685030181734,-0.03868810439868495,0.03915681898790207,-0.04401688365880205,-0.2552627417900053,0.1502437546129535,0.008719567115723116,0.1044388412213106,0.26898826261377856
BglQaabW4pQX0,Aha-!,3.0,2026-06-19 17:31:10+00:00,,5,2,False,장난감 이야기이고 애니메이션이기도 하니 넘어갔던 비약들이 조금 느껴져서 아쉬웠다. 과정을 약간 생략하는 방식으로 그것들을 이전까지는 잘 넘겼던 것 같은데 이 편에서는 친절히 과정들을 보여준다는 느낌이 들어 개인적으로는 오히려 이입을 방해받는 느낌이었다.  이게 토이스토리의 찐막편이 아닐까 싶을 정도로 문제가 생기고 해결하는 이야기 전개의 아이디어들이 열심히 쥐어짜내서 만들었거나 아예 가벼운 마음으로 결말을 위해 끼워 맞춰진다는 느낌이 강했다.  이런 이야기들에 너무 익숙해졌는지 박친감 넘치는 모험이 부족하다는 감상도 드는데 이건 창의력에 대한 나의 열정이 식어서 그런 것 같기도 하다.  전자기기 캐릭터를 볼 때는 못느꼈지만 왜 나온지 모르겠는 버즈 떼거지가 드론처럼 움직일 때는 세월이 많이 지나고 변했구나 하는 생각이 들어 뭉클하기도 했다.  다음편엔 감정선들에 집중하기 보다 정신없어도 아이디어 넘치는 참신한 이야기로 돌아오길 기대해본다.,장난감 이야기이고 애니메이션이기도 하니 넘어갔던 비약들이 조금 느껴져서 아쉬웠다. 과정을 약간 생략하는 방식으로 그것들을 이전까지는 잘 넘겼던 것 같은데 이 편에서는 친절히 과정들을 보여준다는 느낌이 들어 개인적으로는 오히려 이입을 방해받는 느낌이었다. 이게 토이스토리의 찐막편이 아닐까 싶을 정도로 문제가 생기고 해결하는 이야기 전개의 아이디어들이 열심히 쥐어짜내서 만들었거나 아예 가벼운 마음으로 결말을 위해 끼워 맞춰진다는 느낌이 강했다. 이런 이야기들에 너무 익숙해졌는지 박친감 넘치는 모험이 부족하다는 감상도 드는데 이건 창의력에 대한 나의 열정이 식어서 그런 것 같기도 하다. 전자기기 캐릭터를 볼 때는 못느꼈지만 왜 나온지 모르겠는 버즈 떼거지가 드론처럼 움직일 때는 세월이 많이 지나고 변했구나 하는 생각이 들어 뭉클하기도 했다. 다음편엔 감정선들에 집중하기 보다 정신없어도 아이디어 넘치는 참신한 이야기로 돌아오길 기대해본다.,2026-06,2026-06-20,2,Saturday,True,471,108,neutral,0.12811944466602126,-0.09413979442728772,0.08468874082515934,-0.09254478690264409,0.0649757662995498,-0.017985380501189984,0.08287076835250427,-0.027489576024137274,-0.024998496755047204,-0.06371856025384638
8n92Vp9GLZQAJ,왓탁,4.5,2026-06-19 07:03:13+00:00,,5,0,False,"<인사이드 아웃> 시리즈의 장점까지 흡수한, 픽사의 모든 것을 담은 작품. <토이 스토리 2>를 좋아하는 사람들에게는 더 축복같은 작품.",인사이드 아웃 시리즈의 장점까지 흡수한 픽사의 모든 것을 담은 작품. 토이 스토리 2 를 좋아하는 사람들에게는 더 축복같은 작품.,2026-06,2026-06-19,16,Friday,False,72,19,positive,0.24929485767147447,0.1721970756401711,0.004739747349569667,0.006598677347237712,-0.04628375824770979,0.0013622450288103525,-0.02264227004513334,-0.023898652125290167,-0.06495676290266539,0.05491327693177696
8n92Vp9lwKQAJ,김동건,3.0,2026-06-19 04:10:56+00:00,2026-06-16 15:00:00+00:00,5,0,False,그때 그 동심으로 돌아갈 수 있게 해 줌에 감사함을,그때 그 동심으로 돌아갈 수 있게 해 줌에 감사함을,2026-06,2026-06-19,13,Friday,False,28,9,neutral,0.01228301329652508,-0.019359927879331787,0.013577883420350174,0.00393361263475131,0.0017839576817450685,-0.023723787405570216,0.003945634216961003,0.008814997997725605,-0.007539484531024723,0.007628843067811055
PkvE6DlGr7Mpg,유제연,3.5,2026-06-18 15:35:25+00:00,,5,1,False,"세상은 계속 변할지라도, 우린 그저 너를 위할 뿐이야.",세상은 계속 변할지라도 우린 그저 너를 위할 뿐이야.,2026-06,2026-06-19,0,Friday,False,29,8,positive,0.04722275247656725,-0.05588431679217427,-0.022285501532044796,0.006189705957167066,-0.04617789132685358,0.036737360254730955,-0.009761726458600468,-0.06945403598426542,0.002341113726886556,-0.024099091568830312
6PzQ44YrJzQqV,◡̎NeouL,4.5,2026-06-18 15:15:22+00:00,,5,0,False,"토이스토리2에서 제시가 부른 When she loved me 를 들을 때마다, 어찌할 바 모를 먹먹한 슬픔이 올라오시는 분들께 이 영화를 추천드립니다. … 어린시절에 너무 많이 돌려봐서 코어 메모리의 한 축으로 자리잡은 작품이, 세월의 흐름 속에 속편의 속편을 거듭하다가 난잡해지고 정체성도 잃어가는 것을 보는 기분같은거, I guess we’ll never know 🤷🏻‍♂️😎🤠👩‍🚀🐴🤣😭  - ㅁ ㅁ ㅁ  누구보다 당차고 믿음직스럽지만 옛 상처가 너무 깊어 항상 마음쓰였던 아픈 손가락, 제시의 서사로 다뤄줘서 고맙습니다.  본인이 “버려지는 것에 대한 두려움”이 좀 크다 사람은 티슈랑 단 음료(제로 안됨) 챙겨서 보시길. 일단 전 마운틴 듀였는데 도움이 됐습니다.",토이스토리2에서 제시가 부른 When she loved me 를 들을 때마다 어찌할 바 모를 먹먹한 슬픔이 올라오시는 분들께 이 영화를 추천드립니다. 어린시절에 너무 많이 돌려봐서 코어 메모리의 한 축으로 자리잡은 작품이 세월의 흐름 속에 속편의 속편을 거듭하다가 난잡해지고 정체성도 잃어가는 것을 보는 기분같은거 I guess we ll never know 누구보다 당차고 믿음직스럽지만 옛 상처가 너무 깊어 항상 마음쓰였던 아픈 손가락 제시의 서사로 다뤄줘서 고맙습니다. 본인이 버려지는 것에 대한 두려움 이 좀 크다 사람은 티슈랑 단 음료 제로 안됨 챙겨서 보시길. 일단 전 마운틴 듀였는데 도움이 됐습니다.,2026-06,2026-06-19,0,Friday,False,343,85,positive,0.09484526424310108,-0.07060015040254942,-0.013045351200596285,-0.004816555542911213,-0.03082599172764242,0.014822902018413306,0.01133517832061285,-0.040469631555696974,-0.06381930391583196,-0.05857969136725527
ZGYMGGA89VMr8,나이트 시네마,4.0,2026-06-18 14:02:34+00:00,2026-06-16 15:00:00+00:00,5,0,False,"차가운 액정의 시대에서 따스함을 증명해 내는 --- 영화 <토이 스토리 5>는 스마트 기기가 보편화된 시대에 잊혀질 위기에 처한 장난감들의 고민을 다룬 작품입니다. 기존 시리즈가 장난감에 얽힌 추억과 성장, 그리고 이별을 이야기했다면, 이번 작품은 디지털 환경 속에서 장난감이 여전히 필요한 존재인지에 대한 질문을 던집니다.  전작 이후 이어진 속편에 대한 우려가 무색하게도, 영화는 장난감이 직면한 가장 현실적인 위협인 디지털 매체를 영리하게 극에 녹여내며 시리즈의 존재 가치를 다시 한번 증명합니다. 특히 새로운 기술을 단순히 적대시하기보다는, 시대가 변해도 변치 않는 상상력과 관계 맺기, 그리고 진정한 놀이의 의미가 무엇인지 관객 스스로 생각하게 만듭니다.  결과적으로 <토이 스토리 5>는 지금 시대에 가장 어울리는 고민을 훌륭하게 담아냈습니다. 시리즈와 함께 성장한 관객에게는 반가운 추억을, 새로운 세대에게는 놀이와 관계의 가치를 전하며, 왜 우리에게 또 하나의 이야기가 필요했는지를 충분히 납득하게 해주는 작품이었습니다.",차가운 액정의 시대에서 따스함을 증명해 내는 영화 토이 스토리 5 는 스마트 기기가 보편화된 시대에 잊혀질 위기에 처한 장난감들의 고민을 다룬 작품입니다. 기존 시리즈가 장난감에 얽힌 추억과 성장 그리고 이별을 이야기했다면 이번 작품은 디지털 환경 속에서 장난감이 여전히 필요한 존재인지에 대한 질문을 던집니다. 전작 이후 이어진 속편에 대한 우려가 무색하게도 영화는 장난감이 직면한 가장 현실적인 위협인 디지털 매체를 영리하게 극에 녹여내며 시리즈의 존재 가치를 다시 한번 증명합니다. 특히 새로운 기술을 단순히 적대시하기보다는 시대가 변해도 변치 않는 상상력과 관계 맺기 그리고 진정한 놀이의 의미가 무엇인지 관객 스스로 생각하게 만듭니다. 결과적으로 토이 스토리 5 는 지금 시대에 가장 어울리는 고민을 훌륭하게 담아냈습니다. 시리즈와 함께 성장한 관객에게는 반가운 추억을 새로운 세대에게는 놀이와 관계의 가치를 전하며 왜 우리에게 또 하나의 이야기가 필요했는지를 충분히 납득하게 해주는 작품이었습니다.,2026-06,2026-06-18,23,Thursday,False,508,122,positive,0.35877240935799953,0.07191176458953187,-0.09063333394648437,-0.06506180575596333,0.006391527941647279,-0.07495337258108208,-0.11443781440122756,0.012193720002174255,-0.02655018383655297,-0.02449036195984478
boY2lY8866MWO,아방가르드,4.0,2026-06-18 04:43:59+00:00,,5,0,False,Long live the “toy” EMPIRE!!!,Long live the toy EMPIRE!!!,2026-06,2026-06-18,13,Thursday,False,27,5,positive,0.0025780084514948724,-0.007461017453627488,-0.0022028941509383572,-0.0004864720153317307,-0.008013836711899489,0.03441799636430103,-0.0007448838366317707,0.0008226984139026473,-0.005668697132543231,0.006626183521320582
rdVMNLnnOPEql,문창승,3.0,2026-06-17 23:30:35+00:00,,5,0,False,지금 이 관계의 가치를 진정으로 깨닫는 것은 이별이 유예되고 있음을 받아들이는 것에서 시작한다.,지금 이 관계의 가치를 진정으로 깨닫는 것은 이별이 유예되고 있음을 받아들이는 것에서 시작한다.,2026-06,2026-06-18,8,Thursday,False,53,13,neutral,0.051850665194091906,-0.044206499032255264,-0.013037258670294797,-0.009469020856816782,-0.03848950438054731,-0.05763456014594608,-0.03227224415920959,0.010309226312106012,0.004337666042117331,-0.06633279522202196
POkEwe66lWMql,윤탱,4.0,2026-06-17 21:55:01+00:00,,5,0,False,"시대가 변해도, 변하지 않을 소중한 가치들에 대하여",시대가 변해도 변하지 않을 소중한 가치들에 대하여,2026-06,2026-06-18,6,Thursday,False,27,7,positive,0.067359866912406,-0.092290421813528,-0.05003688877950351,-0.01935322196109504,-0.07739801908595222,-0.09139310125797846,0.057460350718177615,0.05978767492926259,0.07103753979483961,-0.2646778773740959
OAxM71PZqGEbm,양기자 (YCU),3.5,2026-06-17 14:16:24+00:00,,5,0,False,"부모 세대가 된 팬들에게, 아이 손에 패드만 쥐여 주는 것으로는 교육이 되지 않는다는 걸 일깨우려는 사명이 조금이나마 있다면.",부모 세대가 된 팬들에게 아이 손에 패드만 쥐여 주는 것으로는 교육이 되지 않는다는 걸 일깨우려는 사명이 조금이나마 있다면.,2026-06,2026-06-17,23,Wednesday,False,69,18,positive,0.054920874522637095,-0.014059919651599017,-0.01022375204974392,0.04207315437570786,-0.027324872389221655,-0.06593478991066207,-0.07233927030929446,0.04289240178065999,0.004813251482203497,-0.050082827677474795
boPQjo6pqNEKL,연서,4.0,2026-06-17 13:51:51+00:00,,5,0,False,4 보기 전: 3에서 끝내야하는데;; 너무 완벽한데ㅠㅠ 여기서 뇌절하지마제발 4 보고 나서: 와 이걸 해내네 5 보기 전: 이번에도 해내겠지 5 보고 나서: 이럴거면 그만하자  소재는 (그나마) 최신이지만 감성은 가장 올드했음ㅠ 반짝반짝함이 없다 너무 안전했다 좀 더 고뇌했어야 했다 그동안의 토이스토리는 내게 항상 놀라움과 아름다움을 함께 선사해줬는데 이번에는 글쎄.... 픽사야 돌아와  그치만... 사랑하니까,4 보기 전 3에서 끝내야하는데 너무 완벽한데 여기서 뇌절하지마제발 4 보고 나서 와 이걸 해내네 5 보기 전 이번에도 해내겠지 5 보고 나서 이럴거면 그만하자 소재는 그나마 최신이지만 감성은 가장 올드했음 반짝반짝함이 없다 너무 안전했다 좀 더 고뇌했어야 했다 그동안의 토이스토리는 내게 항상 놀라움과 아름다움을 함께 선사해줬는데 이번에는 글쎄.... 픽사야 돌아와 그치만... 사랑하니까,2026-06,2026-06-17,22,Wednesday,False,218,53,positive,0.09780655074974519,-0.07367928684724528,-0.02461483530937475,-0.0038823512330436335,-0.06742474998612227,-0.03507066318967616,0.05764192520440736,-0.0029750795156408185,-0.12656433823432794,-0.061332642021207064
NXnE5ZYmb72zG,Chang,3.0,2026-06-17 13:49:11+00:00,,5,0,False,"아무리 아이디어가 떨어졌다 해도, (2022년 ‘버즈 라이트이어’의 실패를 만회하기 위한) 버즈 군단 등장은 너무 나가지 않았나.",아무리 아이디어가 떨어졌다 해도 2022년 버즈 라이트이어 의 실패를 만회하기 위한 버즈 군단 등장은 너무 나가지 않았나.,2026-06,2026-06-17,22,Wednesday,False,68,17,neutral,0.1117752519308897,-0.12428547946996699,0.5238003356521128,-0.29503858529894655,0.03810742677342164,-0.0015063835861252152,-0.010391823453182587,0.016571304287584535,0.05104506111017377,0.07645170667246336
kpeQKvNweXMYN,카이류海流,4.0,2026-06-17 12:56:56+00:00,2026-06-16 15:00:00+00:00,5,0,False,난 널 버리지 않아  이상 아직까지 장난감 모으는 30대,난 널 버리지 않아 이상 아직까지 장난감 모으는 30대,2026-06,2026-06-17,21,Wednesday,False,30,9,positive,0.0793487867749672,-0.06957220103502505,-0.10138008488071787,-0.052747363207308634,0.24329569025725054,0.04944874149796295,0.17755364665816323,-0.07461489816120428,0.08425297523038083,-0.20935105180430064
nd3M3z9P7P2Ng,누구의 영화,4.0,2026-06-17 12:23:36+00:00,,5,0,False,​어제도 오늘도 우린 무한한 공간 저 너머로. 언제까지나 함께!,어제도 오늘도 우린 무한한 공간 저 너머로. 언제까지나 함께!,2026-06,2026-06-17,21,Wednesday,False,34,9,positive,0.04986438411814304,-0.07093252990457234,-0.05058977107813011,-0.007022626047050652,-0.11919520450657442,0.04346665214224645,0.07189286882834572,0.07720552060054113,-0.047173868650466286,-0.060864479059336896
ZGYMGGA9z9Mr8,이키루,4.0,2026-06-17 12:18:22+00:00,,5,0,False,8/10  안 끝나길 바랐다..,8 10 안 끝나길 바랐다..,2026-06,2026-06-17,21,Wednesday,False,16,5,positive,0.0,0.0,0.0,0.0,0.0,0.0,0.0,0.0,0.0,0.0
y4ZMO8pXvWQOp,유냥,4.0,2026-06-17 11:47:11+00:00,,5,3,False,"내 딸 이름은 토순이, 쫑쫑이, 마리",내 딸 이름은 토순이 쫑쫑이 마리,2026-06,2026-06-17,20,Wednesday,False,18,6,positive,0.0227273938711563,-0.04427043344340177,-0.04706817937490016,-0.03796567598534504,0.13709638489782924,0.09503263568423187,0.17182878166512,-0.13710886139302922,0.09206073116309978,-0.02201751483734477
droQ0YnP9aEyN,로체스터,4.0,2026-06-17 11:11:12+00:00,2026-06-16 15:00:00+00:00,5,0,False,"시의적절한 소재, 관객과 함께 성장해온 시리즈의 반가운 귀환",시의적절한 소재 관객과 함께 성장해온 시리즈의 반가운 귀환,2026-06,2026-06-17,20,Wednesday,False,32,8,positive,0.059095355916462165,-0.0472637103278993,-0.01474355264915414,-0.02592613264853393,-0.032641549777169585,0.022474513534685246,-0.00394973710724218,0.04206581107064758,-0.04586675417930899,-0.040105711347207335
PkvE6DlvdjMpg,이재팔,4.0,2026-06-17 10:31:36+00:00,,5,0,False,어릴 때 갖고 놀았던 레고프렌즈 친구들이 생각났어 올리비아 엠마 안드레아 미아 스테파니야 고마워,어릴 때 갖고 놀았던 레고프렌즈 친구들이 생각났어 올리비아 엠마 안드레아 미아 스테파니야 고마워,2026-06,2026-06-17,19,Wednesday,False,53,13,positive,0.028487919890031344,-0.035629020067124574,-0.01607138579983715,-0.020102570629738553,-0.012868732249529355,0.017893458615768524,0.01705220719373336,0.015175985956129597,-0.005724583966023454,-0.015583140962164215
bW3Qk7GVv0Q9p,oneyoons,4.0,2026-06-17 10:16:04+00:00,2026-06-16 15:00:00+00:00,5,0,False,"세월이 지나도, 시대가 변해도 동심은 여전하니까.",세월이 지나도 시대가 변해도 동심은 여전하니까.,2026-06,2026-06-17,19,Wednesday,False,26,6,positive,0.047467792891485054,-0.06178088399853578,-0.0192294581681879,-0.007675762411204744,-0.060184436924697146,-0.09351312804833142,0.036671108796372656,0.08472401245096983,-0.005746239712746008,-0.28520462189962525
8kXQebDXZvEP6,김정현,4.5,2026-06-17 09:28:27+00:00,,5,0,False,"나는 이제 이런 걸 보고 울지 않는 어른이 되어버렸지만, 그래도 너희는 영원히 어린이들의 친구로 남아주기를. 나 또한 너희의 친구였으니까.  굳이 또 나올 필요가 있었을까 의구심을 가진 건 나도 마찬가지였지만 막상 뚜껑을 열어보니 만들만했다는 생각이 든다. 또이스토리라고 욕먹어도 괜찮아. 누군가는 이런 걸 만들어야 하고, 또 누군가는 보겠지.",나는 이제 이런 걸 보고 울지 않는 어른이 되어버렸지만 그래도 너희는 영원히 어린이들의 친구로 남아주기를. 나 또한 너희의 친구였으니까. 굳이 또 나올 필요가 있었을까 의구심을 가진 건 나도 마찬가지였지만 막상 뚜껑을 열어보니 만들만했다는 생각이 든다. 또이스토리라고 욕먹어도 괜찮아. 누군가는 이런 걸 만들어야 하고 또 누군가는 보겠지.,2026-06,2026-06-17,18,Wednesday,False,189,46,positive,0.14645479687432444,-0.10944608876392413,-0.012792966526015649,0.010632844775583513,-0.12293446257821247,0.026007442575019916,-0.02923415032158242,0.1687807766070222,0.10350420831054967,-0.009417481181047235
boY2lY84GoMWO,재혁짱,4.0,2026-06-17 09:27:03+00:00,,5,0,False,많은 게 변해 가지만 그럼에도 변하지 않는 것...,많은 게 변해 가지만 그럼에도 변하지 않는 것...,2026-06,2026-06-17,18,Wednesday,False,28,8,positive,0.06956228095718325,-0.069059011690633,-0.01891690691289375,-0.011249761231693614,-0.02971321179220473,-0.05646830839839463,-0.04787948234481838,0.029570226328175495,-0.009890521112446916,-0.06588960469123395
WzO2g450XRMXZ,누리,4.0,2026-06-17 08:13:26+00:00,,5,0,False,유년의 언덕에 심긴 나무에게 우리의 안부를 묻다.,유년의 언덕에 심긴 나무에게 우리의 안부를 묻다.,2026-06,2026-06-17,17,Wednesday,False,27,7,positive,0.020146632981888235,-0.023654786114163315,-0.007442667217200825,-0.00623592477443799,-0.04677606250802267,-0.0043216932556531945,0.04642415250349581,-0.009860295236363633,-0.04772434848003525,-0.10227664323443364
8kXQebDXmjEP6,가여우,3.0,2026-06-17 08:04:00+00:00,,5,0,False,"돌아와서 반갑지만, 이젠 작별해야 할 시리즈.",돌아와서 반갑지만 이젠 작별해야 할 시리즈.,2026-06,2026-06-17,17,Wednesday,False,24,6,neutral,0.04588835577361328,-0.019832371248528224,-0.025337195054325377,-0.007394484401114202,0.013640708866128193,-0.004104147196494565,-8.214422694822338e-05,-0.03610981296911433,-0.008453239312222487,0.01231187314331285
POkEwe6ZbDMql,류지연,5.0,2026-06-17 06:01:58+00:00,,5,1,False,우리 이번에도 영원할 수 있을까? 라는 5번의 공통 질문에 스마트하고따뜻하게대답해준다 아..가슴에 국밥을 쏟은것같음,우리 이번에도 영원할 수 있을까? 라는 5번의 공통 질문에 스마트하고따뜻하게대답해준다 아..가슴에 국밥을 쏟은것같음,2026-06,2026-06-17,15,Wednesday,False,64,13,positive,0.03178614684528766,-0.039350445789466164,0.0128040594482103,0.027740658475397258,-0.032599418591114954,0.014170235374933265,0.013867282422636398,0.005607097484956035,-0.09731504374255032,-0.019775150941915155
OAxM71Pv0ZEbm,민드레,3.5,2026-06-17 05:19:04+00:00,,5,0,False,"""언제 어른이 될건지는 우리가 정하는 게 아니야""",언제 어른이 될건지는 우리가 정하는 게 아니야,2026-06,2026-06-17,14,Wednesday,False,25,7,positive,0.10212267303216266,-0.17026113448512348,-0.0887150758999864,-0.08396963759459973,-0.18175202296249668,0.5478695156800731,-0.021845198883867524,0.09216847626047839,-0.032509907514715525,0.1428818009508733
zD82XX4x0V253,김은중,4.0,2026-06-17 04:38:12+00:00,2026-06-16 15:00:00+00:00,5,0,True,"무한한 공간 저 너머로. 누군가의 삶에 이름으로 각인되어, 그 여정에 영원히 함께하는 장난감의 숙명",무한한 공간 저 너머로. 누군가의 삶에 이름으로 각인되어 그 여정에 영원히 함께하는 장난감의 숙명,2026-06,2026-06-17,13,Wednesday,False,54,14,positive,0.07703880674431673,-0.04773192212700365,-0.044094415951513574,0.042954799131992745,-0.13323113079904475,0.05450182267189776,0.08512957980913574,0.22663996307039552,0.16274194670156084,-0.010457423908671572
mkPMneAPJB2wq,filmxyz,4.0,2026-06-17 02:43:17+00:00,2026-06-16 15:00:00+00:00,5,0,False,"친구와 장난감, 어린시절에 대한 ‘토이 스토리’다운 고찰. 우리는 여전히 토이 스토리가 필요하다.",친구와 장난감 어린시절에 대한 토이 스토리 다운 고찰. 우리는 여전히 토이 스토리가 필요하다.,2026-06,2026-06-17,11,Wednesday,False,52,13,positive,0.4488542575764364,0.30555167724808885,-0.10993308155166004,-0.10309348105088352,0.26629067883081214,0.09450870292102183,0.04436676535250913,0.029109392380725706,0.005421444266340604,0.015902916187249285
W4zQrOVkNwEw1,영화한줄,3.5,2026-07-21 22:48:26+00:00,,4,0,False,"쿠엔틴 타란티노는 <토이 스토리> 3부작을 영화 역사상 가장 완벽한 3부작 중 하나라며, 그렇기에 4편은 보고 싶지 않다고 말한 적이 있다. 어느 정도 동의한다. 그럼에도 4편은 충분히 아름다운 에필로그였다고 생각하지만, 5편에서는 어떻게든 시리즈를 이어가기 위한 노력이 느껴진다. 너무 많은 것을 한꺼번에 담으려다 시리즈 특유의 단단한 완성도가 다소 옅어졌다. 그러나 디지털 시대에도 변하지 않은 순수함을 간직한 보니와, 어느새 엄마가 되어 딸에게 제시의 이름을 붙여준 에밀리의 모습에 어느새 눈물이 떨어지고 있는 걸 보면, 그래도 토이 스토리는 어쩔 수 없는 토이 스토리다.",쿠엔틴 타란티노는 토이 스토리 3부작을 영화 역사상 가장 완벽한 3부작 중 하나라며 그렇기에 4편은 보고 싶지 않다고 말한 적이 있다. 어느 정도 동의한다. 그럼에도 4편은 충분히 아름다운 에필로그였다고 생각하지만 5편에서는 어떻게든 시리즈를 이어가기 위한 노력이 느껴진다. 너무 많은 것을 한꺼번에 담으려다 시리즈 특유의 단단한 완성도가 다소 옅어졌다. 그러나 디지털 시대에도 변하지 않은 순수함을 간직한 보니와 어느새 엄마가 되어 딸에게 제시의 이름을 붙여준 에밀리의 모습에 어느새 눈물이 떨어지고 있는 걸 보면 그래도 토이 스토리는 어쩔 수 없는 토이 스토리다.,2026-07,2026-07-22,7,Wednesday,False,317,78,positive,0.34064184287718585,0.10245923114557509,-0.021774950840981192,-0.026707463841074905,-0.10420104512815814,-0.027753853727885275,-0.032862055182662615,-0.09235424611967341,-0.053520954835879826,-0.016556061628817533
wlL2Do3gboEyZ,lupang2003,3.0,2026-07-19 08:26:54+00:00,,4,0,False,"안 운다고 했다. 안 울 자신 있다고 했다. 울 일 없을 거라고 했다. 더 이상 울리지 않을… 흑~ 아직도 토이 스토리를 보며 울게 될 줄이야. 조카 녀석 갓난쟁이때부터 주구장장 틀어주었는데 이제 그 놈이 서른이다. 같이 나이 들어가는 시리즈. 기왕 이렇게 된 거, 오래 같이 늙자.",안 운다고 했다. 안 울 자신 있다고 했다. 울 일 없을 거라고 했다. 더 이상 울리지 않을 흑 아직도 토이 스토리를 보며 울게 될 줄이야. 조카 녀석 갓난쟁이때부터 주구장장 틀어주었는데 이제 그 놈이 서른이다. 같이 나이 들어가는 시리즈. 기왕 이렇게 된 거 오래 같이 늙자.,2026-07,2026-07-19,17,Sunday,True,155,45,neutral,0.1550395922023423,0.007868110688159385,-0.011077038668765778,-0.0407814428981671,-0.04411645853868553,-0.03387161522068816,0.0007592639907342241,-0.05012020866157416,-0.012283165735382396,-0.09475490493017058
7JVEoXleBL29y,차노스,4.0,2026-07-18 12:45:05+00:00,,4,0,False,"현대기기와 우정의 의미를 장난감의 시선에서. . ""When She Loved Me""는 너무 눈물 치트키다.",현대기기와 우정의 의미를 장난감의 시선에서. . When She Loved Me 는 너무 눈물 치트키다.,2026-07,2026-07-18,21,Saturday,True,58,14,positive,0.033681831731155534,-0.051642614473095955,-0.014763071990199259,0.002596585689460031,-0.042734706016916785,0.010498855531867628,-0.011294532585934236,0.003723870881779075,-0.019815399518975037,-0.06482518204390444
lP0E85zmZP2bx,민석,4.0,2026-07-11 14:40:34+00:00,,4,0,False,너의 한 순간이 될 수 있다면 그걸로 만족해. 30년이 된 시리즈가 아직도 창의적일 수 있다는 것은 얼마나 대단한 일인가.,너의 한 순간이 될 수 있다면 그걸로 만족해. 30년이 된 시리즈가 아직도 창의적일 수 있다는 것은 얼마나 대단한 일인가.,2026-07,2026-07-11,23,Saturday,True,68,19,positive,0.08712847030337803,-0.07995906640578272,-0.04197306840692711,-0.016237477434426325,-0.09264989783452646,-0.12048722156306893,-0.05143672361328885,-0.08683608530844118,0.11612242813180226,0.007851461756858509
WzO2g4qLeRMXZ,빵빵이,3.5,2026-07-10 16:12:25+00:00,,4,0,False,세상이 바뀌어도 아이에게는 여전히 장난감이 필요하다 어쩌면 어른에게도,세상이 바뀌어도 아이에게는 여전히 장난감이 필요하다 어쩌면 어른에게도,2026-07,2026-07-11,1,Saturday,True,38,8,positive,0.13869310162981016,-0.03696431416141269,-0.13608913495829622,-0.11101935228900738,0.22275067074463412,-0.04470289930811842,-0.17972405538704248,0.2655781786884627,-0.07051889128287711,0.020197039679893645
NXnE5Z7yAP2zG,Sojung,3.5,2026-07-08 11:34:54+00:00,,4,0,False,"서른해가 지나도 또렷히 지나간 시간을 떠올리게 하는 힘, 그런걸 추억의 소환이라 부른다면 토이스토리는 그 어렵고도 대단한 일을 다섯번이나 ‘잘’ 해낸다.  러닝 타임 내내 다녀가는 나의 애착베개 토끼 인형과 힘 닿는 데까지 심폐소생술을 진행했던 두 개의 바비공주들, 손바닥보다 작았던 피터팬과 팅커벨, 게임씨디를 사고 받았던 라이언킹 미니미들까지. 자꾸 뭉클해졌던 건 내게도 있던 보니의 마음때문일까. 아니면 에밀리처럼 제대로 인사하지 못하고 헤어졌던 친구들에 대한 미안함일까.  그리운 건 모두 유년시절에 가 산다는 “소란”의 문장처럼 모두 지나버린 듯한 어린 시절을 생각나게 해주는 고마운 스토리. 함께 나이들어왔다고 해도 무리가 아닐만큼 존재 자체만으로도 서사를 부여해주는 유일한 시리즈.",서른해가 지나도 또렷히 지나간 시간을 떠올리게 하는 힘 그런걸 추억의 소환이라 부른다면 토이스토리는 그 어렵고도 대단한 일을 다섯번이나 잘 해낸다. 러닝 타임 내내 다녀가는 나의 애착베개 토끼 인형과 힘 닿는 데까지 심폐소생술을 진행했던 두 개의 바비공주들 손바닥보다 작았던 피터팬과 팅커벨 게임씨디를 사고 받았던 라이언킹 미니미들까지. 자꾸 뭉클해졌던 건 내게도 있던 보니의 마음때문일까. 아니면 에밀리처럼 제대로 인사하지 못하고 헤어졌던 친구들에 대한 미안함일까. 그리운 건 모두 유년시절에 가 산다는 소란 의 문장처럼 모두 지나버린 듯한 어린 시절을 생각나게 해주는 고마운 스토리. 함께 나이들어왔다고 해도 무리가 아닐만큼 존재 자체만으로도 서사를 부여해주는 유일한 시리즈.,2026-07,2026-07-08,20,Wednesday,False,380,90,positive,0.19598803344759938,-0.06141492137151877,-0.018515251735404484,-0.009615144815858186,-0.0713276731290407,-0.032261249869002945,0.08736917249954172,0.008959020805434866,-0.11318633593434387,-0.0365091840802109
W9bEBewkAKQpZ,정찬영,3.5,2026-07-08 00:59:16+00:00,,4,0,False,스쳐지나가더라도 따뜻함이 묻어있기를.,스쳐지나가더라도 따뜻함이 묻어있기를.,2026-07,2026-07-08,9,Wednesday,False,20,3,positive,0.0,0.0,0.0,0.0,0.0,0.0,0.0,0.0,0.0,0.0
W4zQrONpPdEw1,푸돌이,3.0,2026-07-07 04:30:55+00:00,,4,0,False,"말 많고 탈 많지만 결국, 그들의 이름은 영속될 거란 귓속말.",말 많고 탈 많지만 결국 그들의 이름은 영속될 거란 귓속말.,2026-07,2026-07-07,13,Tuesday,False,33,10,neutral,0.05574975644386629,-0.06852250546650422,-0.0339209398592454,-0.04509646020831331,0.09060509302129117,0.07991000782709971,0.15041140594414312,-0.11232943310179155,0.0525048593298206,0.0021105403440427727
kpeQKvPNjJMYN,그럼언제놀아,5.0,2026-07-05 05:30:23+00:00,,4,0,False,"세상이 아무리 바삐 흘러가고 빠르게 변해가는 것 같아더, 이야기는 언제나 같은 자리에서 우리를 기다린다. 다 자라버린 어른이 되어 잠시 잊은 것 같아도, 마음 속 깊은 어딘가에 여전히 살아 숨 쉬며 문을 두드리는 존재들. 그 변치 않는 온기가 여전히 너무 좋다 나는.🥹",세상이 아무리 바삐 흘러가고 빠르게 변해가는 것 같아더 이야기는 언제나 같은 자리에서 우리를 기다린다. 다 자라버린 어른이 되어 잠시 잊은 것 같아도 마음 속 깊은 어딘가에 여전히 살아 숨 쉬며 문을 두드리는 존재들. 그 변치 않는 온기가 여전히 너무 좋다 나는.,2026-07,2026-07-05,14,Sunday,True,147,41,positive,0.1602094258989542,-0.13774770738234948,-0.10816011320901518,-0.12630551724673802,0.1307680496623383,0.14629967430155166,-0.08535556345228902,0.17385973122753437,-0.050757083977014235,0.09645065205700139
mkPMneVPxJ2wq,휘리릭,3.0,2026-07-04 11:51:54+00:00,,4,0,False,예전보다 약해진 눈물콧물 쏙 빼내는 기술 스마트폰 시대의 해법이 너무 아쉬웠다. 스마트 기기 있다고 장난감 안사는건 아니더라.,예전보다 약해진 눈물콧물 쏙 빼내는 기술 스마트폰 시대의 해법이 너무 아쉬웠다. 스마트 기기 있다고 장난감 안사는건 아니더라.,2026-07,2026-07-04,20,Saturday,True,70,17,neutral,0.06771228574389977,-0.03842242475205981,-0.06333356008544878,-0.03928597238838984,0.14035158470511522,0.04575692931063838,0.05958916918398888,-0.07355860331453272,0.08412947751141146,-0.10340277086073085
GO6MZ4nJ7eENx,구현우,4.0,2026-07-04 02:55:58+00:00,,4,0,False,변해버린 시대 속 자신의 효용성을 의심하는 존재들의 애틋한 분투.,변해버린 시대 속 자신의 효용성을 의심하는 존재들의 애틋한 분투.,2026-07,2026-07-04,11,Saturday,True,36,9,positive,0.03939110667706214,-0.02471778115505867,0.00043836796150476085,-0.006563617254843526,0.026926372747612434,-0.028333549156360185,-0.028769265759639773,-0.05515370623177837,0.04936259259840804,-0.03851896464924677
gwVQxnN3Ve2B0,예 인,5.0,2026-07-03 15:40:54+00:00,2026-07-02 15:00:00+00:00,4,0,False,객관성을 잃은 덕후는 점수를 매길 수 없어요. 순수하게 웃음이 터져나오는 영화. 어떻게 이런 생각을 한 거야? 그렇지만 곳곳에 울음 지뢰 주의!,객관성을 잃은 덕후는 점수를 매길 수 없어요. 순수하게 웃음이 터져나오는 영화. 어떻게 이런 생각을 한 거야? 그렇지만 곳곳에 울음 지뢰 주의!,2026-07,2026-07-04,0,Saturday,True,80,21,positive,0.03591014286503385,-0.032459414224842525,-0.004290552947286048,6.407231577460273e-05,-0.015748338025732816,0.031756115989684953,-0.030469276302060973,0.008957869603987818,0.0008040775221860178,-0.014168442531845049
BVoM9q9gdBMP0,삼락,4.0,2026-07-03 12:14:56+00:00,,4,0,False,AI 시대에 상상력의 부활을 외치다.,AI 시대에 상상력의 부활을 외치다.,2026-07,2026-07-03,21,Friday,False,20,5,positive,0.03144877744370564,0.0024005623544722816,-0.010669242375380264,-0.016535072077725428,-0.0007874202770055943,-0.014578336702769663,-0.0577700917104136,0.014838313231496284,-0.051605137549251875,-0.034154731068158056
69oMvpk7vLEal,서월,5.0,2026-07-03 09:06:17+00:00,,4,0,False,"난 항상 남들이 토이스토리2가 토이스토리 시리즈 중 최악이라고 할 때마다 너무 속상했다, 남의 평가 상관없이 내 주관만이 세상 전부였을 때부터 난 토이스토리2가 제일 재밌었고 제시가 너무 좋았는데  제시 넌 절대 쓸모없지 않아 한 유치원생이 대학교 졸업반이 된 지금까지 너만한 카우걸은 이 세상에 없거든!!",난 항상 남들이 토이스토리2가 토이스토리 시리즈 중 최악이라고 할 때마다 너무 속상했다 남의 평가 상관없이 내 주관만이 세상 전부였을 때부터 난 토이스토리2가 제일 재밌었고 제시가 너무 좋았는데 제시 넌 절대 쓸모없지 않아 한 유치원생이 대학교 졸업반이 된 지금까지 너만한 카우걸은 이 세상에 없거든!!,2026-07,2026-07-03,18,Friday,False,169,43,positive,0.1401235185618127,-0.08356857650402835,0.05861637224356121,0.17002358869708517,0.04407532663901266,-0.0293674128887444,0.09050132058835238,-0.05683471553678237,-0.10507358377141333,-0.15383698065224635
PkvE6Dk0pjMpg,해왕성,4.5,2026-07-02 13:16:13+00:00,,4,0,False,울다 웃다 울다 웃다 울다 웃다,울다 웃다 울다 웃다 울다 웃다,2026-07,2026-07-02,22,Thursday,False,17,6,positive,0.0,0.0,0.0,0.0,0.0,0.0,0.0,0.0,0.0,0.0
WzO2g4jvK0MXZ,엘제이(LJ_Movie),4.0,2026-07-01 11:53:02+00:00,,4,1,False,"세월은 흐르고 시대는 바뀌어도, 나를 위해서만 있어 준 너희와의 추억은 영원하기에, 내 친구들",세월은 흐르고 시대는 바뀌어도 나를 위해서만 있어 준 너희와의 추억은 영원하기에 내 친구들,2026-07,2026-07-01,20,Wednesday,False,50,13,positive,0.061493725909889094,-0.10398522614436088,-0.06340200896299855,0.02766981013690214,0.003306976803286142,-0.13811409107708142,0.10662165477136121,0.08664863128200614,-0.016397077458997433,0.06771944285705135
mkPMne6g1y2wq,rizu,3.5,2026-06-29 10:33:44+00:00,2026-06-28 15:00:00+00:00,4,0,False,어김없이 상자를 열면 그 안에 애정만 가득해서.,어김없이 상자를 열면 그 안에 애정만 가득해서.,2026-06,2026-06-29,19,Monday,False,26,7,positive,0.0,0.0,0.0,0.0,0.0,0.0,0.0,0.0,0.0,0.0
XpeMJGJxKxQJn,현서,4.0,2026-06-28 12:28:14+00:00,,4,0,False,"나보다 내 어린 시절을 더 오래, 더 소중히 기억해 주는 존재들이 언젠가 다시 나를 찾아와 주기를 바라며",나보다 내 어린 시절을 더 오래 더 소중히 기억해 주는 존재들이 언젠가 다시 나를 찾아와 주기를 바라며,2026-06,2026-06-28,21,Sunday,True,57,17,positive,0.10664754858193014,-0.14556024569188306,-0.06989801630309359,0.02919048963685826,-0.08588956583343292,-0.1588455192370883,0.041123200137240086,-0.035262615388692534,0.015490211167634204,0.17601545110907127
xkPEmer31LEK3,deina,3.5,2026-06-28 10:32:01+00:00,,4,0,False,세대가 바뀌면 바뀐대로 우리는 연결 될 수 있어,세대가 바뀌면 바뀐대로 우리는 연결 될 수 있어,2026-06,2026-06-28,19,Sunday,True,26,8,positive,0.045675512524314746,-0.03386861758652577,-0.04533507950615346,-0.012351059121977426,0.012564076941068104,-0.016366422395213527,-0.025907732674296715,0.05177665702210286,-0.02180403121330375,-0.01808114806948468
wlL2Do687OEyZ,김지원,1.0,2026-06-27 12:55:45+00:00,,4,5,False,안봤어도 괜찮을듯 토이 스토리 3까진 재밌게 봤는데 내가 변한거지?,안봤어도 괜찮을듯 토이 스토리 3까진 재밌게 봤는데 내가 변한거지?,2026-06,2026-06-27,21,Saturday,True,37,9,negative,0.3910935173011965,0.4291186733351888,0.030451075542531365,0.02997884821151178,-0.046330570771333665,0.019540599090262803,0.07244345351213041,-0.022859826684860012,-0.036434589300312556,0.05578674200710347
xplMdbjo0LE4o,Jay,3.0,2026-06-27 11:58:00+00:00,,4,0,False,나도 버즈 가지고 싶다ㅠ 토이스토리 보며 즐겁긴엔 너무 늙어 버렸나 보다..,나도 버즈 가지고 싶다 토이스토리 보며 즐겁긴엔 너무 늙어 버렸나 보다..,2026-06,2026-06-27,20,Saturday,True,41,11,neutral,0.18326106058134045,-0.1718411034290322,0.3995548264755756,0.09557361731513997,0.12642514709705047,0.021421837806008967,-0.09638182901828067,0.06790906198529534,-0.012953923653107033,0.017435808572676077
XpeMJGJjJZQJn,정우,3.5,2026-06-27 09:47:49+00:00,,4,2,False,솔직히영화는그냥그런데 장난감들 등장하자마자 5년정도 못본친구 오랫만에 만난 것 같고 눈물고이는건어쩔수X었음,솔직히영화는그냥그런데 장난감들 등장하자마자 5년정도 못본친구 오랫만에 만난 것 같고 눈물고이는건어쩔수X었음,2026-06,2026-06-27,18,Saturday,True,59,10,positive,0.015531232927453897,-0.018219581141399058,-0.0004658594515916843,-0.004748659346596276,-0.007896640388441158,-0.0005320851065948541,-0.02340555509446058,-0.007757644413313246,-0.006997760778575331,-0.004562681443018298
rdVMNL3p0bEql,박찬욱,4.0,2026-06-27 05:42:38+00:00,,4,0,False,땅에 묻힌 박스를 꺼냈을 때 무너져내리고 말았다.,땅에 묻힌 박스를 꺼냈을 때 무너져내리고 말았다.,2026-06,2026-06-27,14,Saturday,True,27,7,positive,0.0,0.0,0.0,0.0,0.0,0.0,0.0,0.0,0.0,0.0
3WB2qozA9jQpj,이석기,4.0,2026-06-27 05:06:28+00:00,,4,0,False,간만에 만난 오랜 친구가 여전히 아름답게 고군분투하고 있구나 하는 응원하고픈 마음을 건네는 추억담. 그리고 지금까지 모르고 있던 친구의 소중한 이야기를 선물로 받은 것만 같다.  더불어 이번 작품을 고심하며 제작했을 제작진의 삶을 바라보는 선한 마음이 엿보이기에 더욱 애정이 간다.,간만에 만난 오랜 친구가 여전히 아름답게 고군분투하고 있구나 하는 응원하고픈 마음을 건네는 추억담. 그리고 지금까지 모르고 있던 친구의 소중한 이야기를 선물로 받은 것만 같다. 더불어 이번 작품을 고심하며 제작했을 제작진의 삶을 바라보는 선한 마음이 엿보이기에 더욱 애정이 간다.,2026-06,2026-06-27,14,Saturday,True,156,38,positive,0.12613651019374567,-0.09610841619915987,-0.06573596365469059,-0.06071320576319966,0.06237174612148645,-0.02892757655566064,-0.09727674817589974,0.004237072785983417,0.018034188854717335,0.05127918641345859
lP0E85p4W92bx,포비,3.5,2026-06-25 13:25:23+00:00,,4,6,False,따-땃,따 땃,2026-06,2026-06-25,22,Thursday,False,3,2,positive,0.0,0.0,0.0,0.0,0.0,0.0,0.0,0.0,0.0,0.0
WzO2g4jPpvMXZ,비속어,4.0,2026-06-25 11:58:43+00:00,,4,1,False,별로 기다리던 시리즈는 아니었는데 테일러가 주제곡을 만들게 된 경위가 너무 좋아서 그냥 바로 극장으로 달려갔다. 아무래도 토이스토리 시리즈는 늙크크들을 위한 영화인 거 같다. 어린 시절의 나를 추억하기에 너무 좋은 영화기도 하고 영화 내내 흐르는 이상한 그리움도 그렇고. 특히 가사없이 2부 주제곡이었던 when she loved me가 흘러나올 때. 아 정말 이상할 정도의 애틋하다.  토이스토리5는 내가 그동안 픽사를 왜 좋아했는지 다시금 느끼게 한다.  영화 완성도와는 별개로 토이스토리를 그렇게까지 좋아하는 편은 아니었는데 (감정적으로 동화되어 보면서 아 그래도 언젠가는 버려야 되는데ㅜㅜㅠ하는 생각때문에 ㅎㅎ (네 저는 싸이코패스입니다)) 토이스토리 시리즈가 진행되면서 자아의 자각을 시작으로 성장을 인정하고 변화를 받아들이는 것으로 확장되는 주제의식이 너무 아름답고 따뜻하다.  게다가 엠지패드를 악역으로 그리지 않고 절충하려 노력한 흔적이 귀엽게 느껴진다.  (사실 릴리패드는 악역이라 할 수 없고 진짜 착하고 똑똑하고 암튼 오늘 엄마한테 릴리패드사달라할꺼임!!),별로 기다리던 시리즈는 아니었는데 테일러가 주제곡을 만들게 된 경위가 너무 좋아서 그냥 바로 극장으로 달려갔다. 아무래도 토이스토리 시리즈는 늙크크들을 위한 영화인 거 같다. 어린 시절의 나를 추억하기에 너무 좋은 영화기도 하고 영화 내내 흐르는 이상한 그리움도 그렇고. 특히 가사없이 2부 주제곡이었던 when she loved me가 흘러나올 때. 아 정말 이상할 정도의 애틋하다. 토이스토리5는 내가 그동안 픽사를 왜 좋아했는지 다시금 느끼게 한다. 영화 완성도와는 별개로 토이스토리를 그렇게까지 좋아하는 편은 아니었는데 감정적으로 동화되어 보면서 아 그래도 언젠가는 버려야 되는데 하는 생각때문에 네 저는 싸이코패스입니다 토이스토리 시리즈가 진행되면서 자아의 자각을 시작으로 성장을 인정하고 변화를 받아들이는 것으로 확장되는 주제의식이 너무 아름답고 따뜻하다. 게다가 엠지패드를 악역으로 그리지 않고 절충하려 노력한 흔적이 귀엽게 느껴진다. 사실 릴리패드는 악역이라 할 수 없고 진짜 착하고 똑똑하고 암튼 오늘 엄마한테 릴리패드사달라할꺼임!!,2026-06,2026-06-25,20,Thursday,False,531,121,positive,0.16878116060228676,-0.15859056170255528,0.05480739250390135,0.15304381268595268,-0.008545623222908546,-0.06874142332987891,-0.06444821294523949,-0.1063843330170671,-0.03922679831047273,0.048891783756493654
NXnE5Zjw6N2zG,연서,3.5,2026-06-25 08:31:07+00:00,,4,0,False,울다가 옆을보니 같이본친구도 울고있어서 같이울면서눈마주침,울다가 옆을보니 같이본친구도 울고있어서 같이울면서눈마주침,2026-06,2026-06-25,17,Thursday,False,31,5,positive,0.004017667941492601,-0.004243948916496247,0.01315387913257364,-0.010190491856748092,0.007348755315239133,0.004845291211917391,0.00825904041651625,-0.0032706204166748553,0.005189160380633042,-0.0033132499055099052
nd3M3zjz3P2Ng,Ssssssssereeeerooooo,4.0,2026-06-24 14:19:45+00:00,,4,0,False,ㅠㅠㅠ 앙앙 울엇다,앙앙 울엇다,2026-06,2026-06-24,23,Wednesday,False,6,2,positive,0.0,0.0,0.0,0.0,0.0,0.0,0.0,0.0,0.0,0.0
nd3M3zjgO72Ng,문준모,4.5,2026-06-24 12:04:32+00:00,,4,2,False,"더 나올 게 없을 거 같은데 또 나오네. 근데 이게 또 볼만은 하다. . 4편 이후로 또 나오나 싶었는데 결국 또 나와버린 시리즈. 이번에는 전자기기의 등장으로 장난감이 위기에 빠져버리는 내용;; 아이들과 장난감 입장에서 위기를 줄 만한 상황과 보고나면 한번쯤 생각해볼만한 내용인듯 하다. 전체적으로 1, 2편의 오마주가 상당한듯.(특히 2편) 전편들을 재밌게 봤다면 여전히 재밌겠지만 아쉬운 점들도 있는데 역시나 다른 기존 장난감 캐릭터들은 이번에도 분량이 여전히 아쉽고(포테이토 헤드나 햄, 슬링키, 에이리언도 그렇고 특히 4편에 나온 캐릭터들 분량이...어?) 버즈 군단 이야기가 생각보다 따로 노는 느낌이 없지 않다.(그래도 보는 재미는 있다.) 무난한 선택을 한 느낌이지만, 그래도 여전히 재밌는 시리즈. 다음편 나오면 또 보러갈듯. +우디는 여전히 그대로. 근데 배가 나와버렸다;; +사실상 버즈가 분량이 은근 많은 느낌. 버즈군단도 그렇고 마지막 쿠키영상도 그렇고 작품 내 소소한 재미와 귀요미를 담당. +이번 편에서는 버즈와 더불어 제시가 분량이 젤 많은듯. 아마 버림받은 장난감이라는 주제와 더불어서 그런 것 같다. 2편의 오마주도 낭낭하고. 특히 에밀리가 살던 집이 나오는 것도 그렇고. +사실상 이번 편의 제일 큰 갈등요소인 릴리패드. 현대화에 맞춰 등장한 게 이녀석이라니. 장난감과 순전히 같은 목적을 가졌다는 것에서 머리를 탁 치고 가게 된달까. +포테이토 헤드, 슬링키, 햄, 보, 렉스 등 오랜만에 나와서 반갑긴 했지만 분량이 너무 없다. +4편에 나온 듀크 카붐이나 더키도 분량은 크게 없는 정도.",더 나올 게 없을 거 같은데 또 나오네. 근데 이게 또 볼만은 하다. . 4편 이후로 또 나오나 싶었는데 결국 또 나와버린 시리즈. 이번에는 전자기기의 등장으로 장난감이 위기에 빠져버리는 내용 아이들과 장난감 입장에서 위기를 줄 만한 상황과 보고나면 한번쯤 생각해볼만한 내용인듯 하다. 전체적으로 1 2편의 오마주가 상당한듯. 특히 2편 전편들을 재밌게 봤다면 여전히 재밌겠지만 아쉬운 점들도 있는데 역시나 다른 기존 장난감 캐릭터들은 이번에도 분량이 여전히 아쉽고 포테이토 헤드나 햄 슬링키 에이리언도 그렇고 특히 4편에 나온 캐릭터들 분량이...어? 버즈 군단 이야기가 생각보다 따로 노는 느낌이 없지 않다. 그래도 보는 재미는 있다. 무난한 선택을 한 느낌이지만 그래도 여전히 재밌는 시리즈. 다음편 나오면 또 보러갈듯. 우디는 여전히 그대로. 근데 배가 나와버렸다 사실상 버즈가 분량이 은근 많은 느낌. 버즈군단도 그렇고 마지막 쿠키영상도 그렇고 작품 내 소소한 재미와 귀요미를 담당. 이번 편에서는 버즈와 더불어 제시가 분량이 젤 많은듯. 아마 버림받은 장난감이라는 주제와 더불어서 그런 것 같다. 2편의 오마주도 낭낭하고. 특히 에밀리가 살던 집이 나오는 것도 그렇고. 사실상 이번 편의 제일 큰 갈등요소인 릴리패드. 현대화에 맞춰 등장한 게 이녀석이라니. 장난감과 순전히 같은 목적을 가졌다는 것에서 머리를 탁 치고 가게 된달까. 포테이토 헤드 슬링키 햄 보 렉스 등 오랜만에 나와서 반갑긴 했지만 분량이 너무 없다. 4편에 나온 듀크 카붐이나 더키도 분량은 크게 없는 정도.,2026-06,2026-06-24,21,Wednesday,False,777,197,positive,0.19825968878419947,-0.11466784147010357,-0.017035199933675603,-0.11043052042463808,0.1647921134028376,-0.03737998035772533,-0.06832087377090715,0.006374701645538227,-0.016963262593100603,0.017605921217560393
xkPEmer7vWEK3,최지민,4.0,2026-06-24 09:59:26+00:00,,4,0,False,31년간 5편 모두 재밌는 토이스토리 시리즈를 이기는 시리즈를 본 적이 없다. 여전히 좋았고 보고 싶을거고 또 기다릴거야.,31년간 5편 모두 재밌는 토이스토리 시리즈를 이기는 시리즈를 본 적이 없다. 여전히 좋았고 보고 싶을거고 또 기다릴거야.,2026-06,2026-06-24,18,Wednesday,False,68,17,positive,0.17003364851293348,-0.10549144577842733,0.010241178831840864,0.1379642195111225,0.14113549230378658,0.027906800296582917,-0.16118063546940406,0.02564246145018557,-0.12325310944680415,-0.04478788604795717
7JVEoXmrJe29y,정주리,4.0,2026-06-23 15:22:10+00:00,2026-06-22 15:00:00+00:00,4,0,False,인간들이 무심하게 스크린이나 맨날천날 보고있으니까 이렇게 재밌는 구경을 놓치고 회색 세상에서 상상력도 없이 사는거임. (라고 서마터폰으로 후기 남기는 어른이),인간들이 무심하게 스크린이나 맨날천날 보고있으니까 이렇게 재밌는 구경을 놓치고 회색 세상에서 상상력도 없이 사는거임. 라고 서마터폰으로 후기 남기는 어른이,2026-06,2026-06-24,0,Wednesday,False,86,19,positive,0.06381318425361135,-0.08923353128774128,-0.05658182710127679,-0.015751360449365738,-0.087257024826052,0.15853931904732732,-0.05289192626614152,-0.008902385731636412,-0.011877933764222023,-0.0005720436337008643
BVoM9q4nrVMP0,Dongjin Kim,4.0,2026-06-23 14:15:24+00:00,,4,0,False,"""언제 어떻게 어른이 될지는 우리가 결정할 게 아냐. 여정에 도움이 됐다면 우린 할 일을 한 거야.""  장난감도, 전자기기도, 그리고 살았던 집과 거닐었던 들판도 언젠가는 떠나가거나 지나와야 한다. 장난감에 생명을 불어넣으며 시작한 이야기는 3편에서 '시간'으로, 4편에서 '이야기'로, 그리고 5편에 이르러 '친구'로 범주를 확장한다. 시리즈 전체의 정체성이라 할 수 있는 어드벤처로서의 기본을 잃지 않으면서 그 어느 때보다 크고 넓은 방향으로 나아간다. 어쩐지 이야기를 하기 위해 각본이 만들어졌다기보다 설정에 이야기를 덧댄 인상이 강하지만, 그래서 스케일을 지나치게 크고 산만하게 잡았다는 인상도 주지만, 오직 31년이라는 시간이 이 5편마저도 말해질 가치 있는 스토리텔링으로 만든다. 미지의 누군가와 친구가 될 수 있을지 만나보기 전엔 알 수 없지만 결국 그 여정 자체만으로 의미 있을 것이라며 장난감들이 끝내 전자기기의 마음까지도 보듬는다. 곁을 지켜준 모든 사랑들에 바치는 헌사 같은 영화. 세상 모든 보니와 블레이즈가 자신을 꼭 닮은 친구를 만나길. 그리고 ""I knew it, I knew you""라고 서로에게 말해주길. 언젠가 헤어지더라도 그 이름을 기억하며 다시 일어나 나아가길.",언제 어떻게 어른이 될지는 우리가 결정할 게 아냐. 여정에 도움이 됐다면 우린 할 일을 한 거야. 장난감도 전자기기도 그리고 살았던 집과 거닐었던 들판도 언젠가는 떠나가거나 지나와야 한다. 장난감에 생명을 불어넣으며 시작한 이야기는 3편에서 시간 으로 4편에서 이야기 로 그리고 5편에 이르러 친구 로 범주를 확장한다. 시리즈 전체의 정체성이라 할 수 있는 어드벤처로서의 기본을 잃지 않으면서 그 어느 때보다 크고 넓은 방향으로 나아간다. 어쩐지 이야기를 하기 위해 각본이 만들어졌다기보다 설정에 이야기를 덧댄 인상이 강하지만 그래서 스케일을 지나치게 크고 산만하게 잡았다는 인상도 주지만 오직 31년이라는 시간이 이 5편마저도 말해질 가치 있는 스토리텔링으로 만든다. 미지의 누군가와 친구가 될 수 있을지 만나보기 전엔 알 수 없지만 결국 그 여정 자체만으로 의미 있을 것이라며 장난감들이 끝내 전자기기의 마음까지도 보듬는다. 곁을 지켜준 모든 사랑들에 바치는 헌사 같은 영화. 세상 모든 보니와 블레이즈가 자신을 꼭 닮은 친구를 만나길. 그리고 I knew it I knew you 라고 서로에게 말해주길. 언젠가 헤어지더라도 그 이름을 기억하며 다시 일어나 나아가길.,2026-06,2026-06-23,23,Tuesday,False,600,149,positive,0.19094171425113338,-0.2084122541247547,-0.10723190195593257,-0.042876112502009484,-0.12306618849433741,0.20131102317602975,-0.04853209906876115,-0.04692658690312847,-0.004766054404053805,0.0741141777355067
nd3M3z9nr82Ng,고정규,3.5,2026-06-23 11:06:35+00:00,2026-06-22 15:00:00+00:00,4,0,False,토이스토리의 다섯 번째 손가락. (애니매이션에서 다섯 번째 손가락은 종종 생략되도 모른다던데... 크흠),토이스토리의 다섯 번째 손가락. 애니매이션에서 다섯 번째 손가락은 종종 생략되도 모른다던데... 크흠,2026-06,2026-06-23,20,Tuesday,False,56,12,positive,0.01421798393242218,-0.01426358464152712,-0.003406154918417572,-0.0029640900529508962,-0.004036339546543769,-0.00605462419890608,-0.0012410570631771918,-0.008743975361743442,-0.016183043010124912,-0.005537236998655314
8kXQebDpvPEP6,하마,4.0,2026-06-23 06:50:03+00:00,,4,2,False,오늘 꼭 내 인형들한테 뽀뽀해줘야지 ㅜㅜ,오늘 꼭 내 인형들한테 뽀뽀해줘야지,2026-06,2026-06-23,15,Tuesday,False,19,5,positive,0.008903390441064129,-0.0049256684430090784,0.010840391324034117,-0.0008222997023991544,-0.0056500638562181635,-0.0011479836717839243,-0.0028021482155519872,-0.0113658412932697,-0.004567321155951454,-0.00337754996973996
0ezQye85p9Qpq,임개죽,3.5,2026-06-23 05:36:34+00:00,,4,0,False,나의 숱한 시절은 너와의 찬란함으로 항상 빛나,나의 숱한 시절은 너와의 찬란함으로 항상 빛나,2026-06,2026-06-23,14,Tuesday,False,25,7,positive,0.07122070448065883,-0.1345782522122075,-0.005564961836693417,0.019132189642342614,-0.004799046126996994,-0.07393833710357253,0.4373930726986342,0.08610344863602648,-0.27037063714094206,-0.0016017548757518152
P7kEWp9Ywq2J9,대구부산,4.0,2026-06-22 14:20:07+00:00,,4,0,False,기대하지 마라. 너의 곁에 영원히 있지 않을 것이다. 걱정하지 마라. 그리 쉽게 잊지 않을 것이다.,기대하지 마라. 너의 곁에 영원히 있지 않을 것이다. 걱정하지 마라. 그리 쉽게 잊지 않을 것이다.,2026-06,2026-06-22,23,Monday,False,55,15,positive,0.09223890440482013,-0.027478572178589827,-0.03713751889520454,0.026674497575140885,-0.0681010616893563,-0.027757252791750727,0.05515145736600821,0.15383823175715683,0.13924981707362705,-0.04981178360027432
j7kQzkz1Z4El4,따나이,4.0,2026-06-22 09:43:43+00:00,,4,0,False,멋진 말들 대거 출현 ㄱㅅ합니다 🐎,멋진 말들 대거 출현 합니다,2026-06,2026-06-22,18,Monday,False,15,5,positive,0.025138938239114717,-0.03156539029908665,-0.02518569649749035,-0.011841657802831166,-0.0481889623791901,0.002119178688508054,-0.001034753428240195,-0.02851032399734908,0.005219052573693418,0.03449276261706012
P7kEWp9dlk2J9,YH,4.0,2026-06-21 14:34:37+00:00,,4,0,False,영화가 실제로 짧긴 한데 더 짧게 느껴짐,영화가 실제로 짧긴 한데 더 짧게 느껴짐,2026-06,2026-06-21,23,Sunday,True,22,7,positive,0.02233040505404784,-0.024331590226431464,-0.0013801235069009047,-0.007419202624101279,-0.023731487087441362,-0.042292997472478194,0.002953763085372873,-0.014162657773622342,0.010905002125345347,0.03697163755405837
POkEwe6d8qMql,Yeahnn,3.5,2026-06-21 10:26:08+00:00,2026-06-20 15:00:00+00:00,4,0,False,그래 아직 나 거기에 있어 기억하고 있어,그래 아직 나 거기에 있어 기억하고 있어,2026-06,2026-06-21,19,Sunday,True,22,7,positive,0.022996691178644946,-0.031920048523493866,-0.029825815227314607,-0.00693845618027466,0.004650780638636941,-0.042267288267255294,0.012781761658771823,0.0418340419664376,-0.007041362892062285,-0.041326508918400624
xplMdbZaR4E4o,Conor O'Malley,3.5,2026-06-21 10:24:09+00:00,,4,0,False,다음편은 나의 꼬마와 함께 보러 갈게. 나의친구 우디야,다음편은 나의 꼬마와 함께 보러 갈게. 나의친구 우디야,2026-06,2026-06-21,19,Sunday,True,30,8,positive,0.07305122227953974,-0.12862539318601435,-0.031130712212405372,-0.001437432072520581,-0.030920394889897194,-0.039398430006827634,0.3339127719738057,0.08615341452593456,-0.2207260550809444,-0.021816988595829444
GO6MZ4dNmOENx,물먹는 하마,4.0,2026-06-21 09:03:17+00:00,2026-06-20 15:00:00+00:00,4,0,False,"인간의 관계는 텍스트와 디지털 음성이 아닌 마주침으로 인스턴트 관계가 아닌 현실적인 관계가 만들어진다. 요즘 보면 키캡이나 키링 같은거를 여전히 성인이 되어서도 가지고 다닌다. 스마트폰 시대인데도 말이다. 우리는 혹시 남들의 시선 때문에 아직 남아있는 동심을 숨기고 있는건 아닐까? 장점만 있는 완벽은 없는거 같다. 인간, 기계, 물건들 이 세상 모든 것들 다 완벽하지 않다. 잘 만든 PC 영화",인간의 관계는 텍스트와 디지털 음성이 아닌 마주침으로 인스턴트 관계가 아닌 현실적인 관계가 만들어진다. 요즘 보면 키캡이나 키링 같은거를 여전히 성인이 되어서도 가지고 다닌다. 스마트폰 시대인데도 말이다. 우리는 혹시 남들의 시선 때문에 아직 남아있는 동심을 숨기고 있는건 아닐까? 장점만 있는 완벽은 없는거 같다. 인간 기계 물건들 이 세상 모든 것들 다 완벽하지 않다. 잘 만든 PC 영화,2026-06,2026-06-21,18,Sunday,True,219,56,positive,0.1688492597050973,-0.07394166371798933,-0.07877657579977629,-0.054590154793107366,0.0610553271524985,-0.039524117004232265,-0.11348934057784656,0.017627713557732124,-0.0710725035895032,0.07184722406336014
3kNEpeJVp12Og,미평,2.5,2026-06-21 08:59:34+00:00,,4,0,False,"공포의 묘지도 아니고 인사이드 아웃, 주토피아, 토이스토리까지 다음은 무슨 작품이 돌아올지 두렵다",공포의 묘지도 아니고 인사이드 아웃 주토피아 토이스토리까지 다음은 무슨 작품이 돌아올지 두렵다,2026-06,2026-06-21,17,Sunday,True,52,12,negative,0.01871298829162015,0.009914351514543063,-0.002554710854467249,-0.002506048530281169,-0.0007598486718495548,0.0025367428725263613,-0.0031256279941264922,-0.00828306174919432,-0.0052456526175686975,-0.007234040952727417
6PzQ44YpAzQqV,Ha ribo,3.5,2026-06-20 16:53:18+00:00,,4,0,False,제시가 주인공이 된 서사는 좋았지만 그로 인해 엑스트라 역할로 비춰진 우디의 모습은 이 시리즈가 안타까울 정도다.,제시가 주인공이 된 서사는 좋았지만 그로 인해 엑스트라 역할로 비춰진 우디의 모습은 이 시리즈가 안타까울 정도다.,2026-06,2026-06-21,1,Sunday,True,63,16,positive,0.06187276274323265,-0.04937169855079858,-0.02948495822260757,0.0013261665294159587,-0.02400680273903953,-0.06428324027085994,-0.01860073749164222,-0.13094009973876541,0.10917328504491351,0.03302545940164403
8n92Vp9AlXQAJ,sonatine,4.0,2026-06-20 12:55:24+00:00,,4,0,False,서로 다른 우리를 연결시켜 주는 것은 오직 즐거움뿐!,서로 다른 우리를 연결시켜 주는 것은 오직 즐거움뿐!,2026-06,2026-06-20,21,Saturday,True,29,8,positive,0.07566579179716665,-0.0922579159342689,-0.008468917232663858,-0.032046186383825025,-0.05364241078774497,-0.060374384570944545,-0.04855148284078086,0.016938970280127495,0.017588824689571868,-0.10238449822481774
3WB2qoZR7pQpj,pizzalikesme,3.5,2026-06-20 11:54:19+00:00,,4,0,False,사랑을 받는 것보다 사랑을 주는 것에 더 익숙한 제시가 느꼈을 상실감이 어떤지 알 거 같아서 슬펐고 그럼에도 괜찮다고 말하는 제시가 너무 멋져서,사랑을 받는 것보다 사랑을 주는 것에 더 익숙한 제시가 느꼈을 상실감이 어떤지 알 거 같아서 슬펐고 그럼에도 괜찮다고 말하는 제시가 너무 멋져서,2026-06,2026-06-20,20,Saturday,True,80,22,positive,0.06383965270603562,-0.05457192819019257,-0.02277155080677589,-0.007571303121763277,-0.03953969754003599,-0.07211269346007712,-0.043836530394501076,-0.023943922224450753,-0.014577397921135592,-0.053540012999265946
j7kQzkzGy4El4,시저그,3.5,2026-06-20 11:18:05+00:00,,4,0,False,"탈사물화와 탈신체화 시대에 맞서 픽사가 포착한 놀이(play, 극)의 빛들.",탈사물화와 탈신체화 시대에 맞서 픽사가 포착한 놀이 play 극 의 빛들.,2026-06,2026-06-20,20,Saturday,True,41,11,positive,0.035664836191270574,-0.010557518133593943,-0.010526853547030549,-0.0028367800599129554,-0.009005261667477851,-0.0005776920302112958,-0.05138546242834786,-0.022713457723009367,-0.056393766234446904,-0.020253094807000348
GO6MZ4dZm6ENx,TW Ko,3.0,2026-06-20 08:37:21+00:00,,4,0,False,"세상에 나쁜 장난감은 없다는 것. 그 언제까지라도, 그 어떤 형태이더라도.",세상에 나쁜 장난감은 없다는 것. 그 언제까지라도 그 어떤 형태이더라도.,2026-06,2026-06-20,17,Saturday,True,40,10,neutral,0.04152625820992019,-0.044437259769529676,-0.016979230016820564,0.003856231677711501,-0.03439515009065585,-0.0008369028761361498,0.022686817712845555,-0.039326343173930335,-0.0447739134247113,-0.06712215923453375
W4zQrODBgdEw1,예은,3.5,2026-06-20 06:40:50+00:00,2026-06-19 15:00:00+00:00,4,0,False,제 장난감 이름은 콩나물이었는데요.....,제 장난감 이름은 콩나물이었는데요.....,2026-06,2026-06-20,15,Saturday,True,23,4,positive,0.09979844190796817,-0.09229212954068863,-0.13727346361245676,-0.08947041368011033,0.3846028268180305,0.16714717293524373,0.2899532162618059,-0.21399845513715882,0.21122092317735855,-0.16411892977840192
xplMdbZB6JE4o,최지웅,4.5,2026-06-20 06:32:47+00:00,,4,0,False,네 가치는 쓸모로 결정되지 않아.,네 가치는 쓸모로 결정되지 않아.,2026-06,2026-06-20,15,Saturday,True,18,5,positive,0.024441916060930328,-0.032791263949332,-0.02684204121641449,-0.00508811388223032,0.07046379000088504,-0.0305987901127199,0.09918144023656077,0.005142591507387906,-0.026522149318911715,-0.12182913763569571
POkEwe6ryKMql,지구별여행가,3.5,2026-06-20 03:06:50+00:00,2026-06-19 15:00:00+00:00,4,0,False,"스크린에 시선을 빼앗긴 시대, 아날로그와 디지털이 손을 맞잡는 완벽한 조화의 마법",스크린에 시선을 빼앗긴 시대 아날로그와 디지털이 손을 맞잡는 완벽한 조화의 마법,2026-06,2026-06-20,12,Saturday,True,44,11,positive,0.041284377617896585,-0.025993576690199423,-0.012294358111220951,-0.022209837316877333,0.01754204214964821,-0.018067051676616305,-0.0503790571246423,-0.000796580649217532,-0.013731332319082162,-0.028349179478665096
6GWQ1BWa6LEJ5,조슈아,4.0,2026-06-20 02:36:05+00:00,,4,0,False,"스마트 전자기기에 밀려난 장난감이지만, 쓸모가 없어진 것은 아니라고 말한다.  M3GAN 같은 거 데려올 거 아니면 더 이상의 속편은 그만..",스마트 전자기기에 밀려난 장난감이지만 쓸모가 없어진 것은 아니라고 말한다. M3GAN 같은 거 데려올 거 아니면 더 이상의 속편은 그만..,2026-06,2026-06-20,11,Saturday,True,77,19,positive,0.05561431546255057,-0.0403008002522545,-0.009939374066383583,0.0072514449774782885,-0.02087631978865781,-0.03478428602507934,-0.02748841649194219,0.005361888927237941,0.00979017263475143,-0.0699336698146968
0ezQye8AK1Qpq,다스베이더,1.5,2026-06-19 14:35:26+00:00,,4,0,False,20년전이었으면 비디오테이프용 영화로 출시됐을 스토리..,20년전이었으면 비디오테이프용 영화로 출시됐을 스토리..,2026-06,2026-06-19,23,Friday,False,31,5,negative,0.2777002224016503,0.3185174532623968,0.05268531370225307,0.12049799615429169,0.0054396371513784035,0.03679573852301098,0.050034525831313396,0.011114171104865001,-0.0332530913846742,0.01777235257763254
0ezQye83Z1Qpq,박기현,4.0,2026-06-18 23:18:32+00:00,,4,0,False,이제는 이 시리즈 자체가 나에겐 오래된 장난감 친구처럼 느껴진다.,이제는 이 시리즈 자체가 나에겐 오래된 장난감 친구처럼 느껴진다.,2026-06,2026-06-19,8,Friday,False,36,9,positive,0.12970421711139093,-0.06659480939888701,-0.07589781437377431,-0.04871374507058685,0.19688256423226563,0.006770892792772625,0.07739269881512463,-0.2310849678129079,0.1429748109673936,-0.10089571785962644
xkPEmezae7EK3,구디,3.0,2026-06-18 20:11:28+00:00,2026-06-17 15:00:00+00:00,4,0,False,릴리패드가 자동으로 각본 써준 듯,릴리패드가 자동으로 각본 써준 듯,2026-06,2026-06-19,5,Friday,False,18,5,neutral,0.007600210766291905,-0.007035648899502421,0.00469188657733765,-0.002749673425716918,-0.009783142299545146,0.0007466407878784585,-0.007484943808719703,-0.0024074690859371153,-0.006569898240546971,0.0051879279062831095
kpeQKvNoKbMYN,황성민,4.0,2026-06-18 09:24:25+00:00,,4,1,False,"어린시절이 생긴 이후의 토이스토리는 마이스토리다.  나는 월-E를 보며 처음으로 사랑을 배웠다. 그 이후로 다양한 영화들을 접하며 마음과 마음은 등식이라고 믿고 살아왔다. 하지만, 커가며 마음과 마음이 등식만은 아니라는 걸 배웠다. 누군가는 시들어가고 누군가는 시들어가는 꽃에 물을 준다. 영화속 장난감들도 그렇다. 장난감들을 물을 주는 쪽을 택한다. 나 또한 이 아이들에게 사랑을 배웠 듯, 항상 물을 주는 사람이었다. 이제는 커버려 지쳐버린 나에게 이 아이들은 또 다시 또 다시 속삭인다. ""그래도 괜찮다."" 어린시절에 놓고 온 것들이 너무나 많은 것 같았는데, 실은 놓고온 것이 아니라 내가 커버려 느끼지 못했던 것이다.  이제 나는 어느덧 보니 보다는 앤디가 되었다. 아빠가 집에서 토이스토리를 처음 보여줬던 순간부터 앤디가 되어버린 나까지 우리는 영원한 친구이다. 진짜 좋은 디즈니 영화는 관객을 어릴 적 그 순간으로 데려다준다. 그리고, 나는 법이 아니라 폼나게 떨어지는 법을 가르쳐준다. You got a friend with me",어린시절이 생긴 이후의 토이스토리는 마이스토리다. 나는 월 E를 보며 처음으로 사랑을 배웠다. 그 이후로 다양한 영화들을 접하며 마음과 마음은 등식이라고 믿고 살아왔다. 하지만 커가며 마음과 마음이 등식만은 아니라는 걸 배웠다. 누군가는 시들어가고 누군가는 시들어가는 꽃에 물을 준다. 영화속 장난감들도 그렇다. 장난감들을 물을 주는 쪽을 택한다. 나 또한 이 아이들에게 사랑을 배웠 듯 항상 물을 주는 사람이었다. 이제는 커버려 지쳐버린 나에게 이 아이들은 또 다시 또 다시 속삭인다. 그래도 괜찮다. 어린시절에 놓고 온 것들이 너무나 많은 것 같았는데 실은 놓고온 것이 아니라 내가 커버려 느끼지 못했던 것이다. 이제 나는 어느덧 보니 보다는 앤디가 되었다. 아빠가 집에서 토이스토리를 처음 보여줬던 순간부터 앤디가 되어버린 나까지 우리는 영원한 친구이다. 진짜 좋은 디즈니 영화는 관객을 어릴 적 그 순간으로 데려다준다. 그리고 나는 법이 아니라 폼나게 떨어지는 법을 가르쳐준다. You got a friend with me,2026-06,2026-06-18,18,Thursday,False,520,129,positive,0.16852299725502104,-0.16027235836133022,-0.05783305111565847,-0.006038249994998207,-0.09529130413049626,-0.13506608035418324,-0.006643509851847383,0.0018003470530036803,0.05968453970336181,-0.008902430131914104
wlL2Dom6mkEyZ,이승원,4.0,2026-06-18 07:59:16+00:00,,4,0,False,26.06.18 . 빠르게 변하는 시대를 어떻게 받아들일까 하는 질문에 내놓은 픽사의 대답 . 행복해라 버즈... . 전작들을 떠올리게 하는 반가운 대사들,26.06.18 . 빠르게 변하는 시대를 어떻게 받아들일까 하는 질문에 내놓은 픽사의 대답 . 행복해라 버즈... . 전작들을 떠올리게 하는 반가운 대사들,2026-06,2026-06-18,16,Thursday,False,86,21,positive,0.0980412056007362,-0.07932087703588508,0.1814022664096297,-0.12802192902847057,-0.019206822718491074,0.0007112377789955395,-0.06578629318555312,0.03825224425466204,-0.041337680715898724,-0.012936406545195483
0ezQye88zyQpq,이팔청춘,3.5,2026-06-18 04:13:25+00:00,2026-06-17 15:00:00+00:00,4,0,False,아이들을 위한 이야기가 아닌 아이였던 이들을 위한 이야기. 어렸을때 심어준 꿈과 희망을 몇번이나 우려먹을건지… 3회차 할부인줄 알았는데 5회차 할부였네. [20260618 SCREENX 쿠폰],아이들을 위한 이야기가 아닌 아이였던 이들을 위한 이야기. 어렸을때 심어준 꿈과 희망을 몇번이나 우려먹을건지 3회차 할부인줄 알았는데 5회차 할부였네. 20260618 SCREENX 쿠폰,2026-06,2026-06-18,13,Thursday,False,104,22,positive,0.09030129869080487,-0.02189440561501181,0.019363033608827268,-0.05084902791120574,-0.03744765880495333,-0.04891730107238138,-0.0993215014234191,-0.03032014242043522,-0.062428149516705354,0.04743247327224608
NXnE5ZYznP2zG,차원,3.5,2026-06-17 15:16:08+00:00,,4,0,False,"마음을 울리는 한 방은 없지만, 여전히 귀엽고 사랑스럽다!",마음을 울리는 한 방은 없지만 여전히 귀엽고 사랑스럽다!,2026-06,2026-06-18,0,Thursday,False,31,8,positive,0.08196801941086225,-0.05213535518618156,-0.09713307660791232,-0.07021328416840444,0.21694284585515555,0.02659075968368666,-0.10351614857694945,0.0765609480233385,-0.0035254327527726396,0.13506862990415736
W9bEBer9WqQpZ,고양이,4.5,2026-06-17 14:24:06+00:00,,4,0,False,토이스토리1 을 극장에서 본 아이들이 이제 결혼할 나이가 되었을 것 같다.  그때 손잡고 극장에 아이를 데려온 부모님들은 이제 결혼하는 자식들을 떠나보내게 되겠지...  토이스토리는 세대의 명작이다🥲,토이스토리1 을 극장에서 본 아이들이 이제 결혼할 나이가 되었을 것 같다. 그때 손잡고 극장에 아이를 데려온 부모님들은 이제 결혼하는 자식들을 떠나보내게 되겠지... 토이스토리는 세대의 명작이다,2026-06,2026-06-17,23,Wednesday,False,108,25,positive,0.08602097193530084,-0.07709178395726338,-0.04193119350251318,-0.029084759108197234,0.034250601736541236,-0.09668801109792662,-0.033186608208575656,0.013422032490472097,-0.0698071173712918,-0.021771303880615794
8n92Vp9XNdQAJ,김무비,5.0,2026-06-17 13:49:44+00:00,,4,2,False,내 아이디가 전부 우디인 이유  이제 누군가의 아이디는 제시가 되겠구나,내 아이디가 전부 우디인 이유 이제 누군가의 아이디는 제시가 되겠구나,2026-06,2026-06-17,22,Wednesday,False,38,10,positive,0.06677109864342878,-0.05320178604989928,-0.04034219343766836,-0.02369700867236696,0.016176700055268722,-0.06054406412807129,-0.0520305227415188,0.004310643526174903,-0.002792429286964215,-0.03416824385561584
6GWQ1BW9mLEJ5,최선,3.5,2026-06-17 13:36:20+00:00,,4,0,True,에밀리 딸 이름이 제시인 건 너무 반칙이잖아 🥺,에밀리 딸 이름이 제시인 건 너무 반칙이잖아,2026-06,2026-06-17,22,Wednesday,False,24,7,positive,0.003153314576938817,-0.0048920711430268295,-0.001867522187415065,-0.0008203654656129521,-0.00500179607432855,0.0015655652721051248,-0.007009215806341595,0.006423401124704063,-0.0019918016832693023,-0.005497068187340091
boPQjo6pO9EKL,알파카 발바닥,3.0,2026-06-17 13:18:12+00:00,,4,0,False,"우디에서 제시로, 버즈에서 릴리패드로 바뀐 동어반복임에도 매력적이지 않은 캐릭터들로 인해 진부함만 느껴진다.",우디에서 제시로 버즈에서 릴리패드로 바뀐 동어반복임에도 매력적이지 않은 캐릭터들로 인해 진부함만 느껴진다.,2026-06,2026-06-17,22,Wednesday,False,59,12,neutral,0.03380761403002286,-0.017013762682403306,-0.004996235056714074,0.006390977241102623,0.030077343351225548,-0.011618351825836624,-0.03054939324507822,-0.08267661619403306,0.055020891902473265,-0.02323070201827508
gwVQxnGYq52B0,지짱이,2.5,2026-06-17 12:05:49+00:00,,4,0,False,마지막에 테일러스위프트 노래가 제일 좋음,마지막에 테일러스위프트 노래가 제일 좋음,2026-06,2026-06-17,21,Wednesday,False,22,5,negative,0.03572861767341626,6.143857092001832e-05,0.00936564892526815,0.012895738725001007,-0.0023579784070222633,-0.038426926420901286,0.011416315266294063,0.010680483108480984,-0.026509412049483563,0.004593071953359351
WzO2g450N0MXZ,사회부적응자,5.0,2026-06-17 10:07:42+00:00,,4,0,False,"남들의 반응 보기에 급급했고, 항상 감정을 숨기려 노력했던 내 초등학교시절을 보는 것 같아 마음이 아팠다. 어릴때 늘 내 곁을 지켜줬던 레고, 퍼즐, 소설에게 감사함을 느낀다.",남들의 반응 보기에 급급했고 항상 감정을 숨기려 노력했던 내 초등학교시절을 보는 것 같아 마음이 아팠다. 어릴때 늘 내 곁을 지켜줬던 레고 퍼즐 소설에게 감사함을 느낀다.,2026-06,2026-06-17,19,Wednesday,False,95,25,positive,0.030310794335106264,-0.037492884780397515,-0.008719636391249851,0.005132186208737804,-0.01880658385368705,-0.023551215370436446,0.028488989789502744,0.010831941359148467,-0.04258659668901579,-0.00744979160681827
BglQaabL0gQX0,김시후,4.0,2026-06-17 09:59:20+00:00,,4,0,False,신상버즈들 삐리릭! 거릴때마다 군체생각남 ㅋㅋㅋㅋ,신상버즈들 삐리릭! 거릴때마다 군체생각남,2026-06,2026-06-17,18,Wednesday,False,22,4,positive,0.0,0.0,0.0,0.0,0.0,0.0,0.0,0.0,0.0,0.0
xplMdbZL1NE4o,필름그린,4.0,2026-06-17 09:33:07+00:00,,4,0,False,박수 칠 때 떠나지 않은 이유를 증명한 픽사,박수 칠 때 떠나지 않은 이유를 증명한 픽사,2026-06,2026-06-17,18,Wednesday,False,24,8,positive,0.03309496551534945,-0.0035126222970085206,0.00014340559332171043,-0.011120895925558184,-0.001852088971069549,-0.006957007638376185,-0.019456796305702212,-0.02355965057295099,0.01104827382058475,-0.006772420588089781
GO6MZ4d3xKENx,blueprint63,4.0,2026-06-17 09:20:47+00:00,,4,0,False,시간이 흐르고 시대가 바뀌어도 아날로그에서만 찾을 수 있는 추억과 쌓인 시간의 흔적만이 주는 감동이 있다,시간이 흐르고 시대가 바뀌어도 아날로그에서만 찾을 수 있는 추억과 쌓인 시간의 흔적만이 주는 감동이 있다,2026-06,2026-06-17,18,Wednesday,False,58,15,positive,0.10841264529774912,-0.10865889050950524,-0.06268817377967709,-0.003348539003190428,-0.09673925979787923,-0.032708713512252796,-0.06258831387088272,0.04420244271144396,0.01001702810544859,-0.11822176924901102
mkPMneADxK2wq,루시01,3.5,2026-06-17 09:11:30+00:00,,4,0,False,코스 아는 곳을 달리기하다 느끼는 지루함  시대를 반영하는 건 이해하지만 안이한 연출로 설명받는 것 같았음. 그러다보니 아이들의 개성이 사라지고 배경이 됨.  설정에 크랙이 가는 부분도 생기는데 장난감들이 너무 활보를 하다보니 아슬아슬한 느낌보디는 눈치 못 채는 사람들이 이상할 정도... 이전에는 긴장감을 느꼈는데 이번엔 전혀 안 느껴짐. 고속도로씬은 룰이 깨지는 느낌을 받음.  팬심으로는 아쉽지만 이 시대에 꼭 아이들이 봤으면 하는 애니메이션 이긴 함.,코스 아는 곳을 달리기하다 느끼는 지루함 시대를 반영하는 건 이해하지만 안이한 연출로 설명받는 것 같았음. 그러다보니 아이들의 개성이 사라지고 배경이 됨. 설정에 크랙이 가는 부분도 생기는데 장난감들이 너무 활보를 하다보니 아슬아슬한 느낌보디는 눈치 못 채는 사람들이 이상할 정도... 이전에는 긴장감을 느꼈는데 이번엔 전혀 안 느껴짐. 고속도로씬은 룰이 깨지는 느낌을 받음. 팬심으로는 아쉽지만 이 시대에 꼭 아이들이 봤으면 하는 애니메이션 이긴 함.,2026-06,2026-06-17,18,Wednesday,False,253,61,positive,0.06797827263052182,-0.04407353406539315,-0.0022192497716853454,-0.018529617943439228,-0.038528287415410936,-0.03097270373259838,-0.059547422632063876,-0.04402950965567175,-0.03701992974045504,-0.036718128023520445
lP0E85yva92bx,유태,3.5,2026-06-17 08:18:22+00:00,2026-06-16 15:00:00+00:00,4,0,False,쿠키 꼭 보세요:),쿠키 꼭 보세요,2026-06,2026-06-17,17,Wednesday,False,8,3,positive,0.0026069378463021396,-0.003466095799514272,-0.0006577787323414941,-0.001621226711997971,-0.006843754259417821,0.005088587579195261,-0.002581436492949925,-0.004633475923833531,-0.0032912068748115484,-0.0071704798731092555
6PzQ44Yvk7QqV,디논,4.0,2026-06-17 07:50:25+00:00,,4,0,False,용산아이파크몰 4DX 프라임석 / F8 ULTRA 4DX 별점 : ★★★★ 4.0  주요 효과 별점 모션 효과 최대 강도 : ★★★★☆ 4.5 ▲ 모션 효과 평균 강도 : ★★★☆ 3.5 모션 효과 비중 : ★★★★ 4.0 환경 효과 비중 : ★★★★ 4.0  윈드 : ★★★★☆ 4.5 레인워터 : ★★★★ 4.0 레그티클러 : ★★★ 3.0 백티클러 : ★★★ 3.0 향기 : ★★★ 3.0 포그 : ★★★ 3.0  하이라이트 효과 별점 : ★★ 2.0  4DX 감상포인트 말 질주 장난감 추격전,용산아이파크몰 4DX 프라임석 F8 ULTRA 4DX 별점 4.0 주요 효과 별점 모션 효과 최대 강도 4.5 모션 효과 평균 강도 3.5 모션 효과 비중 4.0 환경 효과 비중 4.0 윈드 4.5 레인워터 4.0 레그티클러 3.0 백티클러 3.0 향기 3.0 포그 3.0 하이라이트 효과 별점 2.0 4DX 감상포인트 말 질주 장난감 추격전,2026-06,2026-06-17,16,Wednesday,False,191,51,positive,0.034370818603883815,-0.023031436241137418,-0.04415070006647707,-0.025751029129952526,0.12152268675031133,0.03843452231687658,0.06911536511713036,-0.04907078340275987,0.0642578564602229,-0.07527109357769624
wlL2Domp3OEyZ,정헌영,4.5,2026-06-17 07:25:48+00:00,2026-06-16 15:00:00+00:00,4,0,False,"스티브 잡스의 유산들이 한 자리에 모이면서 비로소 빛을 발하는 그의 마음, ""기술은 아무것도 아닙니다. 중요한 것은 사람들에 대한 믿음, 즉 사람들이 기본적으로 선하고 똑똑하며, 그들에게 도구를 주면 그 도구로 놀라운 일들을 해낼 것이라는 믿음을 갖는 것입니다."" -1994, 스티브 잡스.",스티브 잡스의 유산들이 한 자리에 모이면서 비로소 빛을 발하는 그의 마음 기술은 아무것도 아닙니다. 중요한 것은 사람들에 대한 믿음 즉 사람들이 기본적으로 선하고 똑똑하며 그들에게 도구를 주면 그 도구로 놀라운 일들을 해낼 것이라는 믿음을 갖는 것입니다. 1994 스티브 잡스.,2026-06,2026-06-17,16,Wednesday,False,155,39,positive,0.06808156802321405,-0.05614036723424511,-0.018625997274382022,-0.034921312742867076,-0.03207642145887647,-0.009393167037361492,-0.026861609861658666,0.03402256824003412,-0.007490904831525304,-0.0230632665701778
droQ0YndDzEyN,세영,5.0,2026-06-17 07:19:49+00:00,,4,0,False,Jessie was Here.  제시가 최애인 사람으로써 20년의 한이 풀린 기분...눈물버튼인 타이어 나무 보자마자 흘린 슬픔의 눈물이 이후 기쁨의 눈물로 변했을 때 너무 행복했다....,Jessie was Here. 제시가 최애인 사람으로써 20년의 한이 풀린 기분...눈물버튼인 타이어 나무 보자마자 흘린 슬픔의 눈물이 이후 기쁨의 눈물로 변했을 때 너무 행복했다....,2026-06,2026-06-17,16,Wednesday,False,104,23,positive,0.04396237517928431,-0.027907848901375994,0.01449293347352292,-0.009286677041567165,-0.016180800099240927,-0.039712242748317014,-0.023819626575237302,-0.07197892425887091,0.004193457522219786,-0.045896195261811865
BglQaabLrgQX0,lnonvne,4.0,2026-06-17 06:43:11+00:00,,4,0,False,편안하고 착한 컨텐츠 사랑해용,편안하고 착한 컨텐츠 사랑해용,2026-06,2026-06-17,15,Wednesday,False,16,4,positive,0.0,0.0,0.0,0.0,0.0,0.0,0.0,0.0,0.0,0.0
5yz2YVd900MWj,먼겅,4.0,2026-06-17 02:46:05+00:00,,4,0,False,씨간장을 아무리 우려도 명가는 명가다,씨간장을 아무리 우려도 명가는 명가다,2026-06,2026-06-17,11,Wednesday,False,20,5,positive,0.024983474567813354,-0.03131123621219004,0.051548675892779366,-0.052963473325566314,-0.0043307817782244455,-0.01916890659109184,-0.03593288540118042,0.04794174451806689,-0.008551967381996305,-0.010044467280590334
jxZQRxx4L32bq,leigh,5.0,2026-02-22 04:57:45+00:00,,4,0,False,미치겠다 이제는 예고편만 봐도 눈물이 난다,미치겠다 이제는 예고편만 봐도 눈물이 난다,2026-02,2026-02-22,13,Sunday,True,23,6,positive,0.057696753944481136,-0.032662034530864095,0.024717950805332185,-0.01601487690499854,-0.0020656871468156843,-0.055352683051313877,-0.036048675142213674,-0.16099020537773884,0.08143281127116675,-0.029716423463104484
ZGYMGGdea0Mr8,고고,4.0,2026-07-23 10:30:37+00:00,,3,0,False,솜이 다 꺼져서 납작해졌을지라도 넌 영원히 내 곰돌이야 ~ ~ 🧸,솜이 다 꺼져서 납작해졌을지라도 넌 영원히 내 곰돌이야,2026-07,2026-07-23,19,Thursday,False,30,8,positive,0.11376635946420337,0.028098235567909215,0.003331659391877157,0.1574270361448977,-0.12285001739266024,-0.00020346232831292476,0.15692853119790498,0.48691519381784415,0.5289571557646355,0.06957497227877928
bW3Qk79A4DQ9p,대중적 B,3.5,2026-07-16 07:46:03+00:00,,3,0,False,뒷부분으로 갈 수록 살아나는 토이들. 여전하다~,뒷부분으로 갈 수록 살아나는 토이들. 여전하다,2026-07,2026-07-16,16,Thursday,False,25,6,positive,0.007756528079200316,-0.011958493650770733,0.0012529287867459377,-0.0016475403082573446,-0.01103473605943267,0.009275782853666663,-0.021775505200487873,0.006492406607136474,0.0022916082457974936,-0.012866579235511925
GO6MZ4bVopENx,jyjea,4.0,2026-07-15 02:57:18+00:00,,3,0,False,마음 깊은곳에서 언제나 기다리고 있는 영원한 친구에게...,마음 깊은곳에서 언제나 기다리고 있는 영원한 친구에게...,2026-07,2026-07-15,11,Wednesday,False,32,7,positive,0.09226570659652966,-0.11331907322831238,-0.08505378999448004,-0.04231936439541312,-0.083143486931517,0.11957346368925843,0.13429032708194744,0.0662804908198378,-0.08689715917942045,0.06922306893519958
3WB2qoyJDjQpj,강보,5.0,2026-07-08 11:41:58+00:00,,3,0,False,토이스토리는 실망시키지 않아,토이스토리는 실망시키지 않아,2026-07,2026-07-08,20,Wednesday,False,15,3,positive,0.044907563346473486,-0.07137137024077284,-0.045519625349443385,-0.008362836502178282,0.05780239022385804,-0.09978812111550163,0.1620950417129039,0.04466350265045558,-0.10014162566720713,-0.09745868349158492
1Vl2bb7nV72rR,이윤민,3.5,2026-07-08 10:58:10+00:00,,3,0,False,나 초딩때 처음 나왔던 시리즈를 중딩 딸이랑 보고 있으니 세월이 싱기방기,나 초딩때 처음 나왔던 시리즈를 중딩 딸이랑 보고 있으니 세월이 싱기방기,2026-07,2026-07-08,19,Wednesday,False,40,11,positive,0.08454846144619102,-0.026395031156277296,0.0058711667681747215,0.014657005757496826,-0.03015893398962312,-0.02930098513196287,-0.05355375478574054,-0.02707015982176508,-0.07833570168348115,-0.12163698244871472
wlL2Doj9oBEyZ,말랭이,4.0,2026-07-08 09:57:31+00:00,,3,2,False,폰 버릴게,폰 버릴게,2026-07,2026-07-08,18,Wednesday,False,5,2,positive,0.0,0.0,0.0,0.0,0.0,0.0,0.0,0.0,0.0,0.0
BVoM9q9N8NMP0,관객,3.5,2026-07-08 03:14:48+00:00,,3,0,False,"변해가는 시대 속, 우리가 잊고 살았던 변하지 않은 그 시절만의 추억들.",변해가는 시대 속 우리가 잊고 살았던 변하지 않은 그 시절만의 추억들.,2026-07,2026-07-08,12,Wednesday,False,39,11,positive,0.060690736155285765,-0.06610576908020936,-0.03824065765012822,-0.029124560875319592,-0.025265196145298995,0.11473309558701884,0.0015217702886265315,0.020384885565309853,0.010725355781572871,-0.03799261077967387
POkEweNPLWMql,방구석 영화덕후,3.5,2026-07-07 13:12:05+00:00,,3,0,False,참 영리하다 영리해. 소박한 이야기지만 그 의미가 대단하다.,참 영리하다 영리해. 소박한 이야기지만 그 의미가 대단하다.,2026-07,2026-07-07,22,Tuesday,False,33,8,positive,0.01357405275889912,0.0004697844098303903,-0.0032703073296005995,-0.0026416195689177827,-0.007244587204705478,-0.009282534725947644,-0.006439055055585636,-0.004643123021401808,-0.004645335517725105,-0.009465095244528272
7JVEoXJZmL29y,킹갓진인,2.5,2026-07-06 10:27:08+00:00,2026-07-05 15:00:00+00:00,3,1,False,앤드류 스탠튼은 토이스토리에도 낭만만 가득 담아왔다. 근데 나한테는 그게 좀 무성의하게 느껴졌다.,앤드류 스탠튼은 토이스토리에도 낭만만 가득 담아왔다. 근데 나한테는 그게 좀 무성의하게 느껴졌다.,2026-07,2026-07-06,19,Monday,False,54,12,negative,0.024788688731790718,-0.022110944040298865,0.012966262406886243,-0.029473438304447284,-0.027945633164099478,0.014811812452377025,-0.004767650059022238,0.007323087521940625,-0.004732591925878179,0.013520052889361311
wlL2Dojp9PEyZ,긴꼬딱,2.0,2026-07-04 14:22:46+00:00,,3,0,False,"난 진짜 토이스토리랑 안 맞아 역대급 개개개최악인데?? 장난감 갖고 노는 어린이만 순수하고 착하고 밝고, 릴리패드(디지털 기기) 갖고 노는 애들은 음침하고 나쁘고? 그래놓고 마지막에는 릴리패드도 내 친구! 이러네… 그리고 스토리가 듬성듬성 대충대충 만들어진 게 너무 티나서 깜~ 짝 놀람 캐릭터 설명이나 캐릭터 개성은 조또 없고 울다가 화내다가 프로포즈 했다가 뽀뽀했다가 말 탔다가 돼지 나왔다가 기부트럭 탔다가 울다가 버렸다가 회수했다가 싸웠다가 화해했다가 역할극했다가 어후 산만해 그냥 어른들이 편견 갖고 본 어린이들의 모습임 쯧쯧  그나마 봐줄 만했던 것 1. 버즈 군단 군사작전(?) 간지남 2. 추격씬 연출이 시원시원했다 3. 메모리카드가 주마등처럼 지나갔어~ (귀여운 멘트) 4. 우디 탈모랑 볼록배 (ㅠㅠ)",난 진짜 토이스토리랑 안 맞아 역대급 개개개최악인데?? 장난감 갖고 노는 어린이만 순수하고 착하고 밝고 릴리패드 디지털 기기 갖고 노는 애들은 음침하고 나쁘고? 그래놓고 마지막에는 릴리패드도 내 친구! 이러네 그리고 스토리가 듬성듬성 대충대충 만들어진 게 너무 티나서 깜 짝 놀람 캐릭터 설명이나 캐릭터 개성은 조또 없고 울다가 화내다가 프로포즈 했다가 뽀뽀했다가 말 탔다가 돼지 나왔다가 기부트럭 탔다가 울다가 버렸다가 회수했다가 싸웠다가 화해했다가 역할극했다가 어후 산만해 그냥 어른들이 편견 갖고 본 어린이들의 모습임 쯧쯧 그나마 봐줄 만했던 것 1. 버즈 군단 군사작전 ? 간지남 2. 추격씬 연출이 시원시원했다 3. 메모리카드가 주마등처럼 지나갔어 귀여운 멘트 4. 우디 탈모랑 볼록배,2026-07,2026-07-04,23,Saturday,True,388,96,negative,0.08550517517815315,-0.05932112979238308,0.13209235742646488,-0.10225808599602029,0.08072346753002184,0.02445009851417353,0.04482693156753433,-0.01987200943430511,0.04520524395819939,-0.032384908445020545
BglQaaRqLjQX0,영서,4.0,2026-07-04 10:14:06+00:00,2026-07-03 15:00:00+00:00,3,0,False,한 아이를 키우려면 온 마을의 장난감이 필요하다,한 아이를 키우려면 온 마을의 장난감이 필요하다,2026-07,2026-07-04,19,Saturday,True,26,7,positive,0.10125974261124794,0.0034665381648628767,-0.09155032160641968,-0.07810218633418586,0.1342477610052375,-0.09189056422315588,-0.1747800953628159,0.254733079748885,-0.07296310907458059,-0.07246585166253071
j7kQzkPdnNEl4,Hash Brown,5.0,2026-07-04 09:22:34+00:00,,3,0,False,시리즈의 연장에 대한 우려를 뛰어넘는 앤드류 스탠튼의 깊은 인사이트가 찬란히 빛난다. 그래서 버즈 하이테크 에디션은 언제 판매하나요.,시리즈의 연장에 대한 우려를 뛰어넘는 앤드류 스탠튼의 깊은 인사이트가 찬란히 빛난다. 그래서 버즈 하이테크 에디션은 언제 판매하나요.,2026-07,2026-07-04,18,Saturday,True,74,17,positive,0.1335662262343902,-0.0972966805055275,0.2733917182640054,-0.21132210627734063,0.028808529399319042,0.16168314747079246,-0.007209950856339941,0.08456551641463528,0.010422102179273548,0.07069834649897666
6GWQ1B7B7vEJ5,은지,5.0,2026-07-03 13:59:36+00:00,,3,0,True,"토이스토리의 팬이라면 행복할 수 밖에 없는 이야기  토이스토리의 5번째 이야기를 잘 보고왔다 토이들이 각자의 세월을 이미 겪어서 모든일에 의연하고 성장했다! 더이상 주인에게 목매지 않는 우디, 창고에 정리되어도 불안해하지 않는 장난감들, 과거의 주인에게 버려진것에 대한 아픔이 있던 제시의 행복, 게다가 날던게 아닌 떨어지던 버즈의 비행까지❤️  아이들이 8살 9살이 아닌 중고등학생 같다는 말을 장난감을 보며 맞아 아이는 아이답게 뛰어놀아야지!! 생각했고 모두 주인인 보니를 위해 노력하는 모습을 보면서 기특했다 5번째인만큼 화질과 퀄리티도 너무 성장해서 몰입하는 맛도 있었다 버즈가 제시에게 마음을 전하려고 전전긍긍때도 귀엽고오!!! 받아준거도 너무 예쁘고 그리고 우디가 이제 주인에게 벗어나 자기 인생을 사는것도 너무 너무너무 좋아아으았어유 나중에 한번 더 볼거같아유 다들 보세유",토이스토리의 팬이라면 행복할 수 밖에 없는 이야기 토이스토리의 5번째 이야기를 잘 보고왔다 토이들이 각자의 세월을 이미 겪어서 모든일에 의연하고 성장했다! 더이상 주인에게 목매지 않는 우디 창고에 정리되어도 불안해하지 않는 장난감들 과거의 주인에게 버려진것에 대한 아픔이 있던 제시의 행복 게다가 날던게 아닌 떨어지던 버즈의 비행까지 아이들이 8살 9살이 아닌 중고등학생 같다는 말을 장난감을 보며 맞아 아이는 아이답게 뛰어놀아야지!! 생각했고 모두 주인인 보니를 위해 노력하는 모습을 보면서 기특했다 5번째인만큼 화질과 퀄리티도 너무 성장해서 몰입하는 맛도 있었다 버즈가 제시에게 마음을 전하려고 전전긍긍때도 귀엽고오!!! 받아준거도 너무 예쁘고 그리고 우디가 이제 주인에게 벗어나 자기 인생을 사는것도 너무 너무너무 좋아아으았어유 나중에 한번 더 볼거같아유 다들 보세유,2026-07,2026-07-03,22,Friday,False,432,100,positive,0.15841614949359262,-0.10280377943932603,-0.01017004475903887,-0.03822851173720698,0.0016830652078399855,-0.047764068147114806,-0.10206571812115697,-0.03409343032585512,-0.024526035400604152,-0.07004814150211025
69oMvpkpkdEal,Bin,5.0,2026-07-03 13:59:22+00:00,,3,0,False,내수준에딱맞아,내수준에딱맞아,2026-07,2026-07-03,22,Friday,False,7,1,positive,0.0,0.0,0.0,0.0,0.0,0.0,0.0,0.0,0.0,0.0
6aLMP8W8l0MOw,준희박박,5.0,2026-07-03 13:01:47+00:00,,3,0,False,나를 만들어준 모든 것에게 5점을!,나를 만들어준 모든 것에게 5점을!,2026-07,2026-07-03,22,Friday,False,19,5,positive,0.07930109268848856,-0.1330770501492188,-0.06241464714667447,0.048412106283149035,0.022758856353474813,-0.2307820562412914,0.09933006755085554,-0.020193769351718405,-0.11476833265218767,0.35324591172200004
rdVMNLW6kZEql,김준서,4.0,2026-07-03 12:38:48+00:00,,3,0,False,오랜만이야. 여전히 건강하게 흔들리고 있구나. 언제 또 놀자. 잘 지내~,오랜만이야. 여전히 건강하게 흔들리고 있구나. 언제 또 놀자. 잘 지내,2026-07,2026-07-03,21,Friday,False,39,10,positive,0.0965803439351612,-0.07017371930159023,-0.0990593265817942,-0.11495412158656754,0.20922456079641352,0.15823141927553663,-0.09267463171546851,0.1310694042022595,-0.040984656772729264,0.15198217135790165
bW3Qk784zoQ9p,티후김이박모미지도원시야웅현빈,3.5,2026-07-03 08:31:13+00:00,2026-06-27 15:00:00+00:00,3,0,False,"나를 거쳐 그대의 성장을 지켜보는 것, 그 아름다운 시간.  👍🏻: 사랑할 수밖에 없는 토이스토리. 👎🏻: 여전한 3편의 위엄.",나를 거쳐 그대의 성장을 지켜보는 것 그 아름다운 시간. 사랑할 수밖에 없는 토이스토리. 여전한 3편의 위엄.,2026-07,2026-07-03,17,Friday,False,61,16,positive,0.11904746017138296,-0.1305728096706125,0.05875613519686541,0.23966341740116764,0.05230240242925538,-0.0813075358937805,0.03988723115193761,-0.05377870111102254,-0.048513718151438366,0.12696525081494303
boY2lYzJA8MWO,Soo..,5.0,2026-07-03 08:30:14+00:00,,3,0,False,쟤네 싸우는 거 또 보니까 좋다.,쟤네 싸우는 거 또 보니까 좋다.,2026-07,2026-07-03,17,Friday,False,18,6,positive,0.017507106757963173,-0.012670652569299879,-0.00023558829031465871,-0.009884701247647135,-0.006371598700525652,-0.0023159245772701735,-0.01213788518984809,0.005254973803204666,0.0026594988688269506,0.007999555786832587
ZGYMGGLwY5Mr8,Lee Ja Bok,4.0,2026-07-03 07:44:36+00:00,,3,0,False,함께하지 않아도 함께하는 추억의 힘. / 드디어 버즈가 진짜로 나는걸 보게되었네.,함께하지 않아도 함께하는 추억의 힘. 드디어 버즈가 진짜로 나는걸 보게되었네.,2026-07,2026-07-03,16,Friday,False,43,10,positive,0.025568847080564002,-0.027398769010621576,-0.0007433879649996859,-0.022237165276631363,-0.028468198258363827,-0.022842917241915915,-0.00916548187580571,-0.00703473704447641,-0.003092553519710003,-0.042056607631119985
PkvE6Dkm6yMpg,Modern Times,3.5,2026-07-02 18:43:44+00:00,2026-07-01 15:00:00+00:00,3,1,False,"우리가 여전히 <토이 스토리>를 필요로 하는 이유. <토이 스토리> 시리즈의 가장 큰 성취는 시대의 흐름과 엇박자를 타며 추억팔이에 머물 수 밖에 없는 시리즈물의 한계를 벗어나려는 고심이 엿보인다는 점이다. 4편과의 불균질한 연결성이 아쉽다거나 1~3편의 무난한 변주라고 생각할지도 모르겠으나, 3D 애니메이션의 역사와 궤를 같이하는 <토이 스토리> 시리즈가 30년 동안 5편이 되도록 건재할 수 있다는 사실이 믿기지 않을 정도다. 특히 어릴 적 가지고 놀던 장난감 세계라는 상상의 산물을 형상화하는 것을 넘어, 디지털 시대로 접어든 현시점에 유대감의 필요성이라는 메시지를 녹슬지 않은 유머와 감동으로 전달하는 스토리텔링의 영리함이 돋보인다.",우리가 여전히 토이 스토리 를 필요로 하는 이유. 토이 스토리 시리즈의 가장 큰 성취는 시대의 흐름과 엇박자를 타며 추억팔이에 머물 수 밖에 없는 시리즈물의 한계를 벗어나려는 고심이 엿보인다는 점이다. 4편과의 불균질한 연결성이 아쉽다거나 1 3편의 무난한 변주라고 생각할지도 모르겠으나 3D 애니메이션의 역사와 궤를 같이하는 토이 스토리 시리즈가 30년 동안 5편이 되도록 건재할 수 있다는 사실이 믿기지 않을 정도다. 특히 어릴 적 가지고 놀던 장난감 세계라는 상상의 산물을 형상화하는 것을 넘어 디지털 시대로 접어든 현시점에 유대감의 필요성이라는 메시지를 녹슬지 않은 유머와 감동으로 전달하는 스토리텔링의 영리함이 돋보인다.,2026-07,2026-07-03,3,Friday,False,352,85,positive,0.48089169826969824,0.2595198098833999,-0.07282773435534598,-0.02791884112839925,0.03883130605819269,0.061263189527959686,0.024931592896723014,-0.10006468298653942,0.022791240602715274,0.0551011577138027
6PzQ447NynQqV,one&_,4.5,2026-07-02 14:48:31+00:00,,3,0,False,"객관적인 판단이 불가함,, 나 토이스토리 영원히 사랑해.",객관적인 판단이 불가함 나 토이스토리 영원히 사랑해.,2026-07,2026-07-02,23,Thursday,False,29,7,positive,0.16303847964040516,-0.10272748461478444,0.1551990947613087,0.49286471961438816,0.039801533819583026,0.06296411850580506,0.04774877972326429,0.32591888123915325,0.3183695584742495,0.008119090662266144
gwVQxnNVa02B0,수이니,3.0,2026-07-02 13:48:27+00:00,2026-06-25 15:00:00+00:00,3,0,False,나도 니 장난감이 되고싶다,나도 니 장난감이 되고싶다,2026-07,2026-07-02,22,Thursday,False,14,4,neutral,0.12899458122073806,-0.016902731267394736,-0.02073272521390164,-0.06424631165138936,0.06684521037611177,-0.12850035280051295,-0.1824606709039108,0.2736593251461881,-0.04430652561806832,-0.06723670817000114
rdVMNLWV66Eql,정빈,4.0,2026-07-02 12:51:43+00:00,2026-07-01 15:00:00+00:00,3,1,True,아이패드 붙들고 있는 요즘 애들을 위한 영화가 아니었나보다.. 어린 시절을 홀딱 잊어버리고 폰만 보느라 거북목이 되어버린.. 우디랑 같이 머리가 벗겨진 우리를 위한 영화였다.. 근데 제시랑 버즈 드디어 결혼함 ㅁㅊ,아이패드 붙들고 있는 요즘 애들을 위한 영화가 아니었나보다.. 어린 시절을 홀딱 잊어버리고 폰만 보느라 거북목이 되어버린.. 우디랑 같이 머리가 벗겨진 우리를 위한 영화였다.. 근데 제시랑 버즈 드디어 결혼함,2026-07,2026-07-02,21,Thursday,False,116,28,positive,0.12455861252705708,-0.11508102736444802,0.16035619223749467,-0.12565725962858965,-0.09221959624013454,0.011794453565051285,-0.035086655449778105,-0.01834260860179811,-0.011511146064818734,0.056963823005227454
GO6MZ4RoabENx,현초,3.5,2026-07-01 21:51:03+00:00,,3,0,False,"시간은 끝내 우리를 밀어내지만, 우리가 지나온 궤적은 그 자리에 남아 의미를 새긴다.",시간은 끝내 우리를 밀어내지만 우리가 지나온 궤적은 그 자리에 남아 의미를 새긴다.,2026-07,2026-07-02,6,Thursday,False,46,12,positive,0.04520354309398327,-0.06993456430259622,-0.030850907844481495,-0.022293503851147548,-0.0765517724223918,0.13927595950464328,-0.007373506042355856,0.023759128644968902,-0.02824031694049811,0.019489835482120046
OAxM71B5VpEbm,시네필 희망,3.5,2026-07-01 14:13:20+00:00,,3,0,False,매일같이 변화하는 우리를 한결같이 응원하는 불변의 존재가 있다는 마음의 안식,매일같이 변화하는 우리를 한결같이 응원하는 불변의 존재가 있다는 마음의 안식,2026-07,2026-07-01,23,Wednesday,False,42,10,positive,0.04415701627346274,-0.03805846737132596,-0.017726325122278917,-0.014615508042073878,-0.013133423348747423,-0.008492992121496918,-0.03215641417371116,-0.013315319464831034,-0.014158800643032541,0.02304992797719866
8n92Vpg5bqQAJ,nOwOn,4.0,2026-07-01 07:38:57+00:00,,3,0,False,"반복되어야 하는 이야기이고, 반복될 수 있는 이야기였기에, 반복되는 것이 반갑다.",반복되어야 하는 이야기이고 반복될 수 있는 이야기였기에 반복되는 것이 반갑다.,2026-07,2026-07-01,16,Wednesday,False,43,10,positive,0.10243296029484837,-0.09002749557647105,-0.03689453134469593,-0.023172017466057442,-0.08661862914626846,0.038868181164800515,-0.06319528195819311,-0.009034024545814492,0.025846775378932377,-0.04573092259901302
6PzQ44j67aQqV,말챤욱,4.0,2026-07-01 07:34:15+00:00,,3,0,False,이 시대의 모든 사람들에게 필요한 이야기. 혐오대신 사랑과 화합을....! 엔딩이 너무 좋았다. 어른아이 남녀노소 함께할 수 있는 이야기인듯.,이 시대의 모든 사람들에게 필요한 이야기. 혐오대신 사랑과 화합을....! 엔딩이 너무 좋았다. 어른아이 남녀노소 함께할 수 있는 이야기인듯.,2026-07,2026-07-01,16,Wednesday,False,79,18,positive,0.1227919143267276,-0.06788957205166919,-0.06083601150465542,-0.03651068289968923,-0.03757055448659117,0.030027373283814336,-0.09564896678512205,-0.048243479207735855,-0.04233546553242452,0.05917778180541855
boPQjo1kP0EKL,육회,4.5,2026-07-01 04:03:19+00:00,,3,0,False,너네 어릴때 버려서 미안해ㅠㅠ,너네 어릴때 버려서 미안해,2026-07,2026-07-01,13,Wednesday,False,14,4,positive,0.004764932499489279,-0.0056899678773266425,-0.006964348764686464,-0.0004687483645284683,-0.007193361550255399,-0.005220290548005348,-0.0038413456265950306,-0.0010348136168613765,-0.011007630029401326,-0.0009937159227411522
bW3Qk75Yk9Q9p,kyu,3.0,2026-06-30 14:24:28+00:00,,3,0,False,내 서랍장속 PMP도 내가 드라마 보면서 친구들과 행복하게 지내는 걸 원했을거야,내 서랍장속 PMP도 내가 드라마 보면서 친구들과 행복하게 지내는 걸 원했을거야,2026-06,2026-06-30,23,Tuesday,False,44,11,neutral,0.019120536371034516,-0.02272619115285102,0.004008404771928717,-0.0009438510015767155,-0.006663578684570761,-0.00977019599657869,-0.019605137906218435,-0.02172637309835137,-0.007342033834895472,-0.011383716350426861
P7kEWpg5qB2J9,신용규,3.5,2026-06-29 10:52:27+00:00,,3,0,False,앤디가 할아버지 될 때까지 어떻게든 영화는 계속 만들어라.,앤디가 할아버지 될 때까지 어떻게든 영화는 계속 만들어라.,2026-06,2026-06-29,19,Monday,False,32,8,positive,0.04164969675360088,-0.021252412915003592,-0.011961783462856779,0.0010787877362641678,-0.014598644554517369,-0.016365487328958095,-0.02327260723663504,-0.05399321116601795,0.00795106648689591,-0.01233171447886086
W4zQrOABebEw1,현 성,4.0,2026-06-28 10:44:35+00:00,,3,0,False,"“산타클로스를 믿다가, 믿지 않다가, 결국에는 본인이 산타 할아버지가 되는 거야. 그게 인생이야.” - 언어의 온도, 이기주  좋은 산타 할아버지가 되어주고 싶다.",산타클로스를 믿다가 믿지 않다가 결국에는 본인이 산타 할아버지가 되는 거야. 그게 인생이야. 언어의 온도 이기주 좋은 산타 할아버지가 되어주고 싶다.,2026-06,2026-06-28,19,Sunday,True,83,20,positive,0.0556755439671923,-0.06997463839428968,-0.002097949728016091,-0.0006845673978277044,-0.0370092671123316,0.03368786351524178,-0.043451716555836954,-0.028532278541763767,-0.017816123479665845,0.009495588418367812
7JVEoXmgJX29y,이가은,3.5,2026-06-28 05:23:27+00:00,,3,0,False,보니의 토이스토리가 나랑 안맞는 이유를 5편을 보니 확실히 알았다!! 보니의 잘못은 아닌데 기질적으로 약한 보니를 내가 이해해주면서까지 봐야돼? 라고 고백하기에는 너무 창피하고 부끄러운 나이이지만...‘보니만을 위해서’ 애쓰는 장난감들을 보는게 버겁다..  앤디는 그저 내 감동을 일으키기 위한 도구고! 그저 나와 장난감만 생각하면서 봐도 되는 전작 토이스토리들이 나한테는 더 감동을 느끼기에 쉬웠었나봄 그당시에 나는 그저 같이 있고 싶으니까 같이 있기 위해 이 모든 사단을 벌였던 장난감들에 나를 투영했었던 것 같다. 그래서 그 사이에 들어온 보니가 달갑지가 않았었나봐. 좋지 않은 영화는 아니다 그냥 보니를 이해하면서 보는게 힘들다는 내가 못난 어른이지,보니의 토이스토리가 나랑 안맞는 이유를 5편을 보니 확실히 알았다!! 보니의 잘못은 아닌데 기질적으로 약한 보니를 내가 이해해주면서까지 봐야돼? 라고 고백하기에는 너무 창피하고 부끄러운 나이이지만... 보니만을 위해서 애쓰는 장난감들을 보는게 버겁다.. 앤디는 그저 내 감동을 일으키기 위한 도구고! 그저 나와 장난감만 생각하면서 봐도 되는 전작 토이스토리들이 나한테는 더 감동을 느끼기에 쉬웠었나봄 그당시에 나는 그저 같이 있고 싶으니까 같이 있기 위해 이 모든 사단을 벌였던 장난감들에 나를 투영했었던 것 같다. 그래서 그 사이에 들어온 보니가 달갑지가 않았었나봐. 좋지 않은 영화는 아니다 그냥 보니를 이해하면서 보는게 힘들다는 내가 못난 어른이지,2026-06,2026-06-28,14,Sunday,True,365,87,positive,0.10736100562777866,-0.10131681089397937,-0.030226323322450586,0.0009367816351870583,-0.048367940812567393,-0.11113196832500398,-0.05283286944547414,-0.08660454693539214,-0.013046914281475454,0.05462129958653124
wlL2Do6OJqEyZ,별빠,3.5,2026-06-28 01:37:34+00:00,,3,0,False,"‘우디’의 빛바랜 컴백, ‘버즈‘의 불안한 사랑, 더스티한 메모리, 스마티한 스토리, 우물 안 개구리 엑소더스, 절친 찾기의 거머리 작전, 팬심 자극한 티격태격 좌충우돌 콤비네이션, 시대 흐름을 반영한 디바이스의 시츄에이션, 불안정한 휴머니즘의 결핍에 필요한 고도화 문명 사회 속 「네트워크」 미래의 숙제, 「토이 스토리」의 유산과 사이드 킥 캐릭터 활용으로, 세대를 이어가려는 ’디즈니 픽사’의 향후 전략 과제.",우디 의 빛바랜 컴백 버즈 의 불안한 사랑 더스티한 메모리 스마티한 스토리 우물 안 개구리 엑소더스 절친 찾기의 거머리 작전 팬심 자극한 티격태격 좌충우돌 콤비네이션 시대 흐름을 반영한 디바이스의 시츄에이션 불안정한 휴머니즘의 결핍에 필요한 고도화 문명 사회 속 네트워크 미래의 숙제 토이 스토리 의 유산과 사이드 킥 캐릭터 활용으로 세대를 이어가려는 디즈니 픽사 의 향후 전략 과제.,2026-06,2026-06-28,10,Sunday,True,215,57,positive,0.3297918729381866,0.24066408950618606,0.21813986512826614,-0.0857027133038231,0.017926721403435958,0.01291123053630485,0.03208819040236731,0.015238738135682666,-0.0015227696382071794,0.033829194800245474
6aLMP8gDlqMOw,코모레비,5.0,2026-06-27 12:10:02+00:00,2026-06-26 15:00:00+00:00,3,0,False,"이젠 아이보다는 부모의 눈이 익숙하더라도, 이 몸집만 큰 어른 아이를, 여전히 그 천진한 상상 속 이야기로 데려가는건 바로 너희뿐.",이젠 아이보다는 부모의 눈이 익숙하더라도 이 몸집만 큰 어른 아이를 여전히 그 천진한 상상 속 이야기로 데려가는건 바로 너희뿐.,2026-06,2026-06-27,21,Saturday,True,71,19,positive,0.07977401434831197,-0.031229635534723896,-0.08111446843471642,-0.07215864381302907,0.21675932538386408,0.004448147109392423,-0.1051336779776086,0.09846505897787837,-0.05942535652573923,0.07184573722464287
wlL2Do6r5VEyZ,사월🌱,4.0,2026-06-27 03:42:09+00:00,,3,0,False,"찰나의, 어쩌면 영원한 친구. . . # 장난감의 역할은 유한하기에 그들이 필요한 시기 역시도 한계가 정해져 있다. 그들은 언젠가 쓸모가 다한 존재가 될 것이다. 하지만 그럼에도 아이의 눈부신 성장을 함께했다는 이유로 모두 중요한 존재이다. 그러니 모두모두 쓸모없는 존재가 아니라 중요한 존재야 알겠지 얘들아 ㅠㅠㅠㅠㅠㅠ . # 처음에 패드와 기계를 경계하던 고전(?) 장난감들이었지만, 결국 모두가 장난감으로서 자신의 친구가 행복하기를 바란다는 마음을 지니고 있음이 드러나는 순간 나는 엉엉 울었다. 왜 이렇게까지 헌신적이야 장난감들아 엉어어어엉 ㅠㅠㅠㅠㅠ 얼마나 수많은 장난감들이 내 친구가 되어 주고, 나를 나로서 만들어 주었는지 모르지만 모두 모두 고마워. 기억에 남은, 기억에 남지 않은 너희를 사랑해. 너희는 지금의 나야. 우리가 함께하지 않더라도 함께인 이유. . # 제시의 씩씩함을 사랑하는 나는 이번 서사가 너무 행복했고 한편으로는 마음이 너무너무 아팠다 ㅠㅠㅠㅠㅠㅠㅠ 제시야 넌 최고의 장난감이자 최고의 보안관이고 최고의 대장이야 ㅠㅠㅠㅠㅠㅠㅠㅠ 보니에게 필요한 것이 무엇인지 제일 잘 아는 건 우리 제시야 ㅠㅜㅜㅜㅠㅠㅠ 불스아이 넘넘 깜찍슨 ㅠㅠ 말의 해답게(???) 온갖 말들이 함께한 토이스토리 5 ㅋㅋㅋㅋ . # 우디 어르신 대우(?) 받는 것이 너무 짠하고 웃겼다. 빛나라 머리머리 때문에 장난감들이 눈부셔하는 거 ㅠ ㅋㅋㅋㅋ 누구 아이디어인가요 ㅋㅋㅋㅋㅋ 진짜 웃기는데 잔인하셔 ㅠㅠ ㅋㅋㅋㅋㅋㅋ 사실 우디 분량이 적은 것이 약간 서운 포인트ㅠ인데 우디는 크게 신경 안 쓸 것 같다. 이제 우디는 대장이 아니라 친구를 도와주는 게 더 중요한 것 같으니!! 그래도 난 우디랑 버즈 우정 서사가 좋은데 ㅠ 모처럼 둘이 싸우는 거 보니까 행복하더라고...",찰나의 어쩌면 영원한 친구. . . 장난감의 역할은 유한하기에 그들이 필요한 시기 역시도 한계가 정해져 있다. 그들은 언젠가 쓸모가 다한 존재가 될 것이다. 하지만 그럼에도 아이의 눈부신 성장을 함께했다는 이유로 모두 중요한 존재이다. 그러니 모두모두 쓸모없는 존재가 아니라 중요한 존재야 알겠지 얘들아 . 처음에 패드와 기계를 경계하던 고전 ? 장난감들이었지만 결국 모두가 장난감으로서 자신의 친구가 행복하기를 바란다는 마음을 지니고 있음이 드러나는 순간 나는 엉엉 울었다. 왜 이렇게까지 헌신적이야 장난감들아 엉어어어엉 얼마나 수많은 장난감들이 내 친구가 되어 주고 나를 나로서 만들어 주었는지 모르지만 모두 모두 고마워. 기억에 남은 기억에 남지 않은 너희를 사랑해. 너희는 지금의 나야. 우리가 함께하지 않더라도 함께인 이유. . 제시의 씩씩함을 사랑하는 나는 이번 서사가 너무 행복했고 한편으로는 마음이 너무너무 아팠다 제시야 넌 최고의 장난감이자 최고의 보안관이고 최고의 대장이야 보니에게 필요한 것이 무엇인지 제일 잘 아는 건 우리 제시야 불스아이 넘넘 깜찍슨 말의 해답게 ??? 온갖 말들이 함께한 토이스토리 5 . 우디 어르신 대우 ? 받는 것이 너무 짠하고 웃겼다. 빛나라 머리머리 때문에 장난감들이 눈부셔하는 거 누구 아이디어인가요 진짜 웃기는데 잔인하셔 사실 우디 분량이 적은 것이 약간 서운 포인트 인데 우디는 크게 신경 안 쓸 것 같다. 이제 우디는 대장이 아니라 친구를 도와주는 게 더 중요한 것 같으니!! 그래도 난 우디랑 버즈 우정 서사가 좋은데 모처럼 둘이 싸우는 거 보니까 행복하더라고...,2026-06,2026-06-27,12,Saturday,True,797,203,positive,0.2210664250185647,-0.23291596552871982,0.028786666149400703,-0.010655268328484797,-0.05768646124102076,-0.09904642823887791,-0.0449490298704246,0.033862634849967606,0.01954652170831755,0.0027579810440662702
NXnE5Zjzw92zG,강하람 (캉 더 무비),4.0,2026-06-26 03:01:03+00:00,,3,0,False,아날로그와 디지털 놀이 둘 다 경험한 세대가 전하는 진심 어린 충고와 위로.,아날로그와 디지털 놀이 둘 다 경험한 세대가 전하는 진심 어린 충고와 위로.,2026-06,2026-06-26,12,Friday,False,42,12,positive,0.06053503474455724,-0.03347779883042166,-0.01988638392347619,-0.004152248170684181,-0.039415224454206504,-0.001952170455488128,-0.03419855855675696,-0.011474394878032361,-0.03347377904650472,0.00017256110576721866
bW3Qk75jARQ9p,완전불멸의포경,1.5,2026-06-25 05:06:16+00:00,,3,0,False,누가 토이스토리 팬픽을 영화로 만들었네?,누가 토이스토리 팬픽을 영화로 만들었네?,2026-06,2026-06-25,14,Thursday,False,22,5,negative,0.11025426430352336,-0.07938519820332182,0.17189692812240617,0.44516832963210257,0.14428199766420913,0.08786912473518069,-0.07114951104974997,0.00016409020864796055,-0.03422629450118901,-0.009888996200451248
8n92VpgDBeQAJ,borntoloveto,2.0,2026-06-24 18:01:36+00:00,,3,0,False,시리즈가 필히 연속돼야만 그 세계가 영원해지는 건 아니잖아요.,시리즈가 필히 연속돼야만 그 세계가 영원해지는 건 아니잖아요.,2026-06,2026-06-25,3,Thursday,False,34,8,negative,0.0873112544215367,-0.08726783065039836,-0.06476344565437842,0.006863450014898398,-0.03177742407598011,-0.10804737504282805,-0.017126406872459855,-0.2676204408338987,0.2756682576057423,0.19068987546117663
BVoM9qpqyqMP0,후디캣,4.0,2026-06-24 14:48:14+00:00,,3,1,False,야속한 성장을 수용하는 최선의 화합 복귀를 납득시키는 진하고 애틋한 존재론,야속한 성장을 수용하는 최선의 화합 복귀를 납득시키는 진하고 애틋한 존재론,2026-06,2026-06-24,23,Wednesday,False,41,10,positive,0.02050978402525392,-0.023866146536160593,0.0039475121328144585,0.012864296896920724,0.015398572464266892,-0.04115429087995502,-0.0074877014523539644,-0.05692075411128421,0.021366259209381407,-0.004450982107197103
POkEweOxWpMql,욘사마,4.0,2026-06-24 12:50:25+00:00,,3,0,False,이런 걸 보고 커야지,이런 걸 보고 커야지,2026-06,2026-06-24,21,Wednesday,False,11,4,positive,0.06223326421033113,-0.01747941468705052,-0.00012796773659178682,-0.0039647186611445765,-0.053242304793435974,0.007031967881773786,-0.036127195354220806,-0.020580630533328096,-0.05442098934729698,-0.06559909449757469
P7kEWpg6Pp2J9,뚱땡바리,3.5,2026-06-24 10:22:01+00:00,2026-06-23 15:00:00+00:00,3,0,False,우려했지만 쓸때없는 생각이였다.,우려했지만 쓸때없는 생각이였다.,2026-06,2026-06-24,19,Wednesday,False,17,3,positive,0.0,0.0,0.0,0.0,0.0,0.0,0.0,0.0,0.0,0.0
y4ZMO8gGKXQOp,Hojun Sim,5.0,2026-06-24 02:15:02+00:00,,3,0,False,너희들이 나의 삶에 엄청난 도움이 되었듯이 이영화의 시리즈 또한 그렇다.,너희들이 나의 삶에 엄청난 도움이 되었듯이 이영화의 시리즈 또한 그렇다.,2026-06,2026-06-24,11,Wednesday,False,40,10,positive,0.08334341955974063,-0.08933786986700144,-0.03177414831992558,0.0021015842251594667,-0.03712326484018832,0.03731081280701604,0.2151257035202227,0.017571822516976594,-0.12648310317856434,0.047242804008862924
bW3Qk75n49Q9p,수땡,4.0,2026-06-24 00:58:46+00:00,,3,0,False,"잊혀질까 두려웠는데, 잊혀지는게 아니라 남아있는거야. 내가 모모를 기억하듯이. 이별하기 싫은 나에게 제시가 자연스럽게 성장하는과정이라고, 그리고 그건 잊혀지는 게 아니라고 말해준다. #20260623 #션",잊혀질까 두려웠는데 잊혀지는게 아니라 남아있는거야. 내가 모모를 기억하듯이. 이별하기 싫은 나에게 제시가 자연스럽게 성장하는과정이라고 그리고 그건 잊혀지는 게 아니라고 말해준다. 20260623 션,2026-06,2026-06-24,9,Wednesday,False,110,22,positive,0.07493449599661549,-0.04435706978170655,-0.022719577630607016,-0.004357979121845646,-0.06758190439822095,-0.08055944698636491,0.016648482939591695,-0.0003966077214699426,0.08502674208265994,-0.03236640962912184
PkvE6Dj05RMpg,강유진,4.0,2026-06-23 16:23:22+00:00,,3,0,False,"사랑은 본래 '주는 것' 이지, 받는 것이 아니라고 설명할 수 있다  - 에리히 프롬, <사랑의 기술>에서 -",사랑은 본래 주는 것 이지 받는 것이 아니라고 설명할 수 있다 에리히 프롬 사랑의 기술 에서,2026-06,2026-06-24,1,Wednesday,False,51,16,positive,0.06432429507074952,-0.059939332667110705,-0.026921994653483182,-0.008511001928091235,-0.05307552038143256,-0.07995332398556439,-0.06765451701280233,0.030696017748953267,0.01363240170542687,-0.08894086974889663
P7kEWpgz5k2J9,내가누구개,2.0,2026-06-23 15:56:51+00:00,,3,0,False,할얘기가 얼마나 많은 소재였는데 대실망,할얘기가 얼마나 많은 소재였는데 대실망,2026-06,2026-06-24,0,Wednesday,False,21,5,negative,0.027898791907271937,-0.03889416475414016,-0.007603203000165081,-0.024000801782763845,-0.05704250527531088,-0.06776769410955902,-0.020226148312255977,-0.04943697170484229,0.015014401090526623,0.05703077188641248
BVoM9qplpoMP0,Isaac,3.5,2026-06-23 15:15:55+00:00,,3,0,False,제시의 트라우마 극복기. 3편의 완벽한 엔딩을 끝으로 4편부터는 완전히 새로운 시리즈라고 생각하는 게 편할듯하다.,제시의 트라우마 극복기. 3편의 완벽한 엔딩을 끝으로 4편부터는 완전히 새로운 시리즈라고 생각하는 게 편할듯하다.,2026-06,2026-06-24,0,Wednesday,False,63,14,positive,0.0809968065016056,-0.02712309477983765,-0.0018493515083332838,-0.01199824527654841,0.0032837090151588157,-0.04748785251222941,-0.014728045312270621,-0.08617791940871607,0.0041242313814024035,-0.04320030511000766
ZGYMGGA6VDMr8,배성진,3.5,2026-06-23 09:15:10+00:00,,3,0,False,사람이 죽으면 먼저 가 있던 반려동물과 장난감이 마중나온다는 얘기가 있다 나는 이 이야기를 무척 좋아한다,사람이 죽으면 먼저 가 있던 반려동물과 장난감이 마중나온다는 얘기가 있다 나는 이 이야기를 무척 좋아한다,2026-06,2026-06-23,18,Tuesday,False,58,15,positive,0.10266140718308421,-0.057022050243898705,-0.0268008807190366,-0.0599113143027702,0.0023141790829353643,-0.1016792500505556,-0.12975739912070305,0.14437738052242916,-0.03539742844877488,-0.05205632502449501
POkEwe6DvKMql,쥬쥬,3.5,2026-06-23 06:50:34+00:00,,3,0,False,극장 가기 전 두근거리는 마음까지가 러닝타임,극장 가기 전 두근거리는 마음까지가 러닝타임,2026-06,2026-06-23,15,Tuesday,False,24,6,positive,0.012413827101073124,0.008529176271682587,-0.0067897178088579535,-0.005640493450239038,0.009514366727980152,-0.01684173181581491,-0.01880806082512965,0.02715777987003365,-0.0064969475769211926,-0.011867933472564388
BVoM9q4jNqMP0,강은종,4.5,2026-06-23 05:53:57+00:00,,3,0,False,이왕 이렇게 된 거 평생 가자.,이왕 이렇게 된 거 평생 가자.,2026-06,2026-06-23,14,Tuesday,False,17,6,positive,0.013519958678918222,-0.013091039048715138,-0.015192342587306097,-0.0058484566261712626,-0.019516339858145573,0.007036107243568597,-0.0322381393444403,0.007992352068448958,-0.0040509101546008916,-0.025572067118826813
OAxM71P5rZEbm,박씨,5.0,2026-06-22 16:05:40+00:00,,3,0,False,"좋았다. 장난감이 아니라 내 얘기 같아서.  끝이 두렵고 다시 속상한 상황을 마주하는 것이 두려워서 우겨대던 모습의 제시가 어느날의 나같다.  끝이 없는 무한한 미래를 그리는것 보다 한시절 속에서 내가 누군가에게, 누군가가 나에게 의미있고 소중했다면 그것으로 충분한 것임을 인정하는 모습이 멋졌다.  부모만큼이나 누군가를 위하며, 한 사람의 행복을 최우선으로 행동하는 장난감들의 모습에 뭉클하면서  나에게도 저런 존재가 있나, 나는 누구에게 저런 커다란 지지자가 되어준 적이 있다 돌아보기도 하고  그 지지하는 과정속에서  성장의 한페이지에 내가 있었다면 그걸로 충분하다며  나의 쓸모와 나의 인정에서 너의 행복이 더 우선시해지는 장난감들의 태도와 성장이, 1편 부터 애정을 가득 담고 봐온 나한테는 너무 크고 멋진 성장처럼 다가왔다.  20년도 넘는 시간동안 함께 성장한 우디 버즈 제시 그리고 많은 친구들이 대견하기도 하고 외형은 그대로인 모습이 애틋하기도 했다.  보면서 영화에 대해 뭉클하기도 했는데  20년의 시간이 지난동안 수많은 장난감을 방구석에 처박고 잊어버리는 어른으로 자라난 내가 새삼스럽게 더 어른이 된 것 처럼 느껴져서. 세월이 야속하고 애틋해서 눈물이 났다.  너무 재밌었다.  토이스토리는 언제까지나 내 마음속 일등영화~",좋았다. 장난감이 아니라 내 얘기 같아서. 끝이 두렵고 다시 속상한 상황을 마주하는 것이 두려워서 우겨대던 모습의 제시가 어느날의 나같다. 끝이 없는 무한한 미래를 그리는것 보다 한시절 속에서 내가 누군가에게 누군가가 나에게 의미있고 소중했다면 그것으로 충분한 것임을 인정하는 모습이 멋졌다. 부모만큼이나 누군가를 위하며 한 사람의 행복을 최우선으로 행동하는 장난감들의 모습에 뭉클하면서 나에게도 저런 존재가 있나 나는 누구에게 저런 커다란 지지자가 되어준 적이 있다 돌아보기도 하고 그 지지하는 과정속에서 성장의 한페이지에 내가 있었다면 그걸로 충분하다며 나의 쓸모와 나의 인정에서 너의 행복이 더 우선시해지는 장난감들의 태도와 성장이 1편 부터 애정을 가득 담고 봐온 나한테는 너무 크고 멋진 성장처럼 다가왔다. 20년도 넘는 시간동안 함께 성장한 우디 버즈 제시 그리고 많은 친구들이 대견하기도 하고 외형은 그대로인 모습이 애틋하기도 했다. 보면서 영화에 대해 뭉클하기도 했는데 20년의 시간이 지난동안 수많은 장난감을 방구석에 처박고 잊어버리는 어른으로 자라난 내가 새삼스럽게 더 어른이 된 것 처럼 느껴져서. 세월이 야속하고 애틋해서 눈물이 났다. 너무 재밌었다. 토이스토리는 언제까지나 내 마음속 일등영화,2026-06,2026-06-23,1,Tuesday,False,624,149,positive,0.2064907622883221,-0.18626984881274558,0.0372057295103516,-0.07904352776662014,-0.11229120194767055,-0.0818356557256342,0.12358855831965197,0.014121566046321516,-0.055142853711121854,-0.06084359310794564
W4zQrODvGOEw1,건재나,2.0,2026-06-22 14:39:25+00:00,,3,2,False,어느 부분에서 감동해야할지 모르겠어요,어느 부분에서 감동해야할지 모르겠어요,2026-06,2026-06-22,23,Monday,False,20,4,negative,0.02320148268328595,-0.010943610329857675,-0.006320353901764317,-0.0022859662959724843,-0.037012915436655656,-0.001445403560490977,0.01143444324290955,0.014193541799202555,-0.014769348824723876,-0.029452929781580664
bW3Qk7GvJ9Q9p,수달달,3.5,2026-06-22 13:57:54+00:00,,3,0,False,"때로는 아무것도 아닌 낡고 바랜 사물이, 사람이 주지 못했던 대단한 위로를 줄 때가 있다.",때로는 아무것도 아닌 낡고 바랜 사물이 사람이 주지 못했던 대단한 위로를 줄 때가 있다.,2026-06,2026-06-22,22,Monday,False,49,14,positive,0.062243591353748726,-0.03490152753862312,-0.021739143345833857,-0.0194940136600511,-0.030109119815625626,-0.08382995916491023,-0.08741441161875767,0.06010857722662093,-0.02032995666724234,-0.045627782298387556
j7kQzkzvwVEl4,윤준서,2.5,2026-06-22 13:21:34+00:00,,3,3,False,내가 너무 커버린걸까…. 일단 내 애착인형 겨울이 안고 자긴 할게,내가 너무 커버린걸까 . 일단 내 애착인형 겨울이 안고 자긴 할게,2026-06,2026-06-22,22,Monday,False,36,11,negative,0.011502711601065514,-0.0028455945818660986,-3.6037370421483574e-05,-0.0005311905036613719,-0.0038307412784259138,-0.0061192803275099215,-0.0025554093524151012,-0.009677194290898573,-0.004050424900286973,-0.005514032133916392
7JVEoXVnWK29y,유나Na,3.0,2026-06-22 11:05:16+00:00,,3,0,False,생각보다 엄청 재미있지는 않았음 리뷰 보면 펑펑 울었다는 내용이 있어서 기대하고 봤는데 그정도는 아닌듯…  그래도 친구 관계에 대한거는 좀 공감이 가긴했다 나도 한 때는 주류에 속하려고 나를 바꾸려고 노력했었는데 어차피 안된다는걸 깨달았음… 걍 끼리끼리 인생이 제일 좋다는 것을 깨닫고 인생이 편해졌다,생각보다 엄청 재미있지는 않았음 리뷰 보면 펑펑 울었다는 내용이 있어서 기대하고 봤는데 그정도는 아닌듯 그래도 친구 관계에 대한거는 좀 공감이 가긴했다 나도 한 때는 주류에 속하려고 나를 바꾸려고 노력했었는데 어차피 안된다는걸 깨달았음 걍 끼리끼리 인생이 제일 좋다는 것을 깨닫고 인생이 편해졌다,2026-06,2026-06-22,20,Monday,False,165,41,neutral,0.11292232538980117,-0.08221162754232339,0.004243822276002706,0.027497573996590446,-0.01660152967936106,-0.16774818194689395,0.02871166230375059,0.030544227288390957,-0.07197297711466916,0.12826739923502148
BglQaab0OBQX0,미소,5.0,2026-06-22 07:29:48+00:00,,3,1,False,"토이 스토리는 영원하다, 파트너!",토이 스토리는 영원하다 파트너!,2026-06,2026-06-22,16,Monday,False,17,4,positive,0.17747225362855987,0.16626594348949822,-0.007152931203410061,-0.02613700396641594,-0.014294084043113761,0.009991231611112695,0.08820178082658993,-0.005290615429699605,-0.02612864191616806,-0.015245543751775935
XpeMJGNg8VQJn,손혁,2.0,2026-06-22 04:09:09+00:00,,3,0,True,"우디의 존재는 이번 작품에서 상징적 출현에 그쳤고, 웃음의 활력과 감동의 깊이는 사라졌다. 아이들에게 교훈적 메시지를 던지지만 결국 ‘성향이 맞는 친구를 찾으면 된다’는 단순한 해결책은 감동과 의미를 주기엔 부족하다.",우디의 존재는 이번 작품에서 상징적 출현에 그쳤고 웃음의 활력과 감동의 깊이는 사라졌다. 아이들에게 교훈적 메시지를 던지지만 결국 성향이 맞는 친구를 찾으면 된다 는 단순한 해결책은 감동과 의미를 주기엔 부족하다.,2026-06,2026-06-22,13,Monday,False,119,29,negative,0.08290173617957937,-0.04272802055005545,-0.01903141612464486,-0.013680850144390567,-0.03799907271358502,-0.011760430965698615,-0.013373330665265373,-0.054041108402079915,-0.023284736411976335,-0.007195095442463786
6aLMP8NkbrMOw,김진우,4.0,2026-06-22 02:22:59+00:00,,3,0,False,"⭐ 별점｜ ★★★★ (4/5) 🎬 한 줄 평｜완결된 명작 대신 살아남는 길을 택한, 가장 영리한 5편. 👍 GOOD｜'핸드폰 좀 그만 봐' 설교로 빠지지 않고, 태블릿 시대를 화합과 공존으로 풀어낸 영리함. ⚠ CAUTION｜깔끔한 마침표를 기대했다면, 다음 세대로 이어가는 열린 선택이 살짝 아쉬울 수 있음.  Watched at Megabox 경북도청 on 2026.6.21.  ​",별점 4 5 한 줄 평 완결된 명작 대신 살아남는 길을 택한 가장 영리한 5편. GOOD 핸드폰 좀 그만 봐 설교로 빠지지 않고 태블릿 시대를 화합과 공존으로 풀어낸 영리함. CAUTION 깔끔한 마침표를 기대했다면 다음 세대로 이어가는 열린 선택이 살짝 아쉬울 수 있음. Watched at Megabox 경북도청 on 2026.6.21.,2026-06,2026-06-22,11,Monday,False,190,48,positive,0.0535135408488676,-0.013902585797926591,-0.02099022931863767,-0.009135487903659131,-0.004116452294699296,0.0009972934480698649,-0.005479045068158513,-0.034854210750138725,-0.0025890846193607196,-0.02429224467372611
boY2lY8wNPMWO,자유로운소년,4.0,2026-06-22 01:33:01+00:00,2026-06-20 15:00:00+00:00,3,0,False,4보다 나았던 5 그리고 전자기기들도 결국은 자신의 주인을 행복하게 하는 것이 존재의 이유라고 장난감과 같은 입장이라는 것을 보여주면서 여러가지 생각을 가지게 했던 점이 좋았음. 그리고 제시의 이야기도 좋아서 후반부에는 울컥하게 만드는 장면이 있었고 마음에 들어서 재밌게 잘 봤습니다. 마음같아서는 토이스토리 시리즈가 계속 이어졌으면 좋겠다라는 생각이 나이가 들어갈수록 짙어져서 오래도록 이어졌으면 좋겠다 라는 생각이 들게끔 한 영화.,4보다 나았던 5 그리고 전자기기들도 결국은 자신의 주인을 행복하게 하는 것이 존재의 이유라고 장난감과 같은 입장이라는 것을 보여주면서 여러가지 생각을 가지게 했던 점이 좋았음. 그리고 제시의 이야기도 좋아서 후반부에는 울컥하게 만드는 장면이 있었고 마음에 들어서 재밌게 잘 봤습니다. 마음같아서는 토이스토리 시리즈가 계속 이어졌으면 좋겠다라는 생각이 나이가 들어갈수록 짙어져서 오래도록 이어졌으면 좋겠다 라는 생각이 들게끔 한 영화.,2026-06,2026-06-22,10,Monday,False,243,56,positive,0.14803291086886483,-0.11501586532131022,0.039168419322641396,0.10929309987371796,-0.008300527336981039,-0.032348292904311224,-0.07568314336484332,-0.11426693386579613,0.038167457191060516,-0.038817374183335085
ZGYMGGA1aoMr8,미미밈르,3.5,2026-06-21 14:55:38+00:00,,3,0,False,앤디처럼 보니도 언젠가는 장난감들을 손에서 놓는 순간이 오겠지,앤디처럼 보니도 언젠가는 장난감들을 손에서 놓는 순간이 오겠지,2026-06,2026-06-21,23,Sunday,True,34,8,positive,0.01602685855005909,-0.015933920522687186,-0.008267107320854086,0.002348840493810353,-0.017106215752500254,-0.013315240834984792,-0.01237527446211117,-0.019404346981831806,0.00787649125504741,0.004118108438863315
droQ0YnyoAEyN,함니,5.0,2026-06-21 13:08:54+00:00,,3,0,False,"나는 이 시리즈를 엄청 많이 사랑했고, 더 사랑할거야😌",나는 이 시리즈를 엄청 많이 사랑했고 더 사랑할거야,2026-06,2026-06-21,22,Sunday,True,28,8,positive,0.05065161316994479,-0.0066214180427430006,0.003484628281893513,0.007533548479326372,-0.0011573698669020839,-0.04568946214020514,-0.0578640818107362,-0.011605139198297436,-0.07778133666450592,-0.05254860233678536
ZGYMGGArqpMr8,권샤방,3.0,2026-06-21 12:07:05+00:00,,3,0,False,웃기다 그런데 뭔가 슬프다. 소재고갈이고 옛날시류 그대로인듯. 어른을 위한 동화가 되가는듯.,웃기다 그런데 뭔가 슬프다. 소재고갈이고 옛날시류 그대로인듯. 어른을 위한 동화가 되가는듯.,2026-06,2026-06-21,21,Sunday,True,51,11,neutral,0.038456485574653254,-0.01581822576203228,0.033591875144459445,-0.03494306941253927,-0.03530848688740329,-0.031860970541500146,-0.046156391074108204,-0.015667455932773616,-0.03391294938163463,0.03359571104293228
PkvE6Dlx7jMpg,로건,4.5,2026-06-21 11:40:22+00:00,,3,0,False,"사랑보단 증오가 편이한 세상에서, 반목 대신 포용을.",사랑보단 증오가 편이한 세상에서 반목 대신 포용을.,2026-06,2026-06-21,20,Sunday,True,28,7,positive,0.02413212529444731,-0.008844001898393277,-0.017935837108945394,-0.005298513033296488,-0.004560456822273498,0.017222554194776234,-0.019487578507302997,-0.020699700376163685,0.007345709700340191,-0.03575214673987279
W4zQrODmwDEw1,푸른기린,4.0,2026-06-21 11:36:38+00:00,2026-06-20 15:00:00+00:00,3,0,False,💻 장난감의 삶도 기술의 발전에 적응해나가는 우리와 같을지도 🐎 친구 만들기는 언제나 어렵지만 넌 할 수 있어라고 말해주는 소중한 장난감 친구들,장난감의 삶도 기술의 발전에 적응해나가는 우리와 같을지도 친구 만들기는 언제나 어렵지만 넌 할 수 있어라고 말해주는 소중한 장난감 친구들,2026-06,2026-06-21,20,Sunday,True,76,19,positive,0.11154647819459847,-0.13366054293884977,-0.11927885433675209,-0.04862083186547169,0.12138134237407117,0.04208596393695866,0.19459051046120718,-0.022121904855955245,0.1225083533371343,-0.11413343889946209
3WB2qoZJdDQpj,HKK,4.0,2026-06-21 10:59:02+00:00,,3,0,False,"#101  우정이란 유희와 연대라는 사실과 어린 시절의 기억들을 결코 잊지 말 것을 편리와 고립의 시대에 태어난 아이들에게 충고한다. 소위 '요즘 미국 감수성'에 맞춰 슬랩스틱이 과해진 점이 아쉽지만, 제시가 에밀리와의 기억을 출토해내는 장면과 장난감들이 본연의 목적에 맞게 '가지고 놀아지는' 장면들은 그야말로 백미이다.",101 우정이란 유희와 연대라는 사실과 어린 시절의 기억들을 결코 잊지 말 것을 편리와 고립의 시대에 태어난 아이들에게 충고한다. 소위 요즘 미국 감수성 에 맞춰 슬랩스틱이 과해진 점이 아쉽지만 제시가 에밀리와의 기억을 출토해내는 장면과 장난감들이 본연의 목적에 맞게 가지고 놀아지는 장면들은 그야말로 백미이다.,2026-06,2026-06-21,19,Sunday,True,174,42,positive,0.1100111299614977,-0.0711324234917639,-0.014885622489690265,-0.005286787303940308,-0.06286201506249077,-0.032276776364508895,-0.0552281326282414,-0.05962614697076807,-0.08262212162871062,-0.04918510470025718
W4zQrODmpOEw1,inoji,4.0,2026-06-21 10:40:57+00:00,,3,0,False,장난감을 선물받은 기분을 매번 다시 느끼게하는 선물같은 시리즈.,장난감을 선물받은 기분을 매번 다시 느끼게하는 선물같은 시리즈.,2026-06,2026-06-21,19,Sunday,True,35,8,positive,0.10770575038592022,-0.07235586934876617,-0.06404890948439698,-0.0008464814042027768,-0.05199587323455735,-0.041919569412714144,-0.026532310698342085,-0.10598140779709278,0.09831530632787268,0.09140760243744084
PkvE6DlzXnMpg,마스커,3.5,2026-06-21 08:03:15+00:00,,3,0,False,이제는 애틋한 대체역사가 돼버렸어요.,이제는 애틋한 대체역사가 돼버렸어요.,2026-06,2026-06-21,17,Sunday,True,20,4,positive,0.05634171212438062,-0.029547496089096147,0.003992082298508106,-0.012654614736971442,0.01668522933003379,-0.05978762924920418,-0.03467641961737943,-0.20083560942717535,0.12121559823232284,-0.02272513500491482
xplMdbZrgoE4o,박정모,3.0,2026-06-21 04:49:06+00:00,,3,0,False,놀이와 게임은 다르다. 정곡을 찌르는 현재의 상황. 그런데 거기까지.,놀이와 게임은 다르다. 정곡을 찌르는 현재의 상황. 그런데 거기까지.,2026-06,2026-06-21,13,Sunday,True,38,9,neutral,0.016169113733534152,-0.006201560821755919,-0.000435629543846515,-0.005650871209880218,-0.013728035887948874,-0.016032474188452904,-0.020480228657978345,-0.006408891332226475,-0.004117811152305646,0.006596386503846911
NXnE5ZYK3A2zG,최현진,2.5,2026-06-21 02:17:23+00:00,2026-06-19 15:00:00+00:00,3,0,False,"그럼에도 나올 만한 가치가 있었던 4편과 달리, 다시금 ‘트릴로지로 끝났으면 어땠을까’ 하는 의미 없는 아쉬움만을 유발하는 사족.",그럼에도 나올 만한 가치가 있었던 4편과 달리 다시금 트릴로지로 끝났으면 어땠을까 하는 의미 없는 아쉬움만을 유발하는 사족.,2026-06,2026-06-21,11,Sunday,True,69,17,negative,0.07655837253689063,-0.04132618925578222,-0.011741047194429524,-0.014368042286017565,-0.04234781550050761,-0.033543292294915546,-0.03991567242632205,-0.02199706751978332,0.0036985951220340923,-0.0034270584124562837
zD82XX4k1R253,신승오,3.5,2026-06-21 02:16:11+00:00,2026-06-20 15:00:00+00:00,3,0,False,우주사령부,우주사령부,2026-06,2026-06-21,11,Sunday,True,5,1,positive,0.0,0.0,0.0,0.0,0.0,0.0,0.0,0.0,0.0,0.0
boPQjo6Pl5EKL,on,3.0,2026-06-20 17:40:48+00:00,2026-06-19 15:00:00+00:00,3,0,False,버즈 차세계 닮았슨,버즈 차세계 닮았슨,2026-06,2026-06-21,2,Sunday,True,10,3,neutral,0.1351966496884562,-0.1598797068653213,0.7707863893442146,-0.3998211349421742,0.0862059644751897,0.03959258145530907,0.04255200022230993,0.05409616124953548,0.07515535983266983,0.06858181388965935
xplMdbZ5GNE4o,dinozzo,3.0,2026-06-20 14:43:20+00:00,,3,0,False,새로운 시도을 하고 시대적 흐름을 날카롭게 읽을 줄 알지만…,새로운 시도을 하고 시대적 흐름을 날카롭게 읽을 줄 알지만,2026-06,2026-06-20,23,Saturday,True,32,9,neutral,0.06602440544608056,-0.013064087843980858,-0.007964032211624991,-0.021296627614606906,0.012895858912503725,-0.03237648649425329,-0.021217581696188974,-0.02793165219084654,-0.019608926840673755,0.019835426125221448
nd3M3z98wK2Ng,JYH(ceps),4.5,2026-06-20 14:42:12+00:00,,3,0,False,3편이라는 가장 완벽했을 마무리 이후 4편을 지나 이제는 그냥 픽사가 계속 아이디어가 떠올라서 세계관을 이어가도 모른척 해줄거같다.,3편이라는 가장 완벽했을 마무리 이후 4편을 지나 이제는 그냥 픽사가 계속 아이디어가 떠올라서 세계관을 이어가도 모른척 해줄거같다.,2026-06,2026-06-20,23,Saturday,True,73,17,positive,0.07583843442455651,-0.035843012773047286,-0.007570931287641755,-0.02514484845668153,-0.015378809738163565,-0.013196822882839241,-0.0332674670916525,-0.1650883770736726,0.0498343466025421,0.014978649847388194
wlL2DomdPVEyZ,이짜요,4.0,2026-06-20 14:00:28+00:00,2026-06-19 15:00:00+00:00,3,0,False,"우디, 원형 탈모가 올 만큼 고생 많았구나.",우디 원형 탈모가 올 만큼 고생 많았구나.,2026-06,2026-06-20,23,Saturday,True,23,7,positive,0.027708122634527814,-0.023534310436597716,0.06226375518327046,-0.02604290589525211,0.002194053603432333,-0.009014708247609185,-0.00043303439319341934,-0.005291495849129828,0.0169538990859171,-0.015053680493350029
rdVMNLn1RJEql,김창석,3.5,2026-06-20 13:08:03+00:00,2026-06-18 15:00:00+00:00,3,0,False,시리즈의 완벽한 엔딩 물건너간 김에 계속 속편 내자. 이 사랑스러운 캐릭터들이라도 쭉 보게.,시리즈의 완벽한 엔딩 물건너간 김에 계속 속편 내자. 이 사랑스러운 캐릭터들이라도 쭉 보게.,2026-06,2026-06-20,22,Saturday,True,51,13,positive,0.054555447170689234,-0.027959576233666756,-0.00694916994717006,-0.006844011433046783,-0.006866811373638816,-0.0021025471591394227,-0.03388517995792381,-0.062468131328718444,0.006150050209801842,-0.0027245576729052054
bW3Qk7GeNDQ9p,향단,4.0,2026-06-20 12:10:59+00:00,,3,0,False,"한 편을 멋지게 리드하는 제시와 깜찍한 전자기기들 땜에 울고, 임성한 뺨치는 마지막 막장 스토리에 깔깔 웃었다",한 편을 멋지게 리드하는 제시와 깜찍한 전자기기들 땜에 울고 임성한 뺨치는 마지막 막장 스토리에 깔깔 웃었다,2026-06,2026-06-20,21,Saturday,True,60,16,positive,0.01040591718121895,-0.013698235339369272,-0.004760719988893441,-0.006271531904257826,-0.0016488004997858617,0.010729178558047187,-0.0044523152466502906,-0.002991446574389666,0.007097305413539212,-0.013729208400353575
xzaQAvqxJxEg5,귤뱀,2.5,2026-06-20 12:05:57+00:00,,3,0,False,"초중반은 그냥 시간채우기용 같았고 후반부만 봐도 될 거 같음ㅠ  후반부도 토이스토리라서 이만큼 공감갔던 거여서,, 아쉽지만,, 이제 그만해도 되지않을까",초중반은 그냥 시간채우기용 같았고 후반부만 봐도 될 거 같음 후반부도 토이스토리라서 이만큼 공감갔던 거여서 아쉽지만 이제 그만해도 되지않을까,2026-06,2026-06-20,21,Saturday,True,78,18,negative,0.04014162872105901,-0.03456529407569384,-0.018448171190617996,-0.017506732619247938,0.015316509445374915,-0.04863900968899351,-0.04815871503405479,-0.03496272719008918,-0.017468393306754707,-0.03445205770145122
WzO2g45XkRMXZ,이재헌,3.0,2026-06-19 16:39:39+00:00,,3,0,False,신선함보다 향수가 얼마나 강한지 체감됨,신선함보다 향수가 얼마나 강한지 체감됨,2026-06,2026-06-20,1,Saturday,True,21,5,neutral,0.016083161033966484,-0.02968953592133674,-0.004723399354292898,-0.023364453753284307,-0.0578307753526502,-0.04509881025786188,-0.02989335600247424,-0.053306237144567274,0.03350527322718561,0.04798691561308317
1Vl2bbgl9G2rR,Phosphorus,4.0,2026-06-19 14:44:58+00:00,,3,4,False,역시 친구는 놀줄아는놈이랑 해야됨,역시 친구는 놀줄아는놈이랑 해야됨,2026-06,2026-06-19,23,Friday,False,18,4,positive,0.02559817727163266,-0.036745241798988006,0.018862341094363078,0.07477527082312653,0.018799705071686545,0.026548751870947372,0.025020001373051465,0.0007597768244844573,-0.05642944326529576,-0.06558151086184502
6GWQ1BWOaNEJ5,이하진,4.5,2026-06-19 14:04:47+00:00,,3,0,False,최강 감동 최강 버즈!,최강 감동 최강 버즈!,2026-06,2026-06-19,23,Friday,False,12,4,positive,0.08867534004383476,-0.1072456290828627,0.5130703849607667,-0.26749210586700384,0.05835140871187677,0.020420622799312955,0.02359343313743378,0.037019214610472126,0.050880109145489266,0.04609640158460664
3kNEpeJdGb2Og,페이드아웃,3.0,2026-06-19 11:29:53+00:00,2026-06-18 15:00:00+00:00,3,0,False,"기대만큼 즐거운 모험은 아니었지만 세월이 지났음에도 여전한 정감이 남아있다는 걸 확인할 수 있었다. 과한 관념 같기도 하지만, 이리도 순진하게 동심을 믿는 영화들이 사라지지 않았으면 좋겠다. 놀이의 즐거움이 무시 받지 않는 세상이 되기를.",기대만큼 즐거운 모험은 아니었지만 세월이 지났음에도 여전한 정감이 남아있다는 걸 확인할 수 있었다. 과한 관념 같기도 하지만 이리도 순진하게 동심을 믿는 영화들이 사라지지 않았으면 좋겠다. 놀이의 즐거움이 무시 받지 않는 세상이 되기를.,2026-06,2026-06-19,20,Friday,False,132,32,neutral,0.05659247805383259,-0.06711124134697986,0.0015974046104710671,0.010611191278106575,-0.00605522115197694,-0.04335268380520308,0.009298153930467692,0.019639234261490345,-0.03645354124127931,-0.049627190018274946
BglQaabdkjQX0,주렁주렁,5.0,2026-06-19 08:29:09+00:00,2026-06-18 15:00:00+00:00,3,0,False,역시 실망을 저버리지 않는 토이스토리 이번에도 한건 함!!!  CGV용산아이파크몰 아이맥스,역시 실망을 저버리지 않는 토이스토리 이번에도 한건 함!!! CGV용산아이파크몰 아이맥스,2026-06,2026-06-19,17,Friday,False,49,10,positive,0.13476299195308458,-0.16218545787717048,0.15658338103587993,0.40238578382242174,0.09079111194154976,0.07922842510125705,-0.06337030400833894,0.02938834560238851,-0.11966806985846083,-0.0980097833821846
6PzQ44YV8dQqV,최안,4.5,2026-06-19 05:57:18+00:00,,3,1,False,"여전한 캐릭터들에 예상하지 못했던 새로운 스타일의 질감을 더하고, 얼렁뚱땅이 아닌 꼼꼼한 스토리로 캐릭터의 성장을 보여주며 우리에게 찾아왔다는 것 자체가 감동... 1,2편의 캐릭터들의 상처를 스스로 받아들이게 될 때의 슬픔은 말로 다 할 수 없다...",여전한 캐릭터들에 예상하지 못했던 새로운 스타일의 질감을 더하고 얼렁뚱땅이 아닌 꼼꼼한 스토리로 캐릭터의 성장을 보여주며 우리에게 찾아왔다는 것 자체가 감동... 1 2편의 캐릭터들의 상처를 스스로 받아들이게 될 때의 슬픔은 말로 다 할 수 없다...,2026-06,2026-06-19,14,Friday,False,140,34,positive,0.08981719338964259,-0.042227425514541325,0.017298658483920953,-0.015158920256164377,0.036909673473816684,-0.05692264190033714,-0.06600150240267472,0.007415463620707915,-0.006481268486190388,0.016413545972213447
wlL2DomL7kEyZ,Jh,2.5,2026-06-18 23:31:34+00:00,,3,0,False,안전하고 가벼운 길을 선택한 탓에 울림을 주지 못한다.,안전하고 가벼운 길을 선택한 탓에 울림을 주지 못한다.,2026-06,2026-06-19,8,Friday,False,30,8,negative,0.01888692311664361,-0.014338754252240585,-0.003832940099230575,8.207854983635599e-05,-0.009950178470035053,-0.026226239133363152,0.004850589161978629,0.013301060513822398,0.0032562829837353823,-0.020489100857058545
zD82XX4jPk253,GS,3.0,2026-06-18 15:09:52+00:00,2026-06-17 15:00:00+00:00,3,0,True,"토이 스토리 시리즈의 전통적인 매력은 무엇일까. 살아 움직이지만 인간에게 그 모습을 보여서는 안 된다는 태생적 한계를 바탕으로 장난감과 인간이 관계 맺는 일. 몰래 인간을 이용하거나 인간 때문에 계획이 꼬이는 일. 인간의 문제를 극복하기 위한 장난감들의 협력을 특유의 애니메이션적 상상력으로 표현하는 일에 있을 것이다.  이런 관점에서 <토이 스토리 5>는 여전히(더 단순한 방식으로) 인간과의 서사를 얘기하면서도 정작 인간에 의한 제약은 거의 다루지 않는 이상한 후속편이다. <토이 스토리 4>에서 장난감이라는 정체성을 넘어서는 것은 인간에 의해서만 규정되지 않는 존재에 대한 긍정이었지, 인간 세계의 제약으로부터 완전히 벗어난 삶이 아니었다. 하지만 <토이 스토리 5>는 이 둘 자체를 혼동한 듯 장난감도, 장난감이 아닌 존재도 선택하지 못한 채 헤맨다.  한 노부부에 의해 우편함에 갇힌 제시가, 아무 일도 아니라는 듯 그냥 발로 차서 손쉽게 빠져나오는 장면이 그 대표적인 예시다.",토이 스토리 시리즈의 전통적인 매력은 무엇일까. 살아 움직이지만 인간에게 그 모습을 보여서는 안 된다는 태생적 한계를 바탕으로 장난감과 인간이 관계 맺는 일. 몰래 인간을 이용하거나 인간 때문에 계획이 꼬이는 일. 인간의 문제를 극복하기 위한 장난감들의 협력을 특유의 애니메이션적 상상력으로 표현하는 일에 있을 것이다. 이런 관점에서 토이 스토리 5 는 여전히 더 단순한 방식으로 인간과의 서사를 얘기하면서도 정작 인간에 의한 제약은 거의 다루지 않는 이상한 후속편이다. 토이 스토리 4 에서 장난감이라는 정체성을 넘어서는 것은 인간에 의해서만 규정되지 않는 존재에 대한 긍정이었지 인간 세계의 제약으로부터 완전히 벗어난 삶이 아니었다. 하지만 토이 스토리 5 는 이 둘 자체를 혼동한 듯 장난감도 장난감이 아닌 존재도 선택하지 못한 채 헤맨다. 한 노부부에 의해 우편함에 갇힌 제시가 아무 일도 아니라는 듯 그냥 발로 차서 손쉽게 빠져나오는 장면이 그 대표적인 예시다.,2026-06,2026-06-19,0,Friday,False,487,124,neutral,0.4406168475084881,0.3031410915775431,-0.0046327118500576435,-0.018362280217041227,0.0005605448260144131,-0.028306589002595244,-0.022569240206684438,0.04462025196439836,-0.04861966725246984,-0.007121454482686973
gwVQxnGjBY2B0,장근욱,2.0,2026-06-18 14:45:27+00:00,,3,0,False,"<끝난 시대의 이야기를 부여잡고 삐걱삐걱 나대는 장난감들>  30년 된 시리즈 그리고 장난감들을 살려 내기 위해 급하게 쥐어짜낸 듯한 설정들의 지루한 나열.. 정해진 결론을 내기 위해서인 듯, 어떻게든 이야기를 이어가려다 보니, 장면 장면마다 계속해서 장황한 설명이 늘어붙는다.  긴 상영시간 내내 옛 정을 생각해서 참고 봐주는 기분. 찬란한 영광을 뽐냈던 그때의 토이스토리 라기보다는 비슷한 시기 학교의 애국조회 때 교장선생님 훈화 말씀에 가까웠다. 이제는 ’올드맨‘인 어른들이 옛날에 재밌게 장난감 가지고 놀던 추억과 감동을 2020년대 아이들에게 강제로 떠먹이는 꼴이랄까.  꾸역꾸역 위태위태 이어지는 이야기 도중에 발전된 그래픽 기술들이 그래도 시리즈의 체면은 살려준 느낌이다. 3D 애니메이션으로 거꾸로 색칠 동화책 화풍을 재현하는 부분의 연출은 꽤 좋았다. 다만 굳이 우디의 벗겨진 탈모 머리가 번쩍거리게 하는 등 장면들은 빛 표현 같은 신기술을 자랑하겠다는 그 속내가 보이는 것 같아 짜쳤다.  그리고 픽사가 정치적 올바름, PC를 가지고 노는 능력만큼은 도를 텄나 보다. 여성의 주체성과 이민자의 연대를 담아내겠다는 의도 자체는 역시 노골적이지만, 다행히도 억지 교훈의 거부감은 없이 극에 자연스레 녹아든다.",끝난 시대의 이야기를 부여잡고 삐걱삐걱 나대는 장난감들 30년 된 시리즈 그리고 장난감들을 살려 내기 위해 급하게 쥐어짜낸 듯한 설정들의 지루한 나열.. 정해진 결론을 내기 위해서인 듯 어떻게든 이야기를 이어가려다 보니 장면 장면마다 계속해서 장황한 설명이 늘어붙는다. 긴 상영시간 내내 옛 정을 생각해서 참고 봐주는 기분. 찬란한 영광을 뽐냈던 그때의 토이스토리 라기보다는 비슷한 시기 학교의 애국조회 때 교장선생님 훈화 말씀에 가까웠다. 이제는 올드맨 인 어른들이 옛날에 재밌게 장난감 가지고 놀던 추억과 감동을 2020년대 아이들에게 강제로 떠먹이는 꼴이랄까. 꾸역꾸역 위태위태 이어지는 이야기 도중에 발전된 그래픽 기술들이 그래도 시리즈의 체면은 살려준 느낌이다. 3D 애니메이션으로 거꾸로 색칠 동화책 화풍을 재현하는 부분의 연출은 꽤 좋았다. 다만 굳이 우디의 벗겨진 탈모 머리가 번쩍거리게 하는 등 장면들은 빛 표현 같은 신기술을 자랑하겠다는 그 속내가 보이는 것 같아 짜쳤다. 그리고 픽사가 정치적 올바름 PC를 가지고 노는 능력만큼은 도를 텄나 보다. 여성의 주체성과 이민자의 연대를 담아내겠다는 의도 자체는 역시 노골적이지만 다행히도 억지 교훈의 거부감은 없이 극에 자연스레 녹아든다.,2026-06,2026-06-18,23,Thursday,False,617,149,negative,0.19373123647040985,-0.12813182711149093,0.00437585858643232,0.06187540319851312,0.029745789174557568,-0.014736955952024273,-0.08212834363021199,-0.11252791014761111,-0.005080542561671483,-0.055594265285477146
wlL2DomjRmEyZ,Meltingbrain,3.5,2026-06-18 12:37:31+00:00,2026-06-16 15:00:00+00:00,3,0,False,장난감이 인형이든 전자기기든 자연스레 잊게 되지만 충만했던 마음은 몸이 커져도 영원히 남는다.  CGV 용산,장난감이 인형이든 전자기기든 자연스레 잊게 되지만 충만했던 마음은 몸이 커져도 영원히 남는다. CGV 용산,2026-06,2026-06-18,21,Thursday,False,59,14,positive,0.09290184253997556,-9.644518396313066e-05,-0.03771165317728691,0.034630783824210476,-0.028566253410863832,-0.059621131194160605,-0.015518852016432792,0.3383145480836537,0.20735397815001744,-0.028148716450021045
ZGYMGGAzlwMr8,김냐냥,3.5,2026-06-18 10:14:25+00:00,2026-06-17 15:00:00+00:00,3,0,False,???:울어!!!!  나 : 네!!!!,??? 울어!!!! 나 네!!!!,2026-06,2026-06-18,19,Thursday,False,18,4,positive,0.0,0.0,0.0,0.0,0.0,0.0,0.0,0.0,0.0,0.0
kpeQKvNoveMYN,정웅기,4.0,2026-06-18 06:45:03+00:00,,3,0,False,결국 우리는 모두 장난감이었던 거야.,결국 우리는 모두 장난감이었던 거야.,2026-06,2026-06-18,15,Thursday,False,20,5,positive,0.09943039897785964,-0.1007715856927365,-0.03895300786197458,-0.03419163792424792,-0.017060125373504428,0.09411255298575114,-0.00679677763021478,0.022725587578071794,-0.06139819790849162,0.014992230062266663
bW3Qk7GGKoQ9p,승!,4.5,2026-06-18 05:11:55+00:00,,3,5,False,알지 가족이라 어쩔 수 없는 그런 거.,알지 가족이라 어쩔 수 없는 그런 거.,2026-06,2026-06-18,14,Thursday,False,21,7,positive,0.05758045929716797,-0.005765963941689038,-0.01548273153246034,0.0020612459720521776,-0.03758168705322874,-0.036792089210075665,0.0063475445985920285,-0.01680277015933547,0.0055297755834606355,-0.004276777172098033
zD82XX4474253,밖에비온다,3.0,2026-06-18 04:03:05+00:00,,3,0,False,"아이들에게는 성장을, 어른들에게는 동심을.",아이들에게는 성장을 어른들에게는 동심을.,2026-06,2026-06-18,13,Thursday,False,22,4,neutral,0.03674429742700099,-0.05639486224591225,0.022442354560922088,0.009896543949198896,0.0007554926315410963,-0.04407294020075063,0.03792639069364462,-0.0035019435772802275,-0.04790224226636976,0.013810269039971181
boY2lY88L6MWO,김예또,4.5,2026-06-17 22:59:16+00:00,,3,0,False,모든 장난감들은 주인을 너무나도 사랑한다. 전자기기도 예외없다.,모든 장난감들은 주인을 너무나도 사랑한다. 전자기기도 예외없다.,2026-06,2026-06-18,7,Thursday,False,35,7,positive,0.04218942950813267,-0.04464854739622622,-0.04061661302906846,-0.0113374323923999,0.039956802589592846,-0.0037868808617740404,-0.016264352927931464,-0.034350707729081026,0.011247281336659512,0.027203142761729898
mkPMneAA0p2wq,gov88,5.0,2026-06-17 19:58:17+00:00,2026-06-16 15:00:00+00:00,3,0,False,연속5편을 짜치지않게 만드는것은 정말 대단하며  제작진들이  인류를 대하는 마음이 따뜻하다,연속5편을 짜치지않게 만드는것은 정말 대단하며 제작진들이 인류를 대하는 마음이 따뜻하다,2026-06,2026-06-18,4,Thursday,False,48,10,positive,0.022122134939529255,-0.023543810884159185,-0.012208351397411124,0.004908781370872031,-0.020058732967345536,-0.0066222040259777196,-0.014561296847708769,-0.025478095590388706,0.01674110156137004,0.031329408081384943
zD82XX49Pk253,8&,4.0,2026-06-17 17:21:50+00:00,,3,1,False,"4는 따로 다시 보기도 안 했는데 5는 다시 볼 만하다 디지털에 대항한단 점에서 짱구 낙서 왕국 생각도 났고… 그런데 그것보다 더 현실성 있고 토이 스토리만의 어울리는 결론을 찾아낸 것 같아서 좋았다 그게 모두의 결론은 아니라고 할지라도 사실 토이 스토리 장난감들은 모두의 장난감이 아닌걸  4를 딛고 더 잘 나온 만큼 다음 시리즈도 기대하겠다고 말하고 싶은데 그래도 될까? 여기서 더 뽑아낼 수 있을까? 다음 시리즈가 나올 수는 있을까? 미스터 포테이토 분량이 생각보다 많아서 중간중간 뭉클할 수밖에 없었는데… 우디와 제시 성우의 목소리도 시간이 지났다는 게 느껴져서 슬펐기에……  어떤 이별은 내가 변한 게 아니라 그저 자라서, 시간이 지나서 찾아온다지만 여전히 내가 잠든 새벽에 장난감들이 파티를 열지도 모른다고 생각했던 시절을 기억한다 그렇기에 나는 토이 스토리와 영원하고 완전한 이별은 할 수 없을지도 모른다",4는 따로 다시 보기도 안 했는데 5는 다시 볼 만하다 디지털에 대항한단 점에서 짱구 낙서 왕국 생각도 났고 그런데 그것보다 더 현실성 있고 토이 스토리만의 어울리는 결론을 찾아낸 것 같아서 좋았다 그게 모두의 결론은 아니라고 할지라도 사실 토이 스토리 장난감들은 모두의 장난감이 아닌걸 4를 딛고 더 잘 나온 만큼 다음 시리즈도 기대하겠다고 말하고 싶은데 그래도 될까? 여기서 더 뽑아낼 수 있을까? 다음 시리즈가 나올 수는 있을까? 미스터 포테이토 분량이 생각보다 많아서 중간중간 뭉클할 수밖에 없었는데 우디와 제시 성우의 목소리도 시간이 지났다는 게 느껴져서 슬펐기에 어떤 이별은 내가 변한 게 아니라 그저 자라서 시간이 지나서 찾아온다지만 여전히 내가 잠든 새벽에 장난감들이 파티를 열지도 모른다고 생각했던 시절을 기억한다 그렇기에 나는 토이 스토리와 영원하고 완전한 이별은 할 수 없을지도 모른다,2026-06,2026-06-18,2,Thursday,False,450,117,positive,0.3004796804041186,0.04886154169104031,-0.056402320680453824,-0.03045843762307859,-0.04594931352643263,-0.07081223458787789,-0.019686412456015285,-0.0482637710737107,0.06963717152434232,0.03952006306414292
NXnE5ZYzL92zG,카쵸에페페,4.0,2026-06-17 15:53:11+00:00,,3,0,False,"안락한 완결성에 안주하기를 거부한 이 위대한 세계관은 자칫 난잡할 수 있는 수많은 테마를 영리하게 조율해 냅니다. 더불어 앞서 축적된 시리즈의 힘을 적극적으로 빌려와 본질적인 존재 가치를 스스로 입증합니다. ​특히 영화가 제시를 통해 성장과 이별을 풀어내는 방식은 정말 좋았습니다. 또 흥미로운 서브플롯이 메인 플롯과 이어질 때의 쾌감은 이 작품의 백미가 아닐까 싶습니다. ​개인적으로 4편은 완벽한 트릴로지의 흠으로 여겼습니다만, 5편이 그 오해를 완전히 풀고 저절로 6편을 기대하게 만드는 훌륭한 교두보가 되어 주었습니다.",안락한 완결성에 안주하기를 거부한 이 위대한 세계관은 자칫 난잡할 수 있는 수많은 테마를 영리하게 조율해 냅니다. 더불어 앞서 축적된 시리즈의 힘을 적극적으로 빌려와 본질적인 존재 가치를 스스로 입증합니다. 특히 영화가 제시를 통해 성장과 이별을 풀어내는 방식은 정말 좋았습니다. 또 흥미로운 서브플롯이 메인 플롯과 이어질 때의 쾌감은 이 작품의 백미가 아닐까 싶습니다. 개인적으로 4편은 완벽한 트릴로지의 흠으로 여겼습니다만 5편이 그 오해를 완전히 풀고 저절로 6편을 기대하게 만드는 훌륭한 교두보가 되어 주었습니다.,2026-06,2026-06-18,0,Thursday,False,291,70,positive,0.09526788478968329,-0.05009997674980677,-0.018855804553037998,-0.02697562161312803,-0.048879007716685116,-0.0038096702884115154,-0.04692971835340812,-0.023748726314567148,0.008703346233205789,-0.008494963479420723
lP0E85ynkP2bx,MOON,3.5,2026-06-17 15:41:19+00:00,,3,0,False,시대가 변하고 토이의 기준도 변하겠지만 어느 시대나 클래식은 영원하니까 걱정 말라구!! 올드 스쿨이여 영원하라!!!,시대가 변하고 토이의 기준도 변하겠지만 어느 시대나 클래식은 영원하니까 걱정 말라구!! 올드 스쿨이여 영원하라!!!,2026-06,2026-06-18,0,Thursday,False,64,14,positive,0.047656942676801366,-0.01303691892515338,-0.011235480146538137,-0.0017560010726698902,-0.06290214988069284,-0.025419193492070946,0.020656190886254082,0.04687874212253678,-0.01236554593834324,-0.13074292605299506
3kNEpeJbpd2Og,배성민,4.0,2026-06-17 14:44:55+00:00,,3,0,False,더 이상 옆에 있지 않아도 추억으로 함께하기에,더 이상 옆에 있지 않아도 추억으로 함께하기에,2026-06,2026-06-17,23,Wednesday,False,25,7,positive,0.02417371429846281,-0.02652563420275417,-0.024789707276804976,-0.013786934959559913,0.00036936569524279343,-0.005616891211856016,0.02157554773779756,-0.011038239787877081,0.002045690270924251,-0.028032281234648272
jxZQRxNXOd2bq,나가,3.5,2026-06-17 14:35:49+00:00,,3,0,False,어떻게 장난감의 사명을 이렇게 잘 알지? 픽사는 장난감이 되어봤나?,어떻게 장난감의 사명을 이렇게 잘 알지? 픽사는 장난감이 되어봤나?,2026-06,2026-06-17,23,Wednesday,False,37,9,positive,0.08011492075005008,-0.028027839162653355,-0.053883462972255505,-0.039780543927219914,0.0042992958504931575,-0.05842252202669702,-0.10345409078310022,0.14267332822239376,-0.017162021160716273,-0.10310006047073492
W4zQrODYw5Ew1,조한수,5.0,2026-06-17 14:28:52+00:00,,3,0,False,"유한하기에 아름답다 모든게 변한다. 함께 있을 때 행복했다면, 그 마음은 영원히 마음속에 머문다.  이별이 있어서 삶이 아름답다",유한하기에 아름답다 모든게 변한다. 함께 있을 때 행복했다면 그 마음은 영원히 마음속에 머문다. 이별이 있어서 삶이 아름답다,2026-06,2026-06-17,23,Wednesday,False,69,17,positive,0.06363745576796086,-0.02981426313983192,-0.01760925366514858,0.03983638966556293,-0.07447931336256253,-0.015047204161724769,0.05353728738713113,0.1655642275033393,0.12924338940505167,-0.03019198020471821
69oMvprYZ1Eal,천길,4.0,2026-06-17 14:28:25+00:00,,3,0,False,“누구의 잘못도 아니야. 그냥 어른이 되가고 있는거야” 근데 나는 어린이가 되가는 건가 장난감을 더 사고 있다. 내 나이 24살,누구의 잘못도 아니야. 그냥 어른이 되가고 있는거야 근데 나는 어린이가 되가는 건가 장난감을 더 사고 있다. 내 나이 24살,2026-06,2026-06-17,23,Wednesday,False,69,19,positive,0.08774522264915288,-0.09259924378872811,-0.05523659877226065,-0.04638660775974746,-0.1444439875785241,0.19005027277390746,-0.04475832614763989,0.030385915423890523,-0.017211788708428356,0.037228229598203134
xkPEmezLd7EK3,인생참쉽지않다,4.0,2026-06-17 14:17:55+00:00,,3,0,False,"어디 장난감 뿐이겠나, 서랍 한구석에서 꺼내지길 기다리는 것들이.",어디 장난감 뿐이겠나 서랍 한구석에서 꺼내지길 기다리는 것들이.,2026-06,2026-06-17,23,Wednesday,False,35,8,positive,0.05985931818835133,-0.04961082261494909,-0.0642151237880168,-0.04625738689003532,0.1873735301663307,0.05800399219829097,0.0968208980219414,-0.08038425860921086,0.10915770604741505,-0.12227289823004209
8kXQebDnvvEP6,비안,3.5,2026-06-17 14:16:42+00:00,,3,0,False,고민 많이 한 듯,고민 많이 한 듯,2026-06,2026-06-17,23,Wednesday,False,9,4,positive,0.0,0.0,0.0,0.0,0.0,0.0,0.0,0.0,0.0,0.0
zD82XX4ZwA253,영화 한 잔 A cup of film,4.0,2026-06-17 14:13:14+00:00,2026-06-16 15:00:00+00:00,3,0,False,시대가 변해도 항상 같은 마음으로 사랑해,시대가 변해도 항상 같은 마음으로 사랑해,2026-06,2026-06-17,23,Wednesday,False,22,6,positive,0.06472132300551008,-0.08332738126071002,-0.003595319702450239,0.03948913161346467,-0.04001822466262812,-0.0757268765622247,0.07835993632321588,0.11099808146689302,-0.0025328180931053585,-0.2204494608898862
xzaQAvqAb5Eg5,옌써,3.0,2026-06-17 14:10:00+00:00,2026-06-16 15:00:00+00:00,3,0,False,21세기 애들아 좀 봐라 폰그만해라 장난감이랑 놀아라,21세기 애들아 좀 봐라 폰그만해라 장난감이랑 놀아라,2026-06,2026-06-17,23,Wednesday,False,29,7,neutral,0.004154139168958428,-0.003430870685926429,-0.00806691861559726,-0.0011659907770981504,-0.00797486789795856,0.014261416982287582,-0.0037034485411088507,-0.010756198736472876,0.007587987919809003,-0.0006528934919637548
PkvE6DlJNzMpg,WATCHA,4.5,2026-06-17 13:50:27+00:00,,3,0,False,우디가 원톱 주연에서 물러난게 시간의 흐름 속에서 자연스러운 변화를 보여주는 것 같아서 너무 슬프고 감동적이었다.  버즈는 무한한 우주 저 너머로 가고 싶어하던 소망을 이룬것 같아 심장이 뭉클했다.  아쉬운 면도 다소 있었지만 토이스토리는 언제나 내 마음속에서 불멸의 존재로 남아있을 것이다.  내 영원한 주인공은 너야. 우디.,우디가 원톱 주연에서 물러난게 시간의 흐름 속에서 자연스러운 변화를 보여주는 것 같아서 너무 슬프고 감동적이었다. 버즈는 무한한 우주 저 너머로 가고 싶어하던 소망을 이룬것 같아 심장이 뭉클했다. 아쉬운 면도 다소 있었지만 토이스토리는 언제나 내 마음속에서 불멸의 존재로 남아있을 것이다. 내 영원한 주인공은 너야. 우디.,2026-06,2026-06-17,22,Wednesday,False,180,44,positive,0.09217635974584981,-0.09599645430547364,-0.033410035612409315,-0.025683383735550444,-0.07274690086711727,-0.027992414054182135,0.10530640416377744,0.04550635604727927,-0.0795163777004013,-0.00931667394626501
zD82XX4ZPx253,710km,4.0,2026-06-17 13:48:36+00:00,,3,0,False,토이스토리 3 이후로 안본다는 놈들이랑 상종 안함,토이스토리 3 이후로 안본다는 놈들이랑 상종 안함,2026-06,2026-06-17,22,Wednesday,False,27,7,positive,0.0854644990422305,-0.109037087653064,0.14779947564676624,0.3793821696041413,0.12269925667575202,0.07741125046856381,-0.06764623016437318,-0.005406213670790047,-0.027238195947948674,-0.009124141319742034
NXnE5ZYmy72zG,Wjiii,3.5,2026-06-17 13:44:58+00:00,2026-06-16 15:00:00+00:00,3,0,False,여전히 좋지만 여전히 사랑스럽고 여전히 함께하고 싶지만 기존 캐릭터들의 출연시간 부족과 새로운 캐릭터들의 흑화가 부족하게 느껴진다. 쉽게 쉽게 풀어낸 느낌.,여전히 좋지만 여전히 사랑스럽고 여전히 함께하고 싶지만 기존 캐릭터들의 출연시간 부족과 새로운 캐릭터들의 흑화가 부족하게 느껴진다. 쉽게 쉽게 풀어낸 느낌.,2026-06,2026-06-17,22,Wednesday,False,87,20,positive,0.13009167465776345,-0.046912266930625945,-0.10607764415220357,-0.11224178230889652,0.3022699923230257,0.011050247128110785,-0.12681443501766812,0.07361391336205095,-0.02617960252464826,0.13473619631090228
POkEwe6wGYMql,Celine,4.5,2026-06-17 13:35:08+00:00,2026-06-16 15:00:00+00:00,3,0,False,32.9살을 9살로 돌려주는 마법사들,32.9살을 9살로 돌려주는 마법사들,2026-06,2026-06-17,22,Wednesday,False,20,4,positive,0.0023483067160550205,-0.0025352852400432305,0.004473904048854257,-0.0038257665227715816,-0.008918472641093326,-0.004618222694405561,-0.006756256903787864,0.0001284511134741885,-0.009593844868105515,0.012094751252528473
jxZQRxNX032bq,이사슴,4.5,2026-06-17 13:16:06+00:00,2026-06-16 15:00:00+00:00,3,0,False,게임이 아니라 놀이야! 뭐가 다르냐고 하지만 분명히 달라  토이스토리2까지만 알고 5를 봤었는데 이렇게 감동 클 줄 몰랐다. (주먹울음) 장난감은 단순히 놀이용 그 이상의 의미가 있다. 적어도 나와 보니와 그레이스에게는. 나무 뒤에 제시가 놀던 곳 표시해놓은거 보고 가슴 찡했는데 그 머리방울 제시가 머리에 하고 갔더라ㅜ.ㅜ 제시 이 멋진 카우걸!!🤠 눈물 한 세번 흘린듯...ㅜㅜ 이런 감동을 전해주는 픽사 애니메이션 너무 좋다. 누구나 마음속에 장난감과의 동심이 있으니까 어린 시절의 나도 상상력을 더해서 미미와 켄과 치정극을 벌이곤 했으니까 ㅋㅋ 간만에 또 그렇게 놀고 싶다~,게임이 아니라 놀이야! 뭐가 다르냐고 하지만 분명히 달라 토이스토리2까지만 알고 5를 봤었는데 이렇게 감동 클 줄 몰랐다. 주먹울음 장난감은 단순히 놀이용 그 이상의 의미가 있다. 적어도 나와 보니와 그레이스에게는. 나무 뒤에 제시가 놀던 곳 표시해놓은거 보고 가슴 찡했는데 그 머리방울 제시가 머리에 하고 갔더라 . 제시 이 멋진 카우걸!! 눈물 한 세번 흘린듯... 이런 감동을 전해주는 픽사 애니메이션 너무 좋다. 누구나 마음속에 장난감과의 동심이 있으니까 어린 시절의 나도 상상력을 더해서 미미와 켄과 치정극을 벌이곤 했으니까 간만에 또 그렇게 놀고 싶다,2026-06,2026-06-17,22,Wednesday,False,314,80,positive,0.14066906276781946,-0.08952674670569265,0.018085152203773984,-0.02966019409489317,-0.0994328041241289,-0.06585209336843317,-0.035559394429095344,-0.01737144051709821,-0.012234542032491512,-0.09410266136542735
lP0E85yDOz2bx,슬기로운생활,4.0,2026-06-17 13:04:27+00:00,,3,1,False,세월을 정통으로 맞은 제시의 목소리만은 좀..,세월을 정통으로 맞은 제시의 목소리만은 좀..,2026-06,2026-06-17,22,Wednesday,False,25,6,positive,0.048796319255912414,-0.05486624298614799,-0.008735509546146495,-0.02756313749580317,0.06449727622748112,0.006956721562943205,0.03548711698146115,-0.09159384965100076,0.07384412924097469,-0.14972917811094502
3WB2qoZXybQpj,리도리,5.0,2026-06-17 12:25:30+00:00,,3,0,True,💚장난감 친구들아 사랑한다 🐸내가멋진어른이되어가는모습을영원히지켜봐줘아니야멋진장난감라이프를위해은은하게만떠올려줘그리고불스아이너는정말최고의말이야,장난감 친구들아 사랑한다 내가멋진어른이되어가는모습을영원히지켜봐줘아니야멋진장난감라이프를위해은은하게만떠올려줘그리고불스아이너는정말최고의말이야,2026-06,2026-06-17,21,Wednesday,False,75,4,positive,0.08444021007843679,-0.06284298868618551,-0.11280667292555033,-0.06530688332295079,0.3112089508734473,0.10084259933634414,0.16894880896804798,-0.12121417961863896,0.16185349396060997,-0.17335125141989477
boY2lY8xYlMWO,당신에게 영화란,3.5,2026-06-17 11:25:08+00:00,,3,0,False,늘 고맙다 픽사야 내 동심이 죽지 않았다는 걸 알려줘서,늘 고맙다 픽사야 내 동심이 죽지 않았다는 걸 알려줘서,2026-06,2026-06-17,20,Wednesday,False,30,9,positive,0.00781329140875351,-0.011410855436005368,-0.005983636081520697,-0.0009350275562501917,-0.014134568745559229,0.00038410762171176477,0.005287250645166077,0.005860944289063879,-0.009220609861333998,-0.01399062568259894
7JVEoXVYXj29y,동물원,3.5,2026-06-17 11:23:47+00:00,,3,1,False,그 시절을 함께했다는 것만으로도 서로의 존재의 이유는 충분하다는 걸,그 시절을 함께했다는 것만으로도 서로의 존재의 이유는 충분하다는 걸,2026-06,2026-06-17,20,Wednesday,False,37,9,positive,0.02812823818512167,-0.03624741220113357,-0.014907597979619297,-0.0032142698981427577,-0.02065295225050494,-0.016955681643050734,0.006297416938978003,-0.015148360855652566,-0.006909657404247755,0.003584219347073099
j7kQzkzDZdEl4,이인섭,4.0,2026-06-17 11:16:41+00:00,,3,0,False,Ai 시대에 왜 장난감이 필요한 이유에 대한 픽사의 대답,Ai 시대에 왜 장난감이 필요한 이유에 대한 픽사의 대답,2026-06,2026-06-17,20,Wednesday,False,31,9,positive,0.11856738696515289,-0.0011164934373959585,-0.03419776927392324,-0.0761605571124349,0.04303880904712741,-0.05963318514128246,-0.15136688889922828,0.13416266621806824,-0.10689831722654086,-0.0481988851790959
5yz2YVdDaPMWj,장성훈,3.0,2026-06-17 10:54:29+00:00,,3,0,False,아쉽지만 이 시리즈는 여기까지가 맞는 것 같다,아쉽지만 이 시리즈는 여기까지가 맞는 것 같다,2026-06,2026-06-17,19,Wednesday,False,25,7,neutral,0.07642944397925931,-0.0037515218384160578,-0.007820882429122728,-0.005187059295710691,-0.027777735066984596,-0.03387240300154031,-0.03996302752316688,-0.09326344195614557,-0.009688728342578955,0.014986612607873998
lP0E85yvgZ2bx,모물리코,4.0,2026-06-17 10:48:21+00:00,,3,0,False,"변해간 것들, 변하지 않길 바라는 것들, 끝내 변하지 않을 것들에게 동시에 건네는 안녕",변해간 것들 변하지 않길 바라는 것들 끝내 변하지 않을 것들에게 동시에 건네는 안녕,2026-06,2026-06-17,19,Wednesday,False,46,13,positive,0.0440103765773103,-0.0428147548050541,-0.03558097883678468,-0.019778746356303688,-0.04125066679109524,-0.023975998848696094,-0.004279647494841163,0.01623924439783905,0.0061080491941583985,-0.08777506409200354
boY2lY8476MWO,기록,3.0,2026-06-17 10:35:09+00:00,,3,0,False,전자기기 소재는 기발하다고 느꼈다. 근데 막 재밌다는 느낌은 안드네..,전자기기 소재는 기발하다고 느꼈다. 근데 막 재밌다는 느낌은 안드네..,2026-06,2026-06-17,19,Wednesday,False,39,9,neutral,0.027641940436937653,-0.004421502577263638,0.003056122811378917,-0.020752748677064614,-0.03742942609311546,0.016244407482028794,-0.0010404290405525438,-0.00515319285176757,-0.008392614945751367,-0.0007381801753407692
3kNEpeJ50y2Og,시네필호소인호소인,4.0,2026-06-17 10:27:31+00:00,,3,0,False,함께하지 못하게 되어도 소중했던 기억은 마음속에 계속 남는다,함께하지 못하게 되어도 소중했던 기억은 마음속에 계속 남는다,2026-06,2026-06-17,19,Wednesday,False,33,8,positive,0.030062225077934247,-0.027599500324487193,-0.00916878844591166,0.0004285213748767418,-0.021254138472639364,-0.00019332503209105046,0.0006639901008459384,-0.0010328082377259644,0.032897528517259106,-0.0037733908076718896
xplMdbZLWJE4o,피터,4.5,2026-06-17 10:06:14+00:00,2026-06-16 15:00:00+00:00,3,0,False,아직 토이스토리는 안죽은게 분명하다,아직 토이스토리는 안죽은게 분명하다,2026-06,2026-06-17,19,Wednesday,False,19,4,positive,0.03718309693215142,-0.05728813568824614,-0.03912161745440109,-0.0175645275256197,0.01607603259145393,-0.08826912314265309,0.07870604756714844,0.06170314890061645,-0.0837953111828942,-0.016350785922638646
P7kEWp9KoN2J9,JW,4.5,2026-06-17 09:56:48+00:00,,3,0,False,난 아직 네가 필요해,난 아직 네가 필요해,2026-06,2026-06-17,18,Wednesday,False,11,4,positive,0.021165492554272886,-0.022534480571943807,-0.026704415141725956,-0.02113034397819822,0.015097110269852828,-0.023032125101682267,0.007155287346141866,0.04384380332623759,-0.02374549833714712,-0.019029145037469525
NXnE5ZYvry2zG,체리밤,3.5,2026-06-17 09:53:00+00:00,,3,0,False,"내가 어린시절 가지고 놀던 장난감들이 생각났다. 그 아이들도 지금의 나를 보면 많이 컸다고, 잘 컸다고 해줄까? 궁금하네",내가 어린시절 가지고 놀던 장난감들이 생각났다. 그 아이들도 지금의 나를 보면 많이 컸다고 잘 컸다고 해줄까? 궁금하네,2026-06,2026-06-17,18,Wednesday,False,66,17,positive,0.0961095575094396,-0.1007469488058358,-0.0026126511149897613,0.04511857767647386,-0.0012290905417958386,-0.1461084091309729,0.09243134229014603,-0.04529474681042677,-0.09966861707189996,0.1667453181536335
mkPMneADJJ2wq,허쓰루머쓰루,4.0,2026-06-17 09:35:08+00:00,,3,0,True,에밀리 너 딸 이름으로 지을 정도로 제시를 사랑했으면서 엉엉,에밀리 너 딸 이름으로 지을 정도로 제시를 사랑했으면서 엉엉,2026-06,2026-06-17,18,Wednesday,False,33,9,positive,0.017050459960212087,-0.008489927831786308,0.0004968365918331177,-0.0012622658922977793,-0.017119296896950433,-0.0020319647504679797,-0.01479412616253973,0.011099198685487316,0.0011804000294200405,-0.01729727516736213
jxZQRxN9LN2bq,밤산책의 영화생각,3.0,2026-06-17 08:49:04+00:00,,3,0,False,우디의 머리만큼 세월이 지날수록 가치가 떨어질 수 밖에 없는...,우디의 머리만큼 세월이 지날수록 가치가 떨어질 수 밖에 없는...,2026-06,2026-06-17,17,Wednesday,False,36,9,neutral,0.06329083341287388,-0.03228545352315316,-0.015606222711725785,-2.282697143056998e-05,-0.04420987197812758,-0.052664996564685276,0.012175702190864652,-0.036696848245780816,-0.0029981216048066174,-0.05595106393303291
3kNEpeJ5gB2Og,수정,4.0,2026-06-17 08:13:18+00:00,,3,0,False,"변화하는 시대 속에서 추억과 동심을 찾아주는 고마운 영화. 토이스토리 싫다는 사람하고는 친구 못하겠다 영화 곳곳에 모든 곳에 인간을 사랑하는 마음이 덕지 덕지 붙어서 흘러내리고 있걸랑… 여유를 잃었을 때, 인류애 상실했을 때 꺼내볼 최고의 처방약과 같아… ✨✨✨✨✨  이번 시즌 내 최애 캐릭터 : 🧻🧻🧻💩",변화하는 시대 속에서 추억과 동심을 찾아주는 고마운 영화. 토이스토리 싫다는 사람하고는 친구 못하겠다 영화 곳곳에 모든 곳에 인간을 사랑하는 마음이 덕지 덕지 붙어서 흘러내리고 있걸랑 여유를 잃었을 때 인류애 상실했을 때 꺼내볼 최고의 처방약과 같아 이번 시즌 내 최애 캐릭터,2026-06,2026-06-17,17,Wednesday,False,154,40,positive,0.12655581045020892,-0.12317123055508185,0.03634089550784956,0.13581073489305695,0.03137993414509461,-0.028351666491917744,-0.0384393544579164,0.0003559873622326167,-0.01980923382757214,0.026821429827882177
1Vl2bbgLq12rR,카야라반투,3.0,2026-06-17 07:49:00+00:00,,3,0,False,제시 목소리가 너무 쉬었어요,제시 목소리가 너무 쉬었어요,2026-06,2026-06-17,16,Wednesday,False,15,4,neutral,0.059101002210285594,0.03916244208522073,0.04613931396859823,-0.007157455935938701,-0.04600389112168907,0.0056854554837378534,0.11824440696713413,-0.06186484692418277,-0.048634533110946794,-0.154922142419227
lP0E85yvxG2bx,김성혁,4.0,2026-06-17 07:45:50+00:00,,3,0,False,"픽은영 선생님의 장난감 심리학, 여전히 먹힌다!",픽은영 선생님의 장난감 심리학 여전히 먹힌다!,2026-06,2026-06-17,16,Wednesday,False,25,6,positive,0.22594921169422588,-0.11040531358625301,-0.2684319442561091,-0.19515664361398047,0.6994056585512902,0.14763884199227212,0.05287584315269084,0.009300320525815864,0.1209706443683849,-0.03474979487863358
Vw8MLJOx9dEel,국병한,4.0,2026-06-17 06:34:20+00:00,,3,0,False,명실상부한 지구 최고의 프랜차이즈 시리즈.,명실상부한 지구 최고의 프랜차이즈 시리즈.,2026-06,2026-06-17,15,Wednesday,False,23,5,positive,0.07247378376749937,-0.030667089112669008,-0.019193383479544624,0.0033380033494847324,0.004558439624320983,-0.02148358710437548,0.005454383817415382,-0.05849406203394299,-0.016721809213824525,-0.006459569107138223
PkvE6DlvmLMpg,비염수술해도 콧물나오는데 코뼈 부러짐,4.5,2026-06-17 04:59:22+00:00,,3,0,False,3줄 요약  1. 제시(제시카) 카우걸 어린시절 이야기  2. 버즈 업그레이드 했다. (미션버즈임파서블)  3. 토이스토리도 이제는 토이 멀티버스  대대손손 나올 예정,3줄 요약 1. 제시 제시카 카우걸 어린시절 이야기 2. 버즈 업그레이드 했다. 미션버즈임파서블 3. 토이스토리도 이제는 토이 멀티버스 대대손손 나올 예정,2026-06,2026-06-17,13,Wednesday,False,86,21,positive,0.24208194736778058,0.05312171345915826,0.25461193177183655,-0.1501368608985956,-0.029313177227941505,-0.007933137502293325,0.06963805734102664,-0.14670409145841762,0.01861745104644952,-0.052501857360398224
xplMdbZGV4E4o,rose1207,4.0,2026-06-17 03:56:11+00:00,,3,0,False,장난감이랑 스마트 기기는 다르지만 아이들에게 의미 있는 화합의 장을 만들어준다,장난감이랑 스마트 기기는 다르지만 아이들에게 의미 있는 화합의 장을 만들어준다,2026-06,2026-06-17,12,Wednesday,False,43,10,positive,0.062463554355333926,-0.051034832868920806,-0.040639785209585264,-0.010509002826319627,-0.05681401075822133,0.07438995536417864,-0.0294953872543862,-0.044420977575363965,0.021962101079965705,0.0012105546633147093
PkvE6Dlp55Mpg,채린,3.5,2026-06-17 03:42:26+00:00,2026-06-16 15:00:00+00:00,3,0,False,완벽하진 않지만 오래갈 친구,완벽하진 않지만 오래갈 친구,2026-06,2026-06-17,12,Wednesday,False,15,4,positive,0.0378810290001967,-0.052872480787187065,-0.014004386218181574,0.028237598274377274,-0.009029260037160966,-0.05045265950444208,0.0686578704786714,0.07736760808993293,0.05473580151150603,0.029997249756051357
PkvE6DlpKjMpg,서우석,4.5,2026-06-17 03:18:55+00:00,,3,0,False,"의도적으로 시대적 흐름까지 반영한듯한 MZ스런 속도감과 연출에 당황스럽지만, 변한 건 너희고 우리는 그대로라며 여전히 심금을 울리는 토이들이란.",의도적으로 시대적 흐름까지 반영한듯한 MZ스런 속도감과 연출에 당황스럽지만 변한 건 너희고 우리는 그대로라며 여전히 심금을 울리는 토이들이란.,2026-06,2026-06-17,12,Wednesday,False,79,17,positive,0.09970015089807692,-0.044302033839965525,-0.11448285172341519,-0.08809023934951178,0.2406407154649081,0.03812810614742003,-0.09994962633190033,0.10302260062107352,-0.04282255297440752,0.12266021991685606
boPQjo6nq5EKL,230,3.5,2026-06-17 02:53:17+00:00,,3,0,False,이 시리즈를 싫어하는건 내겐 불가능하다.,이 시리즈를 싫어하는건 내겐 불가능하다.,2026-06,2026-06-17,11,Wednesday,False,22,5,positive,0.07257241019385054,-0.0022885827861332656,0.002382247617585566,0.010727013901069029,0.0004656973509526961,-0.039882161630488695,-0.0807237400567011,-0.02159875432776051,-0.09860919470545966,-0.08846402335293606
WzO2g4V9a0MXZ,희•:.•:.,3.5,2026-06-11 14:57:40+00:00,2026-06-10 15:00:00+00:00,3,0,False,제시처럼 누군가에 좋은 기억을 남겼으면 잊혀도 괜찮을 수 있을까.  내가 어렸을 때 보고 자랐던 것을 어른이 됐는데도 끝없이 볼 수 있다는 건 너무 감동적인 것 같다. 그래서 너무 좋았다.,제시처럼 누군가에 좋은 기억을 남겼으면 잊혀도 괜찮을 수 있을까. 내가 어렸을 때 보고 자랐던 것을 어른이 됐는데도 끝없이 볼 수 있다는 건 너무 감동적인 것 같다. 그래서 너무 좋았다.,2026-06,2026-06-11,23,Thursday,False,104,29,positive,0.13167723612107038,-0.09270237217193301,-0.03431801957842372,-0.016590961644249336,-0.14539935501376727,0.0983564019966077,-0.07557630060201333,-0.0706499012146483,-0.05140293938022447,0.00014255419304370388
PkvE6DA6oRMpg,범수,4.5,2026-06-11 12:43:47+00:00,,3,0,False,"여전히 빛을 발하는 기발한 상상력, 귀엽고 사랑스러운 캐릭터들, 시의적절한 소재로 빚어내는 무해한 우리들의 동화",여전히 빛을 발하는 기발한 상상력 귀엽고 사랑스러운 캐릭터들 시의적절한 소재로 빚어내는 무해한 우리들의 동화,2026-06,2026-06-11,21,Thursday,False,60,14,positive,0.05535905393680638,-0.032299618550902416,-0.06621830544912152,-0.056964527400731935,0.14595958956138527,0.012716748612170696,-0.06633551158629596,0.05840747073065314,-0.02962334668398997,0.07727124291536012
P7kEWpD18B2J9,김찬영,5.0,2026-07-26 08:58:12+00:00,,2,0,True,"내가 지금 04년생 23살인데 어렸을때 1,2,3,4까지 다 보고 이번에 시즌5를 보게 되었다. 장난감들이 인격을 가지고 움직이고 시간이 변하면서 주인이 바뀌고 상황과 장소들이 바뀌게 되는데 이번에는 새로운 친구가 릴리패드라는 패드가 새로운 캐릭터로 나왔다. 릴리패드와 싸움에서 이기려고 애쓰는 우디, 버즈, 제시를 비롯한 이야기를 보면서 뭔가 현재의 아이들의 모습과 겹쳐저 보여서 많이 뭉클했다. 특히 이번에는 우디가 아닌 제시의 이야기가 많이 나왔다. 그리고 또 보니를 제외한 아이들이 이제는 장난감이 아니라 패드로 게임하고 문자를 하면서 친구들과 만나는 게 아니라 온라인에서만 소통하는 모습이 너무 안타깝고 슬펐다. 또 장난감을 좋아하는 보니는 패드가 없을때는 혼자 놀고 또 패드가 생기게 되면 방안에서 장난감 보다 패드에 빠져있는 모습을 보면서 많이 안타까웠다. 사실 애니메이션 영화를 그렇게 많이 보지 않았고 애니메이션 영화에서 감동을 느끼기는 어렵다고 생각이 들었는데 이번 토이스토리5를 보면서 마음 뭉클, 감동을 느낄수 있어서 너무 동심으로 돌아간것 같아서 너무 좋았다. 아이로서의 동심, 또 지금 23살의 청년으로서 느끼는 것들이 다르지만 두가지를 다 경험할수 있음에 정말 좋았다. 토이스토리를 처음 보는 사람들도 토이스토리 5를 봤을때 이질감 없이 한편만에 와닿을수 있는것들이 충분히 있다고 생각해서 정말 강력 추천하는 영화이다. 그리고 이런 좋은 작품을 만든 존 라세터 감독님, 월트 디즈니 선생님을 비롯한 제작진 분들에게 정말 존경스러운 분들이라고 생각이다. 그래서 디즈니, 픽사의 작품들을 계속해서 찾아보는 것 같다. 남녀노소 누구든 보면 너무 좋은 작품 강추합니다~!!",내가 지금 04년생 23살인데 어렸을때 1 2 3 4까지 다 보고 이번에 시즌5를 보게 되었다. 장난감들이 인격을 가지고 움직이고 시간이 변하면서 주인이 바뀌고 상황과 장소들이 바뀌게 되는데 이번에는 새로운 친구가 릴리패드라는 패드가 새로운 캐릭터로 나왔다. 릴리패드와 싸움에서 이기려고 애쓰는 우디 버즈 제시를 비롯한 이야기를 보면서 뭔가 현재의 아이들의 모습과 겹쳐저 보여서 많이 뭉클했다. 특히 이번에는 우디가 아닌 제시의 이야기가 많이 나왔다. 그리고 또 보니를 제외한 아이들이 이제는 장난감이 아니라 패드로 게임하고 문자를 하면서 친구들과 만나는 게 아니라 온라인에서만 소통하는 모습이 너무 안타깝고 슬펐다. 또 장난감을 좋아하는 보니는 패드가 없을때는 혼자 놀고 또 패드가 생기게 되면 방안에서 장난감 보다 패드에 빠져있는 모습을 보면서 많이 안타까웠다. 사실 애니메이션 영화를 그렇게 많이 보지 않았고 애니메이션 영화에서 감동을 느끼기는 어렵다고 생각이 들었는데 이번 토이스토리5를 보면서 마음 뭉클 감동을 느낄수 있어서 너무 동심으로 돌아간것 같아서 너무 좋았다. 아이로서의 동심 또 지금 23살의 청년으로서 느끼는 것들이 다르지만 두가지를 다 경험할수 있음에 정말 좋았다. 토이스토리를 처음 보는 사람들도 토이스토리 5를 봤을때 이질감 없이 한편만에 와닿을수 있는것들이 충분히 있다고 생각해서 정말 강력 추천하는 영화이다. 그리고 이런 좋은 작품을 만든 존 라세터 감독님 월트 디즈니 선생님을 비롯한 제작진 분들에게 정말 존경스러운 분들이라고 생각이다. 그래서 디즈니 픽사의 작품들을 계속해서 찾아보는 것 같다. 남녀노소 누구든 보면 너무 좋은 작품 강추합니다 !!,2026-07,2026-07-26,17,Sunday,True,829,200,positive,0.2281184425023169,-0.15664397048046483,0.05139867114765266,-0.017061010217877644,-0.020805550370852653,-0.08012905575112578,-0.09513146049345199,-0.07912137270793365,0.03744721695267126,-0.04646674123387872
8n92VpmZmqQAJ,청소년관람불가,3.5,2026-07-26 08:46:10+00:00,,2,3,False,옛 생각에 울컥,옛 생각에 울컥,2026-07,2026-07-26,17,Sunday,True,8,3,positive,0.0,0.0,0.0,0.0,0.0,0.0,0.0,0.0,0.0,0.0
BglQaaV0nAQX0,JE,3.5,2026-07-25 06:55:46+00:00,2026-06-28 15:00:00+00:00,2,0,False,"<토이 스토리>의 새로운 시리즈라기보다는 스핀 오프 같은 느낌이었다. <토이 스토리 3>에서 시리즈 자체에 대한 아름다운 작별을 고했고, <토이 스토리 4>에서는 우디를 위한 안녕을 말했으니 어쩔 수 없기도 한가 싶다. 그러면서도 시리즈에 대한 향수 속 변주를 이루어가는 이야기가 인상적이기도 했고, 장난감 대신 패드가 아이들의 마음을 빼앗고 있다는 지적은 정말 시의적절하고 영리한 소재처럼 느껴졌다.  아무튼 만족과 아쉬움이 이런저런 모습으로 생각을 괴롭히던 차에, 어린 조카가 <토이 스토리 5>를 통해 처음 극장 영화를 보았고, 심지어 끝까지 자리를 지켰다는 사실을 알게 되었다. 나도 아마 보니 정도의 나이일 때 <토이 스토리> 시리즈를 처음 접했을 텐데, 이제는 보니보다 조금 어린 조카가 <토이 스토리 5>를 보고 있는 것이다. 어린이날 선물로 장난감을 조르던 내가, 어느덧 조카에게 되레 장난감 선물을 하는 그 오랜 시간을 지나서 <토이 스토리>가 함께하고 있다.  마치 장난감을 물려주는 영화 속 아이들처럼, 나도 <토이 스토리>의 감성을 조카에게, 자식에게, 영영 물려주고 싶다는 마음이 든 순간, 영화에 대한 고민이 무색해졌다. 종전의 시리즈든, 새로운 시리즈든, 누군가 즐겁게 보고 새로운 추억을 시작할 수만 있다면 아무렴 어떨까.",토이 스토리 의 새로운 시리즈라기보다는 스핀 오프 같은 느낌이었다. 토이 스토리 3 에서 시리즈 자체에 대한 아름다운 작별을 고했고 토이 스토리 4 에서는 우디를 위한 안녕을 말했으니 어쩔 수 없기도 한가 싶다. 그러면서도 시리즈에 대한 향수 속 변주를 이루어가는 이야기가 인상적이기도 했고 장난감 대신 패드가 아이들의 마음을 빼앗고 있다는 지적은 정말 시의적절하고 영리한 소재처럼 느껴졌다. 아무튼 만족과 아쉬움이 이런저런 모습으로 생각을 괴롭히던 차에 어린 조카가 토이 스토리 5 를 통해 처음 극장 영화를 보았고 심지어 끝까지 자리를 지켰다는 사실을 알게 되었다. 나도 아마 보니 정도의 나이일 때 토이 스토리 시리즈를 처음 접했을 텐데 이제는 보니보다 조금 어린 조카가 토이 스토리 5 를 보고 있는 것이다. 어린이날 선물로 장난감을 조르던 내가 어느덧 조카에게 되레 장난감 선물을 하는 그 오랜 시간을 지나서 토이 스토리 가 함께하고 있다. 마치 장난감을 물려주는 영화 속 아이들처럼 나도 토이 스토리 의 감성을 조카에게 자식에게 영영 물려주고 싶다는 마음이 든 순간 영화에 대한 고민이 무색해졌다. 종전의 시리즈든 새로운 시리즈든 누군가 즐겁게 보고 새로운 추억을 시작할 수만 있다면 아무렴 어떨까.,2026-07,2026-07-25,15,Saturday,True,621,162,positive,0.5932011732446173,0.3839487917107523,-0.011459935766938007,-0.00751462092630789,-0.024823566889492582,0.01849197054933707,0.03642593678762173,-0.08961126223805949,-0.01706587610094444,-0.0021621479468397
XpeMJGwWnZQJn,정우 홍,3.0,2026-07-21 09:05:00+00:00,,2,0,False,돈만 벌 수 있다면 예술성 따위는 필요없다,돈만 벌 수 있다면 예술성 따위는 필요없다,2026-07,2026-07-21,18,Tuesday,False,23,7,neutral,0.02662584747131659,-0.01602305017382183,-0.013237128997927223,0.0120955144744077,-0.03410308571232274,-0.06739940438710713,-0.05912292055584673,0.04148895038859908,0.04253628609174852,-0.03285684842370847
5yz2YV5PmPMWj,남정호,3.5,2026-07-20 16:18:23+00:00,,2,0,False,내 모든 시절인연에게 나 또한 유의미했기를.,내 모든 시절인연에게 나 또한 유의미했기를.,2026-07,2026-07-21,1,Tuesday,False,24,6,positive,0.06014663515340199,-0.06289895624159235,-0.05231078733669018,-0.00028193794142102285,-0.011319251000540159,-0.042343051142801916,-0.03483034079819472,-0.002620132559666241,-0.03149257163335961,0.11933615240061396
6GWQ1B1Z5vEJ5,TK Lee,5.0,2026-07-18 11:02:27+00:00,2026-07-17 15:00:00+00:00,2,0,False,Star-! Commander-!,Star ! Commander !,2026-07,2026-07-18,20,Saturday,True,18,4,positive,0.0,0.0,0.0,0.0,0.0,0.0,0.0,0.0,0.0,0.0
6aLMP8bpe4MOw,Sol,2.5,2026-07-16 13:57:56+00:00,,2,0,False,방금봤는데기억이안나네..,방금봤는데기억이안나네..,2026-07,2026-07-16,22,Thursday,False,13,1,negative,0.0,0.0,0.0,0.0,0.0,0.0,0.0,0.0,0.0,0.0
69oMvp3gY9Eal,최강희,5.0,2026-07-15 11:28:43+00:00,2026-07-14 15:00:00+00:00,2,1,False,최고의 작품이다  제시가 우연에 휘말려 에밀리와의 오해가 풀어진 장면도 인상깊었다 우리는 다른 사람의 마음을 모두 들여다 볼 수 없다 선으로 사람을 바라 볼 수 있다면 그것은 분명 사실이 될 것이다. 왜냐하면 사실이기때문에. 너무 감동적이었다  가장 인상적이었던 건 서로 모르는 다 큰 어른들이 여자 남자 할 것 없이 동심의 젖어 들어 웃고 귀여워 하고 우는 모습이었다 불이 켜지 자 눈물을 닦던 여자가 옆에 친구를 괜히 때리며 웃는 장면이 인상깊다  묘한 동질감을 느꼈다 보니 와 카우걸처럼  정말로 좋은 영화는 세계관을 확장 시켜 주고 감동을 준다. 그리고 우리를 사고 하게 하고 좀 더 나은 사람으로 만든다.  이 영화로 나의 상처도 치유 되는 기분이 들었다 어른은 나이로 되는 게 아닌 것 같다 사랑이란 온전한 소유가 아니라 어쩌면? 내가 사랑하는 상대의 성장을 바라봐 주고 응원하고 기뻐 하는 마음이 아닐까 생각해 본다,최고의 작품이다 제시가 우연에 휘말려 에밀리와의 오해가 풀어진 장면도 인상깊었다 우리는 다른 사람의 마음을 모두 들여다 볼 수 없다 선으로 사람을 바라 볼 수 있다면 그것은 분명 사실이 될 것이다. 왜냐하면 사실이기때문에. 너무 감동적이었다 가장 인상적이었던 건 서로 모르는 다 큰 어른들이 여자 남자 할 것 없이 동심의 젖어 들어 웃고 귀여워 하고 우는 모습이었다 불이 켜지 자 눈물을 닦던 여자가 옆에 친구를 괜히 때리며 웃는 장면이 인상깊다 묘한 동질감을 느꼈다 보니 와 카우걸처럼 정말로 좋은 영화는 세계관을 확장 시켜 주고 감동을 준다. 그리고 우리를 사고 하게 하고 좀 더 나은 사람으로 만든다. 이 영화로 나의 상처도 치유 되는 기분이 들었다 어른은 나이로 되는 게 아닌 것 같다 사랑이란 온전한 소유가 아니라 어쩌면? 내가 사랑하는 상대의 성장을 바라봐 주고 응원하고 기뻐 하는 마음이 아닐까 생각해 본다,2026-07,2026-07-15,20,Wednesday,False,458,126,positive,0.18701888472961598,-0.13741029981711012,-0.03758188397150397,-0.008835919617382957,-0.0779495770479908,-0.08695023940248432,-0.0313166078057853,-0.040309325004432565,-0.029720224891413613,-0.006358767266903598
WzO2g4mVeXMXZ,LPLPLP,4.0,2026-07-13 12:08:40+00:00,,2,0,False,7:2:1의 법칙 10명이 있다면 일곱은 내게 무관심하고 둘은 날 좋아할 것이며 한 명은 날 싫어한다는 말을 나는 아주 좋아한다 결국 어디에서든 누군가는 내 친구가 된다는 거니까!,7 2 1의 법칙 10명이 있다면 일곱은 내게 무관심하고 둘은 날 좋아할 것이며 한 명은 날 싫어한다는 말을 나는 아주 좋아한다 결국 어디에서든 누군가는 내 친구가 된다는 거니까!,2026-07,2026-07-13,21,Monday,False,100,28,positive,0.06246751842406397,-0.06750071876809059,0.015298077779349939,-0.02497053839961818,-0.03233204696538304,-0.04887183435504606,-0.02262779322724352,0.03289000153960565,0.015218523371027987,-0.017234260066617713
WzO2g4mppGMXZ,GORMAMMU,4.5,2026-07-12 12:26:39+00:00,,2,0,False,"문화 대멸종의 시대에 픽사는 말한다. 스탠튼이 <<밤비>>를 기억하듯이, 에밀리가 제시를 기억하듯이 관객이 토이 스토리 시리즈를 기억한다면 그것으로 충분하다고",문화 대멸종의 시대에 픽사는 말한다. 스탠튼이 밤비 를 기억하듯이 에밀리가 제시를 기억하듯이 관객이 토이 스토리 시리즈를 기억한다면 그것으로 충분하다고,2026-07,2026-07-12,21,Sunday,True,84,19,positive,0.22689679903086993,0.20851534296433755,0.00838566976203569,0.0063395352992359905,-0.030207422646399328,-0.014870174318683111,-0.01667846358954142,-0.013553109114824578,-0.05376425426228705,-0.037048930005343546
1Vl2bbB1q12rR,11,3.5,2026-07-12 10:00:14+00:00,,2,0,False,"그래비티 폴즈, 엉클 그랜파를 좋아하던 사람들이 애니메이터로 성공한 결과 스마티 팬츠 어딘가 익숙한데 이런 미애니 캐릭터 너무 많아서 사심을 많이 넣었구나 싶다",그래비티 폴즈 엉클 그랜파를 좋아하던 사람들이 애니메이터로 성공한 결과 스마티 팬츠 어딘가 익숙한데 이런 미애니 캐릭터 너무 많아서 사심을 많이 넣었구나 싶다,2026-07,2026-07-12,19,Sunday,True,88,22,positive,0.033702910927290504,-0.014769677624682433,0.019884657097619707,-0.011200536058801764,0.03745025991520017,-0.00407384329354224,-0.032766521165405044,0.013630381092594263,-0.017871427530752305,0.02109889842183675
0ezQyejPxvQpq,zero,4.0,2026-07-12 08:33:49+00:00,,2,0,False,불꽃에서 피어오른 푸른 눈물과 아이의 풍부하고 엉뚱한 상상이 사랑의 첫 맺음을 성장의 과정으로 흐뭇하게 물들인다.,불꽃에서 피어오른 푸른 눈물과 아이의 풍부하고 엉뚱한 상상이 사랑의 첫 맺음을 성장의 과정으로 흐뭇하게 물들인다.,2026-07,2026-07-12,17,Sunday,True,63,15,positive,0.01539804412120011,-0.016597400250522594,-0.00705720591642194,-0.008874942324702971,-0.012249367773391629,-0.01150358474661824,-0.015091777692042705,0.004717933830246195,-0.010424385076338282,-0.024536529801549127
xzaQAv1v4pEg5,다비,5.0,2026-07-12 03:14:48+00:00,2026-07-11 15:00:00+00:00,2,0,False,잃어버리고 질려서 소홀했던 모든 장난감들에게 미안해 그치만 평생 잊은 적 없어! 앞으로도,잃어버리고 질려서 소홀했던 모든 장난감들에게 미안해 그치만 평생 잊은 적 없어! 앞으로도,2026-07,2026-07-12,12,Sunday,True,49,12,positive,0.03149808666337721,-0.04074874825043168,-0.030951526435917354,4.226480284406799e-05,-0.0071206721642041995,-0.022849123504876154,-0.03304650280251119,0.007659418415334661,-0.026606712198597917,0.03984819556412749
6GWQ1B1BkKEJ5,JH Dorothy,4.5,2026-07-11 23:13:07+00:00,,2,0,False,"어른이 되어가는 거야. 그 여정에 우리가 도움이 되었다면, 그거로 됐어.",어른이 되어가는 거야. 그 여정에 우리가 도움이 되었다면 그거로 됐어.,2026-07,2026-07-12,8,Sunday,True,39,10,positive,0.09156149857401955,-0.16891320573898824,-0.08533370701879903,-0.04009069830525065,-0.1852020528017252,0.49307318351853074,0.013241756358585223,0.05177679429138337,-0.0398421663562916,0.0892738893440762
Vw8MLJoyjgEel,하하하지민,4.5,2026-07-11 14:03:56+00:00,,2,0,False,토이스토리 처음 봄 인생 손해보고 산 듯  있는 줄도 몰랐던 상처를 조심스레 감싸주는 영화구나,토이스토리 처음 봄 인생 손해보고 산 듯 있는 줄도 몰랐던 상처를 조심스레 감싸주는 영화구나,2026-07,2026-07-11,23,Saturday,True,51,14,positive,0.12671393558530944,-0.12493534466975435,0.08308066125903173,0.2964893169640986,0.042882977809366604,0.12363789530430644,-0.07456031054536019,-0.032875786480997475,-0.005987128920409701,0.007096784535087777
OAxM7180v0Ebm,okol,4.5,2026-07-11 13:35:28+00:00,,2,1,True,왜 요즘 영화에 여자아이만 나오묜 줌마미소짓다가도 질질 눈물 나오지  릴리패드도 제시도 보니를 사랑하는 마음은 같구나 장남감이 아이를 사랑하는 마음이 눈물 포인트임 개인적으로 덩굴가득한 곳에서 티타임을 기다리던 장난감들이 너무 신경쓰여.. 엔딩크레딧에도 안나와서 더 신경쓰임..  일본 더빙판으로봄,왜 요즘 영화에 여자아이만 나오묜 줌마미소짓다가도 질질 눈물 나오지 릴리패드도 제시도 보니를 사랑하는 마음은 같구나 장남감이 아이를 사랑하는 마음이 눈물 포인트임 개인적으로 덩굴가득한 곳에서 티타임을 기다리던 장난감들이 너무 신경쓰여.. 엔딩크레딧에도 안나와서 더 신경쓰임.. 일본 더빙판으로봄,2026-07,2026-07-11,22,Saturday,True,164,35,positive,0.05498664515849129,-0.05258774824615832,-0.014350248147049204,-0.006240853565525071,-0.01809271786990819,-0.031154610064664568,-0.03690851959617073,0.004442868811310476,-0.006496766390786536,-0.039540198477229
j7kQzk3YYNEl4,준호,3.0,2026-07-11 13:15:15+00:00,,2,0,False,"상상력만으로도 세상이 즐거웠던 어린 시절, 그 동심이 문득 그리워지는 영화.",상상력만으로도 세상이 즐거웠던 어린 시절 그 동심이 문득 그리워지는 영화.,2026-07,2026-07-11,22,Saturday,True,41,10,neutral,0.049856442862506956,-0.04889698662954703,-0.023871291283164054,0.005243309376249952,-0.03404767286765201,0.009367806288241697,0.017942125010329355,0.034805775521584155,-0.025602318111594607,0.0289181347884442
ZGYMGGL0gDMr8,정은홍,4.5,2026-07-09 08:00:48+00:00,,2,0,False,그들은 어린아이를 사랑하고 성장하도록 노력하겠지 아이가 아이를 낳을 때까지...,그들은 어린아이를 사랑하고 성장하도록 노력하겠지 아이가 아이를 낳을 때까지...,2026-07,2026-07-09,17,Thursday,False,44,9,positive,0.022150817468322842,-0.02353469368427631,-0.023531091497164387,-0.013382463785009126,0.01697732519483314,0.017881953018239517,-0.03861532351341745,0.03397940721900221,-0.018940124097523315,-0.005185886754468686
6aLMP8Wy1ZMOw,Finn the Human,4.0,2026-07-08 13:22:50+00:00,,2,0,False,마음 한켠에 2편을 고이 간직해온 이들에게 바치는 헌사,마음 한켠에 2편을 고이 간직해온 이들에게 바치는 헌사,2026-07,2026-07-08,22,Wednesday,False,30,8,positive,0.018873353420622848,-0.02787922342939102,-0.016553905834027657,-0.015714400043502556,-0.02290859624954726,0.026910060412504003,-0.00022397555320515135,0.020256526379884676,-0.006221521859893902,0.007971254244435889
ZGYMGGLD7oMr8,sssoooyyy,3.0,2026-07-08 12:18:41+00:00,,2,2,False,내 동심은 뒤졋나보다..ㅠ,내 동심은 뒤졋나보다..,2026-07,2026-07-08,21,Wednesday,False,13,3,neutral,0.008906976279190366,-0.0068328862013008335,-0.0025299959125300933,-0.001337278074244539,-0.012474701300676887,-0.018567453924872492,0.012722127500923209,0.013569667961900497,-0.0037672097288336506,-0.0720962705162641
OAxM71mKjZEbm,듀듀듀뱌뱌뱌,4.5,2026-07-08 12:04:48+00:00,,2,0,False,어릴 때 진짜 나 자체를 바라보고 사랑하기에는 참 많은 어려움이 있다. 그럼에도 날 것의 나를 사랑해주는 사람들이 있기에 이겨낼 수 있었다. 다 큰 지금도 이따금씩 진짜 내가 무엇인지 알다가도 모르겠지만. 그래서 이 사실을 좀 더 빨리 알았다면 좋았을텐데.,어릴 때 진짜 나 자체를 바라보고 사랑하기에는 참 많은 어려움이 있다. 그럼에도 날 것의 나를 사랑해주는 사람들이 있기에 이겨낼 수 있었다. 다 큰 지금도 이따금씩 진짜 내가 무엇인지 알다가도 모르겠지만. 그래서 이 사실을 좀 더 빨리 알았다면 좋았을텐데.,2026-07,2026-07-08,21,Wednesday,False,143,38,positive,0.07477028175062161,-0.0776456607255533,-0.03499838231941194,0.004814653920716455,-0.023038537530401852,-0.12675364397537575,0.0028331154336242535,-0.0036559662571386204,-0.04934370243641285,0.11327037988936098
6GWQ1B7AdlEJ5,파푸리카,3.5,2026-07-08 10:09:07+00:00,,2,0,False,어릴때 봤으면 울지않앗을지도….,어릴때 봤으면 울지않앗을지도 .,2026-07,2026-07-08,19,Wednesday,False,17,4,positive,0.00529090366090216,-0.005249672287321491,-0.004225284639676246,-0.0020072593830632703,-0.008896603052644492,-0.004542859859052571,-0.001896748580504991,-0.005173395269292207,-0.012728587625844223,-0.007604971493140205
gwVQxnNxdl2B0,영화는 마치 요리에 대한 취향과 같다,3.5,2026-07-08 08:13:00+00:00,,2,0,False,레거시가 된 장난감이야기,레거시가 된 장난감이야기,2026-07,2026-07-08,17,Wednesday,False,13,3,positive,0.0,0.0,0.0,0.0,0.0,0.0,0.0,0.0,0.0,0.0
bW3Qk78JJ9Q9p,김도연,3.5,2026-07-08 01:09:25+00:00,,2,0,False,장난감들의 아날로그가 좋았는데 디지털 시대가 되며 장난감들도 진화(?)를 했다 적응 안되는 부분들이 있어서 그런지 감성차원에서 조금 아쉬웠지만 우디와 버즈와 제시가 성장했음을 보여주는 의도는 좋았다,장난감들의 아날로그가 좋았는데 디지털 시대가 되며 장난감들도 진화 ? 를 했다 적응 안되는 부분들이 있어서 그런지 감성차원에서 조금 아쉬웠지만 우디와 버즈와 제시가 성장했음을 보여주는 의도는 좋았다,2026-07,2026-07-08,10,Wednesday,False,110,26,positive,0.11756857984867486,-0.029879743426168028,0.00031609070326371743,-0.0226452125167051,-0.06944508745662244,-0.04258538270278361,-0.014507644074528089,-0.041271149622345855,-0.02450990675686261,-0.12143518363218589
8n92Vpn15vQAJ,이름,3.5,2026-07-07 16:43:05+00:00,,2,0,False,시대에 발맞춰 소재가 진화하네 내용은 똑같지만ㅋ,시대에 발맞춰 소재가 진화하네 내용은 똑같지만,2026-07,2026-07-08,1,Wednesday,False,25,6,positive,0.03217928551771301,0.0019143707352615477,-0.009795016347756256,-0.013496715361382831,-0.006837829498000875,-0.011573638294763426,-0.045559982210059295,-0.000394251483716338,-0.03962814392965917,-0.02088625825957282
POkEweNGBWMql,lovestorty,3.5,2026-07-07 15:46:19+00:00,,2,0,False,구리시 부보안관은 제가 맡겠습니다.,구리시 부보안관은 제가 맡겠습니다.,2026-07,2026-07-08,0,Wednesday,False,19,4,positive,0.0,0.0,0.0,0.0,0.0,0.0,0.0,0.0,0.0,0.0
j7kQzkPAedEl4,gam..,5.0,2026-07-07 14:56:45+00:00,,2,0,False,내가 자라는 내내 토이스토리는 행복했으니까 다시 만나지 못해도 괜찮다고 알려줬는데 나한테는 아직도 너무 어려웠던 것 같애 ….. 그래서 이번에도 똑같이 이 영화를 껴안을 수 밖에 없지,내가 자라는 내내 토이스토리는 행복했으니까 다시 만나지 못해도 괜찮다고 알려줬는데 나한테는 아직도 너무 어려웠던 것 같애 .. 그래서 이번에도 똑같이 이 영화를 껴안을 수 밖에 없지,2026-07,2026-07-07,23,Tuesday,False,101,26,positive,0.07475138493701476,-0.08628819754341605,-0.039115343326745315,0.006972724026842266,-0.057039161277430854,-0.06611814032610482,0.02355435989614961,-0.010095899619310322,-0.05232600880011834,0.004839311512668281
boY2lYzVeoMWO,허준서,3.5,2026-07-07 14:13:33+00:00,,2,0,False,"제시랑 버즈, 우디 빼고 다른 캐릭터들의 비중이 적어서 아쉬웠어요, 버즈 군단이 아주 마음에 들었어요",제시랑 버즈 우디 빼고 다른 캐릭터들의 비중이 적어서 아쉬웠어요 버즈 군단이 아주 마음에 들었어요,2026-07,2026-07-07,23,Tuesday,False,54,14,positive,0.10477995615648716,-0.1179966283380587,0.45239569510431066,-0.24073476511755046,0.053299282397038975,0.010584921509311741,-0.002781129302712547,0.025509091177116174,0.047995358697580974,0.025130495008842946
j7kQzkPlJoEl4,조은형,3.5,2026-07-07 14:11:34+00:00,,2,0,False,"토이스토리라는 익숙한 프랜차이즈가 주는 즐거움은 여전하다. 버즈 군단이 나올 때마다 아이처럼 꺄르르 웃었다. 그렇지만 테크가 뒤덮은 세계에서 구세대 장난감의 역할이라는 메인 메시지는 안타까울 정도로 연약하다. 에밀리를 떠나보냈던 고통을 다시 반복하고 싶지 않다는 제시의 (2~5편에 걸쳐 이어진) PTSD적인 호소는 땅에서 파낸 사진 한 장으로 허무하리만치 쉽게 매듭지어지고, 구세대 장난감들이 스크린 기기에게서 주도권을 되찾아오는 것은 오로지 릴리패드가 (캐릭터성을 해쳐 가며) 스스로를 기부 박스에 던져넣음으로써 아이의 시야에서 물러났을 때뿐이다. 딱 보기에도 나이대가 달라 보이는 ’보니‘와 ’블레이즈‘가 놀이로 어울리는 장면도 어색하고 작위적이다.  결국 제시의 입을 빌린 메시지 - 우리 장난감들은 아이들이 언제 어른이 될지 결정할 수 없어, 그 여정에 우리가 도움이 됐다면 우린 할 일을 한 거야 - 는 아이들에게 선택받지 못하는 한 장난감들 스스로는 무언가를 할 수 없다는, 자못 맥빠지고 자조적인 패배 선언으로 보이기까지 한다. 이제 한 시간 반이 넘는 ‘롱폼’ 영상을 견디지 못하는 요즘 아이들이 아니라, 다 나이들어 추억을 곱씹는 30, 40대가 토이스토리 영화와 굿즈에 열광하는 사람들의 대부분을 차지하는 풍경은 구세계의 패배에 방점을 찍는 서글픈 하이라이트다.",토이스토리라는 익숙한 프랜차이즈가 주는 즐거움은 여전하다. 버즈 군단이 나올 때마다 아이처럼 꺄르르 웃었다. 그렇지만 테크가 뒤덮은 세계에서 구세대 장난감의 역할이라는 메인 메시지는 안타까울 정도로 연약하다. 에밀리를 떠나보냈던 고통을 다시 반복하고 싶지 않다는 제시의 2 5편에 걸쳐 이어진 PTSD적인 호소는 땅에서 파낸 사진 한 장으로 허무하리만치 쉽게 매듭지어지고 구세대 장난감들이 스크린 기기에게서 주도권을 되찾아오는 것은 오로지 릴리패드가 캐릭터성을 해쳐 가며 스스로를 기부 박스에 던져넣음으로써 아이의 시야에서 물러났을 때뿐이다. 딱 보기에도 나이대가 달라 보이는 보니 와 블레이즈 가 놀이로 어울리는 장면도 어색하고 작위적이다. 결국 제시의 입을 빌린 메시지 우리 장난감들은 아이들이 언제 어른이 될지 결정할 수 없어 그 여정에 우리가 도움이 됐다면 우린 할 일을 한 거야 는 아이들에게 선택받지 못하는 한 장난감들 스스로는 무언가를 할 수 없다는 자못 맥빠지고 자조적인 패배 선언으로 보이기까지 한다. 이제 한 시간 반이 넘는 롱폼 영상을 견디지 못하는 요즘 아이들이 아니라 다 나이들어 추억을 곱씹는 30 40대가 토이스토리 영화와 굿즈에 열광하는 사람들의 대부분을 차지하는 풍경은 구세계의 패배에 방점을 찍는 서글픈 하이라이트다.,2026-07,2026-07-07,23,Tuesday,False,643,155,positive,0.1946827023450386,-0.23898110182989712,0.05226224105514017,-0.014084968441046253,-0.0905213482696756,0.1527621301420493,-0.044053956658255435,-0.005572289990877024,0.02997669581794404,-0.03998100758584448
NXnE5Z7A6y2zG,권권후,4.0,2026-07-07 13:04:57+00:00,,2,0,False,"시즌 2부터 이어진 제시의 서사를 완전히 매듭짓기. 버려진 것이 아니라 사랑하는 방식이 달라진 것뿐이니까, 언젠가 헤어지더라도 함께한 시간이 빛난다는 사실은 달라지지 않아.",시즌 2부터 이어진 제시의 서사를 완전히 매듭짓기. 버려진 것이 아니라 사랑하는 방식이 달라진 것뿐이니까 언젠가 헤어지더라도 함께한 시간이 빛난다는 사실은 달라지지 않아.,2026-07,2026-07-07,22,Tuesday,False,95,22,positive,0.09807848934240587,-0.12093564934219547,-0.05121697187076138,-0.017118104815208337,-0.004165262388418146,-0.08151720275694659,0.05131788267781868,0.0014684449302661826,0.11262925626465006,-0.1337268953263185
ZGYMGGLjabMr8,행복한고고미,2.5,2026-07-07 09:49:22+00:00,2026-07-03 15:00:00+00:00,2,0,False,보니야 친구 못사겨도 괜찮아 나도 21살인데 친구 사귀는게 제일 어렵다 그치만 넌 결국 해냈잖아! 대단한 아기!,보니야 친구 못사겨도 괜찮아 나도 21살인데 친구 사귀는게 제일 어렵다 그치만 넌 결국 해냈잖아! 대단한 아기!,2026-07,2026-07-07,18,Tuesday,False,62,16,negative,0.08055461342958155,-0.06491003650005556,0.00520319553684201,-0.009554334034978292,-0.014053067373126317,-0.05747733311440461,0.012437735060213055,0.05733044299824333,-0.0030342899684912598,0.016842076970858898
6GWQ1B7lPKEJ5,곰요,4.0,2026-07-07 08:57:45+00:00,,2,0,False,헤어지기 싫어…,헤어지기 싫어,2026-07,2026-07-07,17,Tuesday,False,7,2,positive,0.0,0.0,0.0,0.0,0.0,0.0,0.0,0.0,0.0,0.0
wlL2Dojd4BEyZ,syj쭌1,4.0,2026-07-07 08:10:18+00:00,,2,0,False,변화로 가득한 세상 속에서 영원으로 남게 될 상상력 가득한 추억에 눈물이 맺힌다.,변화로 가득한 세상 속에서 영원으로 남게 될 상상력 가득한 추억에 눈물이 맺힌다.,2026-07,2026-07-07,17,Tuesday,False,45,12,positive,0.03947137662208751,-0.040086105478853266,0.008353715140252238,-0.0066991028756901005,-0.004112004398317346,-0.029675750832413892,0.004534018516858224,-0.03131412292227995,-0.020800190115963988,-0.006838542849726955
BglQaaROWpQX0,해제로,5.0,2026-07-06 22:37:05+00:00,,2,0,False,와 너무 감동적이라서 눈물날 뻔 했어….,와 너무 감동적이라서 눈물날 뻔 했어 .,2026-07,2026-07-07,7,Tuesday,False,22,7,positive,0.0,0.0,0.0,0.0,0.0,0.0,0.0,0.0,0.0,0.0
8kXQeb1j7KEP6,승아,4.5,2026-07-06 12:54:31+00:00,,2,0,False,다커버린 주인이 자신을 잊어버린줄 알았지만 딸아이의 이름 마저 제시라고 지을정도로 소중했던 그 관계성ㅜㅜㅜ,다커버린 주인이 자신을 잊어버린줄 알았지만 딸아이의 이름 마저 제시라고 지을정도로 소중했던 그 관계성,2026-07,2026-07-06,21,Monday,False,56,13,positive,0.00970484199168869,-0.010802264419521828,-0.006563247975709198,-0.0050718897444076835,-0.0032599098512727416,0.007081610765205271,-0.0054902117723380885,-0.004851935233357199,-0.004865677732345445,-0.012347573579740902
gwVQxnN4AN2B0,Sunny Youm,3.0,2026-07-06 08:20:13+00:00,,2,0,False,"나이가 든건지, 공식들이 보이기 시작하는건지... 익숙한 테마들이 나올때마다 파블로브 개마냥 침을 흘리긴 했다.",나이가 든건지 공식들이 보이기 시작하는건지... 익숙한 테마들이 나올때마다 파블로브 개마냥 침을 흘리긴 했다.,2026-07,2026-07-06,17,Monday,False,61,13,neutral,0.04021960787352238,-0.019309367397148378,0.010489008725452774,-0.020196393126208894,-0.02725626879528468,-0.01507482480753703,0.0007532084714426106,-0.04492039269593918,-0.019224612626078587,-0.045209499281458766
ZGYMGGLVrVMr8,어 흥,2.5,2026-07-06 03:07:01+00:00,,2,0,False,"현실을 반영한 이야기가 재밌게 다가오긴 했지만, 한편으론 내 어린시절도 함께 멀어지는 것 같아 조금은 아쉬웠음",현실을 반영한 이야기가 재밌게 다가오긴 했지만 한편으론 내 어린시절도 함께 멀어지는 것 같아 조금은 아쉬웠음,2026-07,2026-07-06,12,Monday,False,60,15,negative,0.06660220960934224,-0.020362698160207724,-0.011459701864053432,0.0014177519843243172,-0.03709110679045072,-0.012260143643372825,-0.002512398384112156,-0.007265831903573076,-0.055748980710614716,-0.003176123291073227
XpeMJGWwGlQJn,최고,0.5,2026-07-05 13:58:47+00:00,,2,0,False,죽은 자식 불알좀 적당히 만져야지 아주 30년을 만지고있네,죽은 자식 불알좀 적당히 만져야지 아주 30년을 만지고있네,2026-07,2026-07-05,22,Sunday,True,32,8,negative,0.011906349691324963,-0.0171479016132567,0.04488503830765746,-0.02611005615085123,-0.0074359645524119024,-0.01274778123176541,-0.02320366098924714,0.00974035646297119,0.004460754039383414,-0.004336040412439872
5yz2YVn4qaMWj,어니부기,4.0,2026-07-05 11:50:32+00:00,,2,0,False,관계의 시간의 변화를 받아들이지 못했던 경험들이 모두 있다. 그 모습이 부박하지않음을 알려주는 영화. 시즌 5임에도 또 다른 감동을 주는 시리즈를 제작할 수 있다는건 대단한 일임이 분명하다.  여름철에 따뜻함을 느낄 수 있었다.,관계의 시간의 변화를 받아들이지 못했던 경험들이 모두 있다. 그 모습이 부박하지않음을 알려주는 영화. 시즌 5임에도 또 다른 감동을 주는 시리즈를 제작할 수 있다는건 대단한 일임이 분명하다. 여름철에 따뜻함을 느낄 수 있었다.,2026-07,2026-07-05,20,Sunday,True,126,31,positive,0.10056649501177471,-0.09269535732842457,-0.017824453644967802,-0.010853761375221215,-0.05935031763690966,-0.0995951417242945,-0.08619059417659572,0.016655534892404122,-0.047119936855869515,-0.09604221111607612
droQ0Y7qBGEyN,알깐따라,3.5,2026-07-04 17:38:43+00:00,2026-07-01 15:00:00+00:00,2,0,False,드디어 멋있게 날았다!,드디어 멋있게 날았다!,2026-07,2026-07-05,2,Sunday,True,12,3,positive,0.00605340750063232,-0.010616760604277012,0.011244050758643313,-0.013701941934490675,-0.01790832241185353,-0.003647203184617433,-0.005196654891023049,-0.001438657216968071,-0.0036188061037039487,-0.009426627859707088
lP0E85kDxj2bx,투바키,4.0,2026-07-04 15:53:10+00:00,,2,0,False,어렸을 때 내가 좋아했던 장난감을 떠올려 보려 했는데 아무리 기억을 되짚어도 떠오르지 않는다 분명 있었을 텐데 온 마음을 다해 사랑했던 내 친구가……………,어렸을 때 내가 좋아했던 장난감을 떠올려 보려 했는데 아무리 기억을 되짚어도 떠오르지 않는다 분명 있었을 텐데 온 마음을 다해 사랑했던 내 친구가,2026-07,2026-07-05,0,Sunday,True,81,22,positive,0.058964601359459974,-0.04578938440523697,0.00043374286506975084,-0.027841382125135834,-0.03355692964658363,-0.015086568640395936,-0.04201864122027356,-0.005622897601791077,-0.005550745916538638,0.005725759361795216
GO6MZ4n3KgENx,영식쓰 a.k.a 악빈이,3.5,2026-07-04 14:34:06+00:00,2026-07-03 15:00:00+00:00,2,0,False,여러분은 이진법 숫자 데이터 쪼가리에 사로잡혀서 옆을 보지 못하는 세상에 살고 있어요. 여러분 세상은 창문 밖에 있어요.  추신. 픽사 영화보고 운 쉬었음 청년 됨.,여러분은 이진법 숫자 데이터 쪼가리에 사로잡혀서 옆을 보지 못하는 세상에 살고 있어요. 여러분 세상은 창문 밖에 있어요. 추신. 픽사 영화보고 운 쉬었음 청년 됨.,2026-07,2026-07-04,23,Saturday,True,91,24,positive,0.03155233557575318,-0.023238751494859492,-0.005821318529154312,7.952683871702705e-05,-0.025098100445963847,-0.0038228478266555312,0.0006286782964676704,-0.034525242636102675,-0.014694744416746964,-0.023699568139298174
6GWQ1B7veLEJ5,준아,4.0,2026-07-04 14:04:46+00:00,,2,0,False,잊혀지는 것과 잊혀지게 되는 것의 차이,잊혀지는 것과 잊혀지게 되는 것의 차이,2026-07,2026-07-04,23,Saturday,True,21,6,positive,0.027006790228582406,-0.01583555247941783,-0.007294234772844121,0.00674053252006981,-0.02104559051466285,-0.04128115322865515,-0.02785772672819227,-0.036834054151339786,-0.010266016171113716,0.003190286866704463
8n92Vpn497QAJ,두유,5.0,2026-07-04 13:35:21+00:00,,2,0,False,어린이다움을 잃지 않는 어린이들이 있기에 희망을 버릴 수 없다,어린이다움을 잃지 않는 어린이들이 있기에 희망을 버릴 수 없다,2026-07,2026-07-04,22,Saturday,True,34,9,positive,0.05195446349231178,-0.05256442429965572,-0.00042930670635883954,0.007639885026362457,-0.022922295486677412,-0.01617296165457824,-0.05505809898065336,0.015494529694519846,-0.023167230375709023,-0.041177307505003785
BVoM9q9xm3MP0,김감자,4.5,2026-07-04 06:21:28+00:00,2026-07-03 15:00:00+00:00,2,0,False,"제시, 넌 언제까지나 우리의 작은 카우걸이야.",제시 넌 언제까지나 우리의 작은 카우걸이야.,2026-07,2026-07-04,15,Saturday,True,24,6,positive,0.06494976153245867,0.010684658700560097,0.027556929527391073,-0.009878500673369492,-0.08377235492643663,0.00562758890398651,0.13242195648373084,-0.04949033411194519,-0.0813748036657549,-0.2012881153358248
gwVQxnN3Nl2B0,두현무비,3.5,2026-07-03 16:42:57+00:00,,2,0,False,남겨진다는것은 버려지는게 아니라 영원히 기억된다는 것,남겨진다는것은 버려지는게 아니라 영원히 기억된다는 것,2026-07,2026-07-04,1,Saturday,True,29,6,positive,0.13850591597020795,-0.0559564996558921,-0.02265443516275079,0.12072289139444103,-0.1514856175147135,-0.10106697981202906,0.18306873743778468,0.41300369983425533,0.5945180775666645,0.08449393899943802
BVoM9q9qqXMP0,chochomingi,4.5,2026-07-03 13:25:09+00:00,,2,0,False,스토리 스토리 아이 러브 토이스토리~~,스토리 스토리 아이 러브 토이스토리,2026-07,2026-07-03,22,Friday,False,19,5,positive,0.41574871762152704,0.3332130182960627,0.1538648812213937,0.3744787805885428,0.07249151772879865,0.07794105569928017,0.018746621461769294,0.02055956495814052,-0.05640357654793668,0.012803994729141382
lP0E85kwWw2bx,성준,3.0,2026-07-03 12:12:52+00:00,2026-07-02 15:00:00+00:00,2,0,False,난잡하고 과하지만 사랑스럽다.,난잡하고 과하지만 사랑스럽다.,2026-07,2026-07-03,21,Friday,False,16,3,neutral,0.005429362718993834,-0.006232288549090571,-0.012410628410268321,-0.007271205680476827,0.03273440251250857,0.003992381338650917,-0.02839814667240448,0.013167297137206819,0.012667113065772463,0.032950094776145175
xplMdbDJqOE4o,로나리,4.5,2026-07-02 22:52:07+00:00,,2,0,False,버려진다는 것조차 이해해주는 그들의 무한한 사랑,버려진다는 것조차 이해해주는 그들의 무한한 사랑,2026-07,2026-07-03,7,Friday,False,26,6,positive,0.025118898581913192,-0.022391881283027992,-0.007072973601541467,-0.011094323816227316,-0.024050052761425814,0.006923120648354875,0.034396175967063757,0.018893542762131545,0.006499896075071876,-0.0103119634417182
6GWQ1B7GBgEJ5,아뿌,4.0,2026-07-02 13:02:13+00:00,2026-06-28 15:00:00+00:00,2,0,False,뭉끌 ......,뭉끌 ......,2026-07,2026-07-02,22,Thursday,False,9,2,positive,0.0,0.0,0.0,0.0,0.0,0.0,0.0,0.0,0.0,0.0
W4zQrONen5Ew1,재박,4.0,2026-07-02 12:49:16+00:00,,2,0,False,돌아왔다 내 동심,돌아왔다 내 동심,2026-07,2026-07-02,21,Thursday,False,9,3,positive,0.00566959061082811,-0.010072081843296431,0.002325769313559985,-0.002910263145464034,0.0007075552399909026,-0.00015624920527679162,0.0016017019311404797,0.0005420544416828094,-0.006687107026325743,-0.00207346648564301
Vw8MLJ3LyxEel,듀라,4.0,2026-07-02 12:48:40+00:00,,2,0,False,엄마가 보니 위로해줄때 울엇고 이후 릴리 땜에 또 울음 장난감들이주인을위해ㅈㄹ뺑이를쳐  제시버즈 야무지게 말아줘서 야르~ 토이스토리20까지나오면좋겟어여저죽을때까지볼래요,엄마가 보니 위로해줄때 울엇고 이후 릴리 땜에 또 울음 장난감들이주인을위해 뺑이를쳐 제시버즈 야무지게 말아줘서 야르 토이스토리20까지나오면좋겟어여저죽을때까지볼래요,2026-07,2026-07-02,21,Thursday,False,90,16,positive,0.02509215437242003,-0.006924880572738267,-0.008004046088457223,-0.013641490734506247,0.007909889841692747,-0.014342087726226034,-0.03071330076297773,0.004467318769698056,-0.0033231198902876563,-0.008651483374608552
8n92Vpgj6GQAJ,민짜,3.0,2026-07-02 06:31:14+00:00,,2,0,False,이제는 꼰대가 된 추억의 그것들.,이제는 꼰대가 된 추억의 그것들.,2026-07,2026-07-02,15,Thursday,False,18,5,neutral,0.06972988688281555,-0.03242077083333621,0.00643818619142773,-0.02751073383892383,-0.016443390321424445,-0.05780657235329417,-0.04435383221593546,-0.1938055996931332,0.09524691788645497,-0.03396277184532091
1Vl2bbXRlD2rR,김동근,4.0,2026-07-02 06:27:04+00:00,,2,0,False,"난 겨우야 어른이 되었으면서도 아들 녀석은 더 빨리, 당연히 어른스러운 아이가 되길 바랐구나. 미안하구나. 더 너답게 있다가, 좀 더 이따 어른이 되고 싶다고 하면 기쁘게 널 도와 지켜봐주마.",난 겨우야 어른이 되었으면서도 아들 녀석은 더 빨리 당연히 어른스러운 아이가 되길 바랐구나. 미안하구나. 더 너답게 있다가 좀 더 이따 어른이 되고 싶다고 하면 기쁘게 널 도와 지켜봐주마.,2026-07,2026-07-02,15,Thursday,False,105,28,positive,0.06948916169559712,-0.11405638873434248,-0.06699649277800139,-0.022548481358392367,-0.14488117569848324,0.2846476612453025,-0.02497511132862241,0.012733937991986246,-0.0028917416079013766,0.06510841268650286
boPQjo1XG0EKL,LED's,4.0,2026-07-02 05:54:56+00:00,,2,0,False,"(온연한)3편(의 철학)과 (논쟁적인)4편(의 철학) 사이 없었던, 완벽한 링크... 언젠가 사라질 우리의 절대 사라지지 않을 유산(legacy)-삶의 이유에 대하여....",온연한 3편 의 철학 과 논쟁적인 4편 의 철학 사이 없었던 완벽한 링크... 언젠가 사라질 우리의 절대 사라지지 않을 유산 legacy 삶의 이유에 대하여....,2026-07,2026-07-02,14,Thursday,False,91,24,positive,0.0474517511391887,-0.04395909318050431,-0.02528619436678175,-0.008688314620572186,-0.033646827242783575,-0.03719776706034108,0.021146711615541432,0.005266292565859644,-0.024201399260087283,-0.11379260088983457
WzO2g4jgyYMXZ,Hun,4.5,2026-07-02 03:34:33+00:00,,2,0,False,난 토이스토리 병에 걸렸다. 이거만 보면 눈물이 나. 내 추억을 기억하게 만들어줘서 코멘트도 쓸수없고 점수를 메기는거 조차 의미없다.  주체가 우디 버즈에서 제시로 넘어간건 조금 아쉬웠지만 제시도 너무 좋았어!  장난감은 상술이 아니다. 꿈이다!,난 토이스토리 병에 걸렸다. 이거만 보면 눈물이 나. 내 추억을 기억하게 만들어줘서 코멘트도 쓸수없고 점수를 메기는거 조차 의미없다. 주체가 우디 버즈에서 제시로 넘어간건 조금 아쉬웠지만 제시도 너무 좋았어! 장난감은 상술이 아니다. 꿈이다!,2026-07,2026-07-02,12,Thursday,False,135,32,positive,0.09343384768759329,-0.09703976620517332,0.10524503903700437,0.16888405138792864,0.046600729790475415,-0.004900395823481297,-0.05694681392925035,-0.04988379315933318,0.006023937998388473,-0.08909705817137198
3kNEpe8OkX2Og,정재홍,4.0,2026-07-02 00:46:20+00:00,,2,0,False,"그래, 이 맛이었지",그래 이 맛이었지,2026-07,2026-07-02,9,Thursday,False,9,3,positive,0.0014367699087082192,-0.0022339134356923838,-0.004468147797211154,-0.001186949778344375,0.0015886558438126747,-0.005131017454795023,0.003737220929445407,0.009481165026315637,-0.0006663596072419291,-0.005213033163198243
3WB2qozpWxQpj,이레,3.0,2026-07-01 15:58:35+00:00,,2,0,False,"아무런 이유 없이 그저 어린시절을 함께했다는 것만으로도 사랑하게 되는 나무, 햇빛, 오래된 노래와 타이어 제멋대로 흐트러진 말발굽 마치 낡은 앨범을 들여다보듯이 이제는 남의 이야기 같지만 한번쯤 뒤돌아보고 싶어지는 내가 잘 아는 얼굴",아무런 이유 없이 그저 어린시절을 함께했다는 것만으로도 사랑하게 되는 나무 햇빛 오래된 노래와 타이어 제멋대로 흐트러진 말발굽 마치 낡은 앨범을 들여다보듯이 이제는 남의 이야기 같지만 한번쯤 뒤돌아보고 싶어지는 내가 잘 아는 얼굴,2026-07,2026-07-02,0,Thursday,False,128,32,neutral,0.08251230248552636,-0.06112825643630137,-0.02676735598578749,-0.016242513232481194,-0.003077212433960686,-0.04313377112358386,-0.05294611057177055,-0.14392317853952985,0.02468031234792728,-0.004969527298174136
PkvE6Dj177Mpg,mandu,3.0,2026-07-01 15:32:42+00:00,2026-06-30 15:00:00+00:00,2,0,False,누가 토이스토리 안보면 고아라고 해서 봤어요,누가 토이스토리 안보면 고아라고 해서 봤어요,2026-07,2026-07-02,0,Thursday,False,24,6,neutral,0.08887331243383391,-0.1113059686727923,0.16248573000622754,0.42341460509150985,0.13915393224407724,0.08391707555064049,-0.07860280563635623,-0.0003846755147749065,-0.023393175354043994,-0.011456189191254402
xplMdbjzavE4o,민지,4.0,2026-07-01 15:01:29+00:00,,2,0,False,올드토이 남일같지 않다…늙어가고 버려지고 잊혀져가고..날 스쳐지나간 모두에게..마음속에 남겨져있기를…….,올드토이 남일같지 않다 늙어가고 버려지고 잊혀져가고..날 스쳐지나간 모두에게..마음속에 남겨져있기를 .,2026-07,2026-07-02,0,Thursday,False,57,10,positive,0.024707851169498744,-0.01041375188122426,-0.008428855595004628,-0.0013214472472605403,-0.00962733223360677,-0.00416881915367502,0.001980655846516447,-0.00912847183999913,-0.00985638867601875,0.0012841509056546753
PkvE6Dj1OvMpg,김민규,3.5,2026-07-01 14:36:47+00:00,,2,0,False,순수한 성숙함.,순수한 성숙함.,2026-07,2026-07-01,23,Wednesday,False,8,2,positive,0.003844305689863462,-0.009860300648671189,-0.010198259583448365,-0.002365947614055037,-0.007728759832007203,0.007218693251368303,0.0012056495763083058,0.04480184124832886,0.010345367911988852,-0.01850868985337619
jxZQRxnaDd2bq,BB,4.0,2026-07-01 13:36:05+00:00,,2,0,False,"260701 향수 티저도 안 보고 갑자기 보러간 영화, 얼마만의 영화관인지 기억도 안난다.  우디가 안 나올까봐 걱정했는데 버즈와 제시가 영화를 이끌며 정겨운 얼굴들이 나와서 너무 좋았음  인형 놀이를 할 때 작화가 그림처럼 바뀌는 것도 너무 좋았고 제시의 첫 주인이 어른이 된 설정도 정말 좋았음 여기서 눈물 주르륵 흘림 수많은 버즈들이 주인을 찾고 그중 어른에게도 간 설정도 좋았다 마치 이 영화를 보면서 자라고, 기다리고, 또 함께 마무리한 어른들에게 바치는 것 같았음  쿠키 두개까지 챙겨보고 테일러스위프트의 노래도 좋았다  마블도, 토이스토리도. 내 청춘 영화들이 자꾸 끝맺어서 너무 아쉽고 찬란했다!",260701 향수 티저도 안 보고 갑자기 보러간 영화 얼마만의 영화관인지 기억도 안난다. 우디가 안 나올까봐 걱정했는데 버즈와 제시가 영화를 이끌며 정겨운 얼굴들이 나와서 너무 좋았음 인형 놀이를 할 때 작화가 그림처럼 바뀌는 것도 너무 좋았고 제시의 첫 주인이 어른이 된 설정도 정말 좋았음 여기서 눈물 주르륵 흘림 수많은 버즈들이 주인을 찾고 그중 어른에게도 간 설정도 좋았다 마치 이 영화를 보면서 자라고 기다리고 또 함께 마무리한 어른들에게 바치는 것 같았음 쿠키 두개까지 챙겨보고 테일러스위프트의 노래도 좋았다 마블도 토이스토리도. 내 청춘 영화들이 자꾸 끝맺어서 너무 아쉽고 찬란했다!,2026-07,2026-07-01,22,Wednesday,False,333,85,positive,0.10438028636507128,-0.0915161720355473,-0.019112664919043874,-0.03143789436058116,-0.09216621945590137,0.05701839746340445,-0.031276509794939886,-0.04430786185520886,-0.04486413921783134,-0.07410300727654674
kpeQKvopkJMYN,집가고싶다,5.0,2026-07-01 12:42:05+00:00,,2,0,False,구관이 명관이다,구관이 명관이다,2026-07,2026-07-01,21,Wednesday,False,8,2,positive,0.0,0.0,0.0,0.0,0.0,0.0,0.0,0.0,0.0,0.0
W9bEBeqxKLQpZ,TO,4.5,2026-07-01 12:29:55+00:00,2026-06-28 15:00:00+00:00,2,0,False,첫사랑이기만 했다면 그냥 5점을 줬겠지 하지만 내 토이스토리는 현재진행형이다 이거야,첫사랑이기만 했다면 그냥 5점을 줬겠지 하지만 내 토이스토리는 현재진행형이다 이거야,2026-07,2026-07-01,21,Wednesday,False,46,10,positive,0.03260182624534154,-0.06509831755041949,-0.03593182842500739,-0.00046356244397741326,0.010593265921269393,-0.1289118918535405,0.11659279918587243,0.04689684452954321,-0.11642316968261794,0.0734527749608857
NXnE5ZjGNB2zG,ㅁ1ㄱㅗng,1.0,2026-07-01 10:02:59+00:00,,2,0,False,미안합니다 잤어요 .. 나중에다시볼게요..,미안합니다 잤어요 .. 나중에다시볼게요..,2026-07,2026-07-01,19,Wednesday,False,23,4,negative,0.0,0.0,0.0,0.0,0.0,0.0,0.0,0.0,0.0,0.0
ZGYMGGzlr9Mr8,👁️👁️,4.5,2026-07-01 09:12:24+00:00,2026-06-27 15:00:00+00:00,2,1,False,릴리패드라는 소재도 참신했고 스토리가 뻔할지라도 너무 좋아서 울고 웃으면서 봤다 유머코드 수준 >버즈군단< 얘네랑 너무 잘 맞아서 꺽꺽웃음  집에 있는 장난감 하나하나쓰다듬어줄테야… ㅜㅜ,릴리패드라는 소재도 참신했고 스토리가 뻔할지라도 너무 좋아서 울고 웃으면서 봤다 유머코드 수준 버즈군단 얘네랑 너무 잘 맞아서 꺽꺽웃음 집에 있는 장난감 하나하나쓰다듬어줄테야,2026-07,2026-07-01,18,Wednesday,False,97,22,positive,0.09550893468671946,-0.05483667956913691,-0.06989884094918163,-0.04498885778381888,0.11033580015811627,0.11803250716899923,0.07344666190542466,-0.0895751400995454,0.0909834375210001,-0.08450942861787657
lP0E85pdKw2bx,KCW,3.5,2026-07-01 04:35:13+00:00,2026-06-27 15:00:00+00:00,2,0,False,4가 '매력적인 외전'이라면 5는 '안전한 시리즈',4가 매력적인 외전 이라면 5는 안전한 시리즈,2026-07,2026-07-01,13,Wednesday,False,25,7,positive,0.04555416005729336,-0.021411413039458344,-0.01137437353194205,0.008875020342737782,7.891938737685476e-05,-0.01525724081730125,-0.003755366149629945,-0.06486731589440162,0.0031821044797590015,0.0058369823326075735
5yz2YVgxKeMWj,익명의 땅다람쥐,5.0,2026-06-30 23:45:28+00:00,,2,0,False,"세상이 변해도 결국 중요한 것은 자기 이해와 진짜 관계라는 생각이 들었다. 아이들의 장난감은 패드가 대신했고, 어릴 적 토이스토리를 보던 어린 우리는 이제 어른이 되어 장난감을 찾지 않게 되었다. 세 번째 시리즈에서 막을 내렸어야 했다는 평가도 있지만, 버즈와 우디가 다시 극장으로 찾아와 준 것만으로도 즐거운 감상이 되었다. 어린 시절을 떠올리며 팝업을 방문하고 굿즈를 사는 등 장난감의 소비 방식은 달라졌지만, 결국 장난감이라는 것은 사람과 사람을 이어주기도 하고 내면의 자신과 이야기하게 만들기도 한다. 세상이 빠르게 변하고 관계의 형태도 달라졌지만, 결국 중요한 것은 내가 어떤 사람인지 스스로 알고, 그 모습 그대로의 나를 받아들여 줄 친구를 만나는 일이라는 생각이 들었다. 토이스토리가 늘 이야기해 온 것도 어쩌면 그것 아닐까. 누군가의 곁에 남아 함께 시간을 보내는 것, 그리고 서로에게 ‘네가 있어서 괜찮다’는 존재가 되어주는 것. 그래서 이번 영화는 단순한 향수 이상의 의미로 다가왔다.",세상이 변해도 결국 중요한 것은 자기 이해와 진짜 관계라는 생각이 들었다. 아이들의 장난감은 패드가 대신했고 어릴 적 토이스토리를 보던 어린 우리는 이제 어른이 되어 장난감을 찾지 않게 되었다. 세 번째 시리즈에서 막을 내렸어야 했다는 평가도 있지만 버즈와 우디가 다시 극장으로 찾아와 준 것만으로도 즐거운 감상이 되었다. 어린 시절을 떠올리며 팝업을 방문하고 굿즈를 사는 등 장난감의 소비 방식은 달라졌지만 결국 장난감이라는 것은 사람과 사람을 이어주기도 하고 내면의 자신과 이야기하게 만들기도 한다. 세상이 빠르게 변하고 관계의 형태도 달라졌지만 결국 중요한 것은 내가 어떤 사람인지 스스로 알고 그 모습 그대로의 나를 받아들여 줄 친구를 만나는 일이라는 생각이 들었다. 토이스토리가 늘 이야기해 온 것도 어쩌면 그것 아닐까. 누군가의 곁에 남아 함께 시간을 보내는 것 그리고 서로에게 네가 있어서 괜찮다 는 존재가 되어주는 것. 그래서 이번 영화는 단순한 향수 이상의 의미로 다가왔다.,2026-07,2026-07-01,8,Wednesday,False,498,127,positive,0.19663939158614738,-0.18983610058421352,-0.07347153330531474,-0.034818653272424574,-0.12088267389937501,-0.06807563047033098,-0.015821229277701458,-0.001484426588566857,-0.028069831612303895,-0.04079916485382601
3kNEpe8qy12Og,방진우,3.0,2026-06-30 15:02:51+00:00,,2,0,False,어쩌면 버려지고 잊혀진다는 것은 없을지도 모른다. 함께 하는 순간부터 앞으로도 이어질 삶의 일부가 되기 때문이다.,어쩌면 버려지고 잊혀진다는 것은 없을지도 모른다. 함께 하는 순간부터 앞으로도 이어질 삶의 일부가 되기 때문이다.,2026-07,2026-07-01,0,Wednesday,False,63,15,neutral,0.07378347336993372,-0.07275900065594432,-0.006608012445113764,-0.005001652498663788,-0.048860408265054944,-0.040905753982932135,-0.02903984255801533,0.04131760415380317,-0.021557436921504226,-0.09086910107561348
3WB2qozr9GQpj,김범수,1.5,2026-06-30 13:42:00+00:00,,2,0,False,“뭐 또 상부상조 엔딩이겠지”,뭐 또 상부상조 엔딩이겠지,2026-06,2026-06-30,22,Tuesday,False,14,4,negative,0.0,0.0,0.0,0.0,0.0,0.0,0.0,0.0,0.0,0.0
wlL2Do6XNoEyZ,도현,3.0,2026-06-30 12:37:40+00:00,,2,0,False,많이 자라 어른이 된 나에게 보여주는 선물,많이 자라 어른이 된 나에게 보여주는 선물,2026-06,2026-06-30,21,Tuesday,False,23,7,neutral,0.0769170399727634,-0.07880839506969498,-0.05705149387769571,-0.028866149271847802,-0.14614009238563289,0.1981590038871222,0.0001392588626208677,-0.011004532853210763,-0.02859887366064625,0.036387265632766584
OAxM71BXBmEbm,Kaelo,3.5,2026-06-30 10:54:20+00:00,2026-06-25 15:00:00+00:00,2,0,False,대체하는 것과 대체되는 것 경계에서 호기롭고 안전하게 내딛은 발돋움.,대체하는 것과 대체되는 것 경계에서 호기롭고 안전하게 내딛은 발돋움.,2026-06,2026-06-30,19,Tuesday,False,38,9,positive,0.005860075546049741,-0.010562993060588674,-0.0038293351060607896,0.0007533838584057481,-0.009354479432908697,-0.02880771811117055,-0.010638646871873693,0.0015342103384937914,-0.005621270893529225,-0.02936524090453868
NXnE5Zjbar2zG,손정호,3.0,2026-06-30 09:13:56+00:00,,2,0,False,3에서 끝냈어야했다.,3에서 끝냈어야했다.,2026-06,2026-06-30,18,Tuesday,False,11,2,neutral,0.02186778158240741,-0.017609695775504225,-0.0071840658663335265,0.006897776504734047,-0.0037617678196162183,-0.053133627452108874,0.04918068745627713,-0.0034115670684441188,-0.045323277283569434,0.03773486298305829
mkPMne6JR92wq,한덕광,3.5,2026-06-30 09:07:09+00:00,,2,1,False,커여운것들 ㅋ,커여운것들,2026-06,2026-06-30,18,Tuesday,False,5,1,positive,0.0,0.0,0.0,0.0,0.0,0.0,0.0,0.0,0.0,0.0
mkPMne6Jag2wq,yeahlinee,5.0,2026-06-30 06:49:01+00:00,,2,0,False,우리는 게임이 아닌 놀이가 필요하다!,우리는 게임이 아닌 놀이가 필요하다!,2026-06,2026-06-30,15,Tuesday,False,20,5,positive,0.08470665054217605,0.004654634242008823,-0.05584527699361996,-0.03895449630465664,0.06063826735240774,-0.03701992339687424,-0.12146177249763734,0.1097633342148937,-0.05559522954789666,-0.0038556182035698423
boPQjo1DBKEKL,蒼井優,3.5,2026-06-29 15:26:10+00:00,,2,0,False,와이파이로 이어진 관계보다 마음으로 이어진 사랑이 더 소중하다는 것. 제시와 친구들의 감동적인 변화구.,와이파이로 이어진 관계보다 마음으로 이어진 사랑이 더 소중하다는 것. 제시와 친구들의 감동적인 변화구.,2026-06,2026-06-30,0,Tuesday,False,57,13,positive,0.01793041815341731,-0.02381766054527818,-0.0049788772051312866,-0.003390458476354213,-0.01668521414395883,-0.00933905737539422,-0.0017687404443668688,0.0019075621846293702,0.01816560993459134,-0.03263725432328096
boY2lYqpbjMWO,로이아나준,3.0,2026-06-29 11:07:58+00:00,,2,0,False,"내 동심도, 아직은 엔딩이 아니다",내 동심도 아직은 엔딩이 아니다,2026-06,2026-06-29,20,Monday,False,17,5,neutral,0.01967200382051189,-0.024909816714104374,-0.002747809998412221,0.001979377665551084,-0.011317786999393613,-0.018795774656851085,-0.021623077672958787,0.002085333533674667,0.0012696912811912251,-0.031922585708325964
boY2lYqpdYMWO,휴지말이,4.0,2026-06-29 09:28:33+00:00,,2,0,False,"누구나 자신만의 상상력이 있으며, 우리 안의 상상력은 어릴 적 함께한 '장난감'을 가지고 놀며 자연스럽게 자라난다. 이 영화는 자신과 노는 아이를 '우리 애'라고 소중하게 부르는 장난감의 시선을 통해, 장난감이 아이의 상상력을 길러준 부모와도 같다는 것을 보여준다.",누구나 자신만의 상상력이 있으며 우리 안의 상상력은 어릴 적 함께한 장난감 을 가지고 놀며 자연스럽게 자라난다. 이 영화는 자신과 노는 아이를 우리 애 라고 소중하게 부르는 장난감의 시선을 통해 장난감이 아이의 상상력을 길러준 부모와도 같다는 것을 보여준다.,2026-06,2026-06-29,18,Monday,False,144,37,positive,0.11972436947543781,-0.07942397907272142,-0.07952098266333486,-0.050314091801155925,0.09061299743485787,-0.03607813318955359,-0.033061737024129206,0.04900958350386127,-0.007948171101000228,-0.12936584441912943
6PzQ44jpkzQqV,토리19,2.5,2026-06-29 08:56:44+00:00,,2,0,False,솔직히 의리로 봤다,솔직히 의리로 봤다,2026-06,2026-06-29,17,Monday,False,10,3,negative,0.01497702606187727,-0.008348554441418975,-0.008121810960723157,-0.0038120215481998333,0.006742370076857442,0.00584858303926592,0.0006140605384152781,-0.01633509037865511,-0.0004484717812254426,-0.02990052032194123
PkvE6Djgm7Mpg,이병,4.0,2026-06-29 06:54:02+00:00,,2,0,False,타임머신 체험. 잊고있던 그 시절의 동심을 떠올리게 해준다.,타임머신 체험. 잊고있던 그 시절의 동심을 떠올리게 해준다.,2026-06,2026-06-29,15,Monday,False,33,8,positive,0.027987096261843057,-0.0389633140436544,0.017239262874171088,-0.008662304666490123,-0.015669802580195243,-0.02127390021577377,0.023327820688078264,0.0071433286479870494,-0.04929275209081208,-0.012746469546257813
bW3Qk75AZLQ9p,수씨,3.0,2026-06-29 06:23:06+00:00,,2,0,False,장난감들아 나 자라는거 지켜봐줘서 고마워😍😍😍,장난감들아 나 자라는거 지켜봐줘서 고마워,2026-06,2026-06-29,15,Monday,False,22,5,neutral,0.015357495280594047,-0.02674519944132764,-0.012411949812209508,-0.006769340801249442,-0.024223443581564204,0.015111038672989961,-0.0006776613769720047,0.01846859775676613,-0.0073571537135995865,-0.014833992958183106
8kXQebPq3vEP6,Pikaia,3.5,2026-06-29 04:27:35+00:00,2026-06-27 15:00:00+00:00,2,0,False,"토이스토리 1,2,3,4,5... 다 보진 못했지만 시리즈의 기획에 감탄했다. 1을 구상하던 작가와 감독은 5를 상상할 수 없었을 것이다. 시리즈물의 아름다운 점은 시대성이다. 아이가 어른이 되고 어른이 노인이 되어가며 시간은 흐르고 세상은 변한다.",토이스토리 1 2 3 4 5... 다 보진 못했지만 시리즈의 기획에 감탄했다. 1을 구상하던 작가와 감독은 5를 상상할 수 없었을 것이다. 시리즈물의 아름다운 점은 시대성이다. 아이가 어른이 되고 어른이 노인이 되어가며 시간은 흐르고 세상은 변한다.,2026-06,2026-06-29,13,Monday,False,139,35,positive,0.13810573407830268,-0.15588471594100806,0.0029394148923166654,0.148170774095086,-0.101970182230757,0.24961125009735446,-0.04974268486321584,0.02945273728519861,-0.043738446231268116,0.02538448832467479
W4zQrOAWVVEw1,진진,4.0,2026-06-29 03:23:42+00:00,,2,0,False,방 한칸에서 여전히 나를 가장 응원하는 누군가,방 한칸에서 여전히 나를 가장 응원하는 누군가,2026-06,2026-06-29,12,Monday,False,25,7,positive,0.13843237107705247,-0.09785639126946628,-0.12880544092752666,-0.03639426242370664,0.188044474737277,-0.10308365807682969,0.009979977450382085,0.013299785880682098,-0.08780975979776515,0.3218236603093598
6PzQ44jeVqQqV,최은서,4.0,2026-06-28 14:51:52+00:00,,2,3,False,4보다훨재밋음 버즈50마리너무구ㅣ엽다 중간중간에 개그포인트가 억지스럽거나 유치하지 않고 재밌음,4보다훨재밋음 버즈50마리너무구 엽다 중간중간에 개그포인트가 억지스럽거나 유치하지 않고 재밌음,2026-06,2026-06-28,23,Sunday,True,52,9,positive,0.02106175190813187,-0.025482292482382898,-0.015028672034470886,-0.004895509914171197,-0.0072370240954426224,-0.023913890277814185,-0.00220327152179765,0.00866230269406062,-0.007046347097403468,-0.02992316040564876
7JVEoXmj9X29y,레고,5.0,2026-06-28 14:16:44+00:00,2026-06-26 15:00:00+00:00,2,0,False,게임이 아닌 놀이가 필요한 아이들,게임이 아닌 놀이가 필요한 아이들,2026-06,2026-06-28,23,Sunday,True,18,5,positive,0.07637758151424605,0.003935011452582126,-0.02900689609640388,-0.02935037592026543,0.027071855782311458,-0.05342920437639732,-0.11292991564180092,0.07349009107850595,-0.05570789834995918,0.006386073218351612
boY2lYqBglMWO,뚠빵,3.0,2026-06-28 12:29:09+00:00,,2,0,False,"커트 코베인은 비디오 스타가 되는 것을 거부하려 했지만, 아이러니하게도 MTV의 스타가 되었다. 토이스토리 5는 ‘놀이’의 낭만을 되찾는 것을 이야기하지만, 역시 아이러니하게도 그 메시지는, 영화라는 ‘미디어’  문물로 전달되었다.",커트 코베인은 비디오 스타가 되는 것을 거부하려 했지만 아이러니하게도 MTV의 스타가 되었다. 토이스토리 5는 놀이 의 낭만을 되찾는 것을 이야기하지만 역시 아이러니하게도 그 메시지는 영화라는 미디어 문물로 전달되었다.,2026-06,2026-06-28,21,Sunday,True,122,28,neutral,0.11271471176234904,-0.10173127001897725,0.07597127940233087,0.23683765737475382,0.03039571541784115,0.01682110925264893,-0.06684138365507439,-0.06587166594871126,-0.07829027574316398,-0.019188921859109948
6GWQ1BnyBNEJ5,정동현,3.5,2026-06-28 11:09:18+00:00,,2,0,False,"기술의 발전은 아이들에게 이로운가.  아이들이 어린 시절부터 디지털 세상에 빠져사는 것이 비관적으로 보이는 것은 나만의 시대착오적 견해가 아닐 것이다. 아이들은 시공간을 초월하여 연결되어 있지만, 동시에 그 어느 때보다 외롭다. 무엇이든 손쉽게 할 수 있지만, 동시에 그 무엇도 상상하지 못한다.  결정적으로 요즘 아이들의 동심은 보호를 받지 못한다. 어른들의 시선으로 더렵혀진 세상에 무방비하게 노출되고, 그 나이대에 누려야 할, 그 나이대만이 누릴 수 있는 자연적 특권을 박탈당한다.  하지만 기술의 발전은 거스를 수 없는 역사의 흐름이기에, 이에 대한 <토이 스토리>만의 낙관적 해답.",기술의 발전은 아이들에게 이로운가. 아이들이 어린 시절부터 디지털 세상에 빠져사는 것이 비관적으로 보이는 것은 나만의 시대착오적 견해가 아닐 것이다. 아이들은 시공간을 초월하여 연결되어 있지만 동시에 그 어느 때보다 외롭다. 무엇이든 손쉽게 할 수 있지만 동시에 그 무엇도 상상하지 못한다. 결정적으로 요즘 아이들의 동심은 보호를 받지 못한다. 어른들의 시선으로 더렵혀진 세상에 무방비하게 노출되고 그 나이대에 누려야 할 그 나이대만이 누릴 수 있는 자연적 특권을 박탈당한다. 하지만 기술의 발전은 거스를 수 없는 역사의 흐름이기에 이에 대한 토이 스토리 만의 낙관적 해답.,2026-06,2026-06-28,20,Sunday,True,321,79,positive,0.22933383703646387,0.033370900452884336,-0.03403633874412868,-0.01402936180695648,-0.10039701905472777,-0.012159603248897555,0.015685312981238802,-0.025998156105034073,-0.04135416987842893,-0.08066777390633036
kpeQKvoK8OMYN,베이컨토마토디럭스,4.0,2026-06-28 10:58:32+00:00,,2,0,False,좀더 기술이 발전하면 버즈랑 가상현실에서 만나 같이 놀아볼 수도 있을 것 같다. 매우 높은 확률로 그럴 것이다. 돌이켜봤을때 나는 어린시절 소중하게 아껴본 장난감이 기억에 없다.,좀더 기술이 발전하면 버즈랑 가상현실에서 만나 같이 놀아볼 수도 있을 것 같다. 매우 높은 확률로 그럴 것이다. 돌이켜봤을때 나는 어린시절 소중하게 아껴본 장난감이 기억에 없다.,2026-06,2026-06-28,19,Sunday,True,99,25,positive,0.12319500036730427,-0.04613127081510425,-0.03472046857322239,-0.026695877962797928,-0.02025357229187647,-0.09941497776759545,-0.0886832805419473,0.06463694017456699,-0.028647027476913046,-0.040919702622288175
6PzQ44jRKVQqV,별이5개,3.0,2026-06-28 07:14:19+00:00,,2,0,False,수선스럽더라 이제는 우디에서 제시로?,수선스럽더라 이제는 우디에서 제시로?,2026-06,2026-06-28,16,Sunday,True,20,4,neutral,0.04929622932049173,-0.02317700991130002,0.00793001341352904,-0.0013355722099860786,0.014794553824824079,-0.035235385978306076,-0.04043553311717155,-0.17271797313114012,0.10680561723494211,-0.025948812014915414
W9bEBeq87jQpZ,구조주의자,4.0,2026-06-28 04:33:23+00:00,,2,0,False,언제 어른이 되는지는 우리가 정할 수 있는 게 아니야. 우리가 할 수 있는 건 어른이 될 수 있도록 도와주는 거지. 그 과정에 조금이라도 도움이 되었다면 난 행복해.,언제 어른이 되는지는 우리가 정할 수 있는 게 아니야. 우리가 할 수 있는 건 어른이 될 수 있도록 도와주는 거지. 그 과정에 조금이라도 도움이 되었다면 난 행복해.,2026-06,2026-06-28,13,Sunday,True,92,27,positive,0.138467138079065,-0.19816207256692253,-0.11539714243942163,-0.06637652097839944,-0.2369386443661619,0.578312372084829,-0.03024209571892068,0.04240940485530358,-0.016538906456139164,0.1380137844050052
W4zQrOA5wJEw1,중이,3.5,2026-06-28 03:28:26+00:00,2026-06-26 15:00:00+00:00,2,0,True,아이들이 터치패드에 익숙한 현실을 반영해 장난감들이 위기를 맞는다는 설정 자체는 흥미롭다. 그러나 제시를 제외한 대부분의 캐릭터가 소모적으로 소비된 점은 아쉬움을 남긴다.,아이들이 터치패드에 익숙한 현실을 반영해 장난감들이 위기를 맞는다는 설정 자체는 흥미롭다. 그러나 제시를 제외한 대부분의 캐릭터가 소모적으로 소비된 점은 아쉬움을 남긴다.,2026-06,2026-06-28,12,Sunday,True,95,21,positive,0.04709321230849282,-0.03302724919996319,-0.007461489423972306,-0.0053655321163974,-0.025234811736196832,-0.009302658172022577,-0.0350129932394012,-0.03386766107297115,-0.02313339627747701,-0.015872044235026556
W4zQrOA389Ew1,낚시,4.0,2026-06-27 15:19:35+00:00,,2,0,False,버즈가 너무 못생겨서 울엇어,버즈가 너무 못생겨서 울엇어,2026-06,2026-06-28,0,Sunday,True,15,4,positive,0.0070182388719632095,-0.009546023024058183,-0.0001503965761144474,-0.008098617909963532,-0.002219467846450092,-0.008261284591316037,-0.009423460716896996,-0.0037052403952227975,-0.005822107560922539,-0.01835030492640731
zD82XXgzkB253,유서진,4.5,2026-06-27 14:02:25+00:00,,2,0,False,"스토리가 어떻든 간에, 연출이 어떻든 간에, 완성도가 어떻든 간에, 너희들은 언제나 사랑할 거야",스토리가 어떻든 간에 연출이 어떻든 간에 완성도가 어떻든 간에 너희들은 언제나 사랑할 거야,2026-06,2026-06-27,23,Saturday,True,50,13,positive,0.04809949553062852,-0.04766423238119701,-0.030974963632543425,-0.023041959955588987,-0.002099237352685844,0.0813264192471206,0.06801904988558286,0.0228544843371628,-0.03635376253655954,0.020147431246261692
6GWQ1BnK13EJ5,박지원_리뷰를 리뷰하다,4.0,2026-06-27 09:59:55+00:00,,2,0,False,"아이들에게 좋은 어른이 되고 싶다는 이 마음은, 모두 너희가 만들어 준 거야.  Thank you for making me want to be a good grown-up for kids.  202.06.27",아이들에게 좋은 어른이 되고 싶다는 이 마음은 모두 너희가 만들어 준 거야. Thank you for making me want to be a good grown up for kids. 202.06.27,2026-06,2026-06-27,18,Saturday,True,113,27,positive,0.06695656761385184,-0.10110938047769708,-0.033515281749649545,-0.011373389776694534,-0.104449643218382,0.16612393958777508,-0.029833102260358776,0.014737538365047844,-0.030146503098951536,-0.006974808154615371
6PzQ44j35dQqV,초록,5.0,2026-06-27 08:17:54+00:00,2026-06-26 15:00:00+00:00,2,0,False,가슴에 국밥 쏟음. 버즈라이트이어 갖고싶다 나한테도 날아와라,가슴에 국밥 쏟음. 버즈라이트이어 갖고싶다 나한테도 날아와라,2026-06,2026-06-27,17,Saturday,True,33,7,positive,0.002196168741493705,-0.003753966958938791,0.0014716724644907651,0.0014131193566049804,-0.011710162763272774,0.00873346944941296,0.0053181169627617665,0.0013049552468247137,-0.027642066122207126,-0.0015977350770526408
jxZQRxnlxd2bq,POOH,4.0,2026-06-26 15:12:33+00:00,,2,0,False,"에밀리에게 제시는 그녀 인생의 시작이였고 이정표였고 삶에서 가장 중요한 부분중 하나였던것처럼 이 영화도 나에게 있어 그런 존재일것이다. 어릴때 이 영화만큼 사랑한 영화는 없었고, 그랬기에 보고 또 볼때마다 제시가 에밀리에게 그랬던것처럼 나에게 항상 새롭고 행복한 추억을 만들어줬다고 생각한다. 가끔은 흐릿해지겠지만 그럼에도 언제까지나 이 시리즈는 나에게 그런 존재일 것이다.",에밀리에게 제시는 그녀 인생의 시작이였고 이정표였고 삶에서 가장 중요한 부분중 하나였던것처럼 이 영화도 나에게 있어 그런 존재일것이다. 어릴때 이 영화만큼 사랑한 영화는 없었고 그랬기에 보고 또 볼때마다 제시가 에밀리에게 그랬던것처럼 나에게 항상 새롭고 행복한 추억을 만들어줬다고 생각한다. 가끔은 흐릿해지겠지만 그럼에도 언제까지나 이 시리즈는 나에게 그런 존재일 것이다.,2026-06,2026-06-27,0,Saturday,True,208,47,positive,0.11107304898161217,-0.07340942772345906,-0.04849862743688591,-0.010134813335479938,-0.09018042545023798,-0.020357041981670782,0.012495456916597984,-0.0315096984770781,-0.0667283158873102,-0.0792387960632794
6GWQ1BnnolEJ5,robyn,3.5,2026-06-26 14:46:28+00:00,,2,0,False,억감동도 감동이다..,억감동도 감동이다..,2026-06,2026-06-26,23,Friday,False,11,2,positive,0.0,0.0,0.0,0.0,0.0,0.0,0.0,0.0,0.0,0.0
gwVQxnOO992B0,재우몬,4.0,2026-06-26 14:40:30+00:00,,2,0,False,이 나이 먹고 계속 토이스토리를 기다리는 이유는 뭘까,이 나이 먹고 계속 토이스토리를 기다리는 이유는 뭘까,2026-06,2026-06-26,23,Friday,False,29,8,positive,0.031189698065525597,-0.02976461307047846,-0.01335584337209225,0.005621469813647485,-0.008350027522492167,-0.0012658352377005197,0.0039099831540288284,-0.05014290441736515,0.01805402716351126,-0.008184081679861496
NXnE5ZjjvP2zG,ncorz,4.5,2026-06-26 12:41:49+00:00,2026-06-25 15:00:00+00:00,2,0,False,모든게 변해도 변하지 않는 것이 있어..,모든게 변해도 변하지 않는 것이 있어..,2026-06,2026-06-26,21,Friday,False,22,6,positive,0.07696812983713769,-0.09845715512845761,-0.024580529983668747,-0.0036128794324555577,-0.05512533980329413,-0.08486567056520666,-0.017552714991973063,0.08991625836554258,0.02156543197388832,-0.21487652748376118
BglQaaggevQX0,da,3.0,2026-06-26 12:07:36+00:00,,2,0,False,다 떠나서 개운하지가 않네… 패러다임의 변화가 너무 크고 중차대한데 편법으로 매조지하구 장난감들이 행복할지도 모르겠구 쩝 너무 동시대적이야기라 그른가  5 기다리면서 1-4편 다시보게 해줘서 별 찍눈다..,다 떠나서 개운하지가 않네 패러다임의 변화가 너무 크고 중차대한데 편법으로 매조지하구 장난감들이 행복할지도 모르겠구 쩝 너무 동시대적이야기라 그른가 5 기다리면서 1 4편 다시보게 해줘서 별 찍눈다..,2026-06,2026-06-26,21,Friday,False,112,26,neutral,0.03689086747636994,-0.033678994853474475,-0.014064949938028854,-0.003948392935384086,0.0017652089718365087,-0.0018375527003538195,-0.013551610159483288,-0.02782515648724769,-0.011888396041376316,0.006168500128249243
69oMvpwr66Eal,재준,3.0,2026-06-26 10:12:01+00:00,,2,0,False,"디지털 시대에서 사람과 사람 사이의 관계는 아날로그 시대의 유대감에 비해 약화되었다. 영화는 게임이 놀이와 달리 결여한 요소를 창의성으로 보고 있다. 분명 놀이는 직접적으로 내 세계를 창조하여야 한다는 점에서 재미의 개입성과 몰입도에 차이를 보인다.  이전 시리즈에서 장난감이 자신의 위치를 깨닫는 데까지 시간이 필요했듯이 제시에게 변화한 시대에서 역할을 이해하고 수용하는 과정을 흥미진진하게 그려냈다.  몇 가지 장면은 과거 토이스토리를 감상했던 관객의 향수를 불러일으키게 충분했지만, 스토리 후반부 말하고자 하는 메시지를 급격하게 마무리하기 위해 캐릭터의 배치가 소비적으로 후퇴한 점은 아쉬운 부분이다.",디지털 시대에서 사람과 사람 사이의 관계는 아날로그 시대의 유대감에 비해 약화되었다. 영화는 게임이 놀이와 달리 결여한 요소를 창의성으로 보고 있다. 분명 놀이는 직접적으로 내 세계를 창조하여야 한다는 점에서 재미의 개입성과 몰입도에 차이를 보인다. 이전 시리즈에서 장난감이 자신의 위치를 깨닫는 데까지 시간이 필요했듯이 제시에게 변화한 시대에서 역할을 이해하고 수용하는 과정을 흥미진진하게 그려냈다. 몇 가지 장면은 과거 토이스토리를 감상했던 관객의 향수를 불러일으키게 충분했지만 스토리 후반부 말하고자 하는 메시지를 급격하게 마무리하기 위해 캐릭터의 배치가 소비적으로 후퇴한 점은 아쉬운 부분이다.,2026-06,2026-06-26,19,Friday,False,336,76,neutral,0.16028848094990453,0.013969011352677184,-0.03131560916930059,-0.010171773164164502,-0.028515462100990877,-0.055775025275228075,-0.08576118819259537,0.015737485597111085,-0.026066771840806767,-0.041880157229056914
boY2lYq8z7MWO,주관적으로,3.5,2026-06-26 08:43:37+00:00,2026-06-20 15:00:00+00:00,2,0,False,매력적인 시리즈가 잊혀질만 하면 다시 이어진다는 게 얼마나 감사한 일인지 이래서 시리즈물에 빠지게 되는 것 같다 다시 또 나타나줘,매력적인 시리즈가 잊혀질만 하면 다시 이어진다는 게 얼마나 감사한 일인지 이래서 시리즈물에 빠지게 되는 것 같다 다시 또 나타나줘,2026-06,2026-06-26,17,Friday,False,72,19,positive,0.11092134375521653,-0.11311397205104698,-0.07069822342123154,-0.008817114444298491,-0.10241102584072886,-0.10242911619414626,-0.06703926688372082,-0.20481028093900305,0.198269500353475,0.19359251417527232
0ezQyeO8lnQpq,홍우빈,3.5,2026-06-26 07:39:41+00:00,,2,0,False,변화되는 것은 사라지는 것이 아니라 남겨지는 것.,변화되는 것은 사라지는 것이 아니라 남겨지는 것.,2026-06,2026-06-26,16,Friday,False,27,7,positive,0.09815174709176408,-0.1380531810000491,-0.037129296255350705,-0.01287773729430702,-0.10447730264298377,-0.16962668247647475,0.004103858220846038,0.09326663619742592,0.1805337784048779,-0.10607034039795062
5yz2YVg9gZMWj,홍덕팔,4.5,2026-06-25 12:25:11+00:00,,2,0,False,누구나 만져봤을 한 줌의 찰흙을 치대어 완성한 결이 풍성하고 다단한 세공품,누구나 만져봤을 한 줌의 찰흙을 치대어 완성한 결이 풍성하고 다단한 세공품,2026-06,2026-06-25,21,Thursday,False,41,11,positive,0.007923115276220237,-0.006059016121210611,-0.002571953805966469,-0.005124395972396252,-0.0014083983384099116,-0.008632214211167132,-0.005832680406263996,0.0010328938027693267,-0.001683835847179459,-0.015517351738035074
j7kQzkOe5zEl4,ADHD,3.5,2026-06-25 07:44:09+00:00,,2,0,False,이번에도 절 울리시는군요...,이번에도 절 울리시는군요...,2026-06,2026-06-25,16,Thursday,False,16,3,positive,0.02664443850293754,-0.043796737138135755,0.014957260276771623,0.05577220418173478,-0.009971097862789291,0.015132098096171267,0.029134591979575672,0.02789412593417771,-0.11609403286127831,-0.036016805474326556
bW3Qk75j9oQ9p,이승우,4.0,2026-06-25 03:16:48+00:00,,2,0,False,계속해서 웃음 짓게 만드는 픽사의 마법.,계속해서 웃음 짓게 만드는 픽사의 마법.,2026-06,2026-06-25,12,Thursday,False,22,6,positive,0.03284071089649759,-0.018245546001873697,0.00723200086842216,-0.014118579507424477,-0.029489234577699468,-0.010934767269816542,-0.053060640237653355,0.0019763563754321973,-0.033618842539870984,-0.004230295671822916
lP0E85pl7Y2bx,ㅈㅎ,4.0,2026-06-24 23:17:16+00:00,,2,0,False,몽글몽글 너무 귀엽다 토이스토리 팬 아니면 별 감흥 없을지도,몽글몽글 너무 귀엽다 토이스토리 팬 아니면 별 감흥 없을지도,2026-06,2026-06-25,8,Thursday,False,33,9,positive,0.09984369181123755,-0.11586279413030012,0.149389506115336,0.3912150500269381,0.11577755494502968,0.06774043511845083,-0.07142861401484472,0.0012616616538039494,-0.029956468466002105,-0.026867975627313495
3WB2qozoeNQpj,EuiSeok Hwang,4.0,2026-06-24 13:23:53+00:00,,2,0,False,"픽셀과 플라스틱의 5묘한 조화, 기어이 두 세계의 따뜻한 상생을 완성하다.",픽셀과 플라스틱의 5묘한 조화 기어이 두 세계의 따뜻한 상생을 완성하다.,2026-06,2026-06-24,22,Wednesday,False,40,10,positive,0.013043994725790507,-0.004185391365920111,-0.008026265194845053,-0.005028290655741598,-0.012392713833729599,0.006908869664546948,-0.011073764042013007,-0.003912525177896674,-0.0030879209062540025,0.006863172411310484
XpeMJGJoZdQJn,열빙어 먹는 포차,4.0,2026-06-24 12:58:24+00:00,2026-06-20 15:00:00+00:00,2,0,False,흐엉 많은 새로운 것들을 마주하는 오래된 나를 위하여  ** 와이파이가 터지는 버전의 나를 마주하는 기분이라니,흐엉 많은 새로운 것들을 마주하는 오래된 나를 위하여 와이파이가 터지는 버전의 나를 마주하는 기분이라니,2026-06,2026-06-24,21,Wednesday,False,57,14,positive,0.07445732296224189,-0.09921423555464606,-0.029042945900399283,0.03690329682754435,0.01573216891945005,-0.21018599123060266,0.1107603581580085,-0.06283472769793198,-0.0671157557972675,0.25973073416634096
0ezQyeOJX3Qpq,정민요,4.0,2026-06-24 12:55:22+00:00,2026-06-23 15:00:00+00:00,2,1,False,장난감도 마음을 돌려받을 수 있는거임? 조이도?,장난감도 마음을 돌려받을 수 있는거임? 조이도?,2026-06,2026-06-24,21,Wednesday,False,26,6,positive,0.03639868783290883,-0.027223368171735457,-0.013048763677530335,0.002973463459184566,0.012910022326916976,-0.009727791598162405,-0.024315273281585684,-0.0017846000481950303,-0.0012714551549361714,0.0358787271024712
0ezQyeOJzRQpq,허허녀석,4.5,2026-06-24 12:31:56+00:00,,2,0,False,"보니까 또 좋다…  어느샌가 제시와 보가 선두에 나온 흐름처럼, 바뀌어가는 시대상의 흐름에 자연스러운 스토리가 와닿았다 그래서인지 4보다 좋았음",보니까 또 좋다 어느샌가 제시와 보가 선두에 나온 흐름처럼 바뀌어가는 시대상의 흐름에 자연스러운 스토리가 와닿았다 그래서인지 4보다 좋았음,2026-06,2026-06-24,21,Wednesday,False,77,18,positive,0.03748138304514452,-0.019153599328790547,-0.0033111073867230054,-0.01271494275911749,-0.005059553173179077,-0.008671094590535488,0.0044336852717221115,-0.012591234043326951,0.010257240374822734,0.014455747814771738
droQ0YjB7KEyN,은지,3.5,2026-06-24 11:39:42+00:00,,2,0,False,친구는 영원하지 ~ 제시 ~ You’ve got a friend in me~~,친구는 영원하지 제시 You ve got a friend in me,2026-06,2026-06-24,20,Wednesday,False,37,10,positive,0.044145762473984,-0.00967940359287121,0.014698479347276722,0.0027221537789691008,-0.039083667305621655,0.017868629494149274,0.05971639068851585,-0.023450857578130334,-0.03850560389713323,-0.1041531256000515
NXnE5ZjgYy2zG,sseum,3.0,2026-06-24 11:32:35+00:00,,2,0,True,에밀리가 딸 이름를 제시로 지었어 ㅜㅜㅜㅜ,에밀리가 딸 이름를 제시로 지었어,2026-06,2026-06-24,20,Wednesday,False,18,5,neutral,0.017875391247334883,0.0023756768103244987,0.005616981344538993,0.006342350249282062,0.009427070371366,-0.00018076823482212788,-0.019396635299148576,-0.03749439333602904,0.0200377713883187,-0.018306530050602808
zD82XXglKA253,boeny•,3.5,2026-06-24 11:10:24+00:00,,2,0,False,혼자서는 어른이 될 수 없다는 걸 왜 자꾸 까먹게 될까,혼자서는 어른이 될 수 없다는 걸 왜 자꾸 까먹게 될까,2026-06,2026-06-24,20,Wednesday,False,30,10,positive,0.05768096660230135,-0.08442058527758226,-0.052781685847401755,-0.023830321497664755,-0.10102756469966001,0.20584738216761506,0.01760869964537709,-0.0006767919366726992,-0.02248750790894919,0.017144029609041333
XpeMJGJAneQJn,youth,4.0,2026-06-24 09:56:05+00:00,,2,0,False,"Kids must play  언젠가 모두가 어른이 되겠지만, 적어도 어린이일 적에는 놀아야 한다는 순수한 믿음.",Kids must play 언젠가 모두가 어른이 되겠지만 적어도 어린이일 적에는 놀아야 한다는 순수한 믿음.,2026-06,2026-06-24,18,Wednesday,False,60,14,positive,0.04450486015661201,-0.07012506241818994,-0.04374794708213812,-0.021287688463459426,-0.07437871825697638,0.1168509052310228,-0.02482655539899635,0.049396636917964504,-0.012370506945796198,-0.0021798755816614707
droQ0Yj9e9EyN,이민현,3.5,2026-06-24 08:49:39+00:00,2026-06-21 15:00:00+00:00,2,0,False,"우리의 세상은 아이의 방 안이 전부였으나, 아이의 세상은 손바닥만 한 화면 너머로 한없이 넓어졌다.",우리의 세상은 아이의 방 안이 전부였으나 아이의 세상은 손바닥만 한 화면 너머로 한없이 넓어졌다.,2026-06,2026-06-24,17,Wednesday,False,54,14,positive,0.0305907392040755,-0.03937742687499953,-0.019670194486268354,-0.0016651072666843169,-0.05396023948674163,0.019441894156094756,0.005031646729474413,0.0056244344385322186,-0.03294344368284413,-0.05541412827222446
wlL2Do6gmqEyZ,Xein Hossler,3.0,2026-06-24 02:40:05+00:00,,2,0,False,불스아이 너무 귀여워,불스아이 너무 귀여워,2026-06,2026-06-24,11,Wednesday,False,11,3,neutral,0.004949831324411916,-0.0071126787139804745,-0.00019061216268731636,-0.000676505316657223,-0.0039935090982426286,-0.005975296363216097,-0.0024706131044244656,-0.001169604333669144,-0.002029213976667263,-0.00013251268785506717
GO6MZ4RmX6ENx,DW Son,4.0,2026-06-24 00:32:55+00:00,,2,0,False,이제는 시리즈가 또 나온다고 해도 걱정없을 것 같다.,이제는 시리즈가 또 나온다고 해도 걱정없을 것 같다.,2026-06,2026-06-24,9,Wednesday,False,29,8,positive,0.12641815999086264,-0.07766188071862583,-0.002525631320039745,-0.035616154813793315,-0.026414646171096873,-0.11220469399370984,-0.0597417097254845,-0.30215179486092975,0.23005011595914399,0.12484673808134039
WzO2g4jBnjMXZ,Movie Train,0.5,2026-06-23 19:33:40+00:00,,2,0,False,"박수칠 때 떠날 줄 모르는 디즈니의 돈 욕심. 앤디와의 소중한 약속도 무시하며 만든 존재감 없는 캐릭터에게 분량만 늘리면? 앤디는 3편까지 총 등장 시간이 30분도 안됐지만, 할일 다했다.  존 라세터, 마이클 안트, 브래드 버드가 없으면 브레인트러스트 못하는 것도 아닐텐데, 진짜 디즈니의 외압이 너무너무 싫다.",박수칠 때 떠날 줄 모르는 디즈니의 돈 욕심. 앤디와의 소중한 약속도 무시하며 만든 존재감 없는 캐릭터에게 분량만 늘리면? 앤디는 3편까지 총 등장 시간이 30분도 안됐지만 할일 다했다. 존 라세터 마이클 안트 브래드 버드가 없으면 브레인트러스트 못하는 것도 아닐텐데 진짜 디즈니의 외압이 너무너무 싫다.,2026-06,2026-06-24,4,Wednesday,False,170,43,negative,0.0638203123101674,-0.06710017186601668,-0.028136706940993364,-0.00491395655056667,-0.05244447001135616,-0.0263441576134222,0.014109008459980178,-0.05424721371288795,0.06429125703007998,-0.01888200618312647
nd3M3zj41a2Ng,노동준,4.5,2026-06-23 16:29:13+00:00,,2,0,False,나를 키운건 팔 할이 바람이다,나를 키운건 팔 할이 바람이다,2026-06,2026-06-24,1,Wednesday,False,16,5,positive,0.07768410752340897,-0.15874956415971067,-0.041202309333593035,0.09424122367750415,0.02886383053364085,-0.3075867034272778,0.20270922681201786,-0.03874223017492632,-0.11253106088459511,0.43114327229973654
1Vl2bbgpm72rR,악!,4.0,2026-06-23 14:02:12+00:00,,2,0,False,ㅠ집가서 인형들 꼬옥 안아줄꺼임……,집가서 인형들 꼬옥 안아줄꺼임,2026-06,2026-06-23,23,Tuesday,False,16,4,positive,0.0023689488566358,-0.003935891276841241,-0.004932725418333048,0.00038898662960392837,-0.009485414872457309,-0.0015075507493373314,-0.008484070806856992,0.00685608288729059,-0.00597498141252731,-0.010459755876700907
gwVQxnGo592B0,몽가,3.5,2026-06-23 09:16:06+00:00,,2,0,False,제시 스토리,제시 스토리,2026-06,2026-06-23,18,Tuesday,False,6,2,positive,0.3464410061151772,0.3787022939639834,0.07955722542681633,0.050271027904566314,-0.06673005694181158,0.03266677497735324,0.18511442940073264,-0.0518069491163614,-0.07711878384630316,-0.13856991333486443
NXnE5ZYamr2zG,참아,4.5,2026-06-23 08:25:26+00:00,,2,0,False,우주특똥대원,우주특똥대원,2026-06,2026-06-23,17,Tuesday,False,6,1,positive,0.0,0.0,0.0,0.0,0.0,0.0,0.0,0.0,0.0,0.0
jxZQRxNWqr2bq,처뤼,3.0,2026-06-23 08:10:17+00:00,2026-06-22 15:00:00+00:00,2,0,False,"지천명을 향해가며 이사도 대여섯번 했지만 아직도 국딩때 가지고 놀던 장남감, 인형은 가지고 있다. 딱 그런 존재의 시리즈",지천명을 향해가며 이사도 대여섯번 했지만 아직도 국딩때 가지고 놀던 장남감 인형은 가지고 있다. 딱 그런 존재의 시리즈,2026-06,2026-06-23,17,Tuesday,False,66,17,neutral,0.11021490959430814,-0.058287305004832944,-0.010294583394969609,0.001134966378229522,-0.027692527029898314,-0.05394445671976753,-0.050410263829414076,-0.028698777528648616,-0.051522684966091185,-0.010808049576599544
xzaQAvqZjLEg5,Sun n Rain,4.5,2026-06-23 08:02:01+00:00,,2,0,False,"바람처럼 스쳐 지나간 줄 알았지만 어느새 내 인생의 단단한 줄기가 된, 시절인연의 소중함을 일깨워주는 장난감들.  사실 <토이스토리 4>가 재미있긴 하지만 다소 실망스럽게 다가왔던지라 이번에 볼까말까 망설였는데, 아직도 장난감이라는 소재를 가지고 이렇게나 풍부하게 다룰 이야기가 남아있다는 점을 다시금 일깨워주는 좋은 후속편이었다.  이번엔 우디나 버즈보다 제시의 서사에 좀 더 집중한 면이 있는데, 2편에서 못다한 이야기를 술술 풀어내는 솜씨가 탁월했다. 단순하게 기술과 아날로그의 대립각을 세우는 데서 끝나는 것이 아닌, 결국 어떤 방식으로든 사람들이 서로 진정으로 연결되게 해주는 것이 중요하다는 메시지를 담은 것이 마음에 기분 좋은 잔상을 남긴다. 요즘 내가 즐겨보는 컨텐츠에서 전반적으로 화두가 되고 있는 '시절인연'에 대해서도 생각하게 해줌.  솔직히 이 시리즈는 이제 사골을 우리다 못해 맑은 물 나올 때가 되지 않았나 싶었는데, 제시와 에밀리의 테마송인 When She Loved Me의 반주가 흐르자마자 쌈디처럼 울었다...",바람처럼 스쳐 지나간 줄 알았지만 어느새 내 인생의 단단한 줄기가 된 시절인연의 소중함을 일깨워주는 장난감들. 사실 토이스토리 4 가 재미있긴 하지만 다소 실망스럽게 다가왔던지라 이번에 볼까말까 망설였는데 아직도 장난감이라는 소재를 가지고 이렇게나 풍부하게 다룰 이야기가 남아있다는 점을 다시금 일깨워주는 좋은 후속편이었다. 이번엔 우디나 버즈보다 제시의 서사에 좀 더 집중한 면이 있는데 2편에서 못다한 이야기를 술술 풀어내는 솜씨가 탁월했다. 단순하게 기술과 아날로그의 대립각을 세우는 데서 끝나는 것이 아닌 결국 어떤 방식으로든 사람들이 서로 진정으로 연결되게 해주는 것이 중요하다는 메시지를 담은 것이 마음에 기분 좋은 잔상을 남긴다. 요즘 내가 즐겨보는 컨텐츠에서 전반적으로 화두가 되고 있는 시절인연 에 대해서도 생각하게 해줌. 솔직히 이 시리즈는 이제 사골을 우리다 못해 맑은 물 나올 때가 되지 않았나 싶었는데 제시와 에밀리의 테마송인 When She Loved Me의 반주가 흐르자마자 쌈디처럼 울었다...,2026-06,2026-06-23,17,Tuesday,False,516,123,positive,0.1605806454648824,-0.13492277864408303,0.009955792660423719,0.04022982232693292,-0.05462501242662258,-0.029467762926741838,-0.11487218347368305,-0.04284253378131047,-0.03585997155983039,-0.08133036930221446
6GWQ1BWoY3EJ5,ㅋㅅㅋ,3.5,2026-06-23 07:00:05+00:00,2026-06-23 06:00:00+00:00,2,0,False,널 곱씹어 보다가 찾아 헤매는 날이 많은데 그럼에도 널 삼켜내고 있는 건 나에게는 모든 게 고마운 일이어서야,널 곱씹어 보다가 찾아 헤매는 날이 많은데 그럼에도 널 삼켜내고 있는 건 나에게는 모든 게 고마운 일이어서야,2026-06,2026-06-23,16,Tuesday,False,60,17,positive,0.10068896613152899,-0.09013500364752736,-0.07682437679530606,-0.010547618438164937,-0.045283182279534345,0.0183443617315612,-0.08150871383046344,-0.008296804146660753,-0.009364710174923685,0.08698683538926939
lP0E85yNkY2bx,문어상어뱀악어,4.0,2026-06-23 04:02:19+00:00,,2,3,False,어떤 이별은 그저 그들 사이에 시간이 흘러갔기 때문에 찾아온다.  @이동진 연전연승 세계관,어떤 이별은 그저 그들 사이에 시간이 흘러갔기 때문에 찾아온다. 이동진 연전연승 세계관,2026-06,2026-06-23,13,Tuesday,False,48,12,positive,0.047415040215501546,-0.040229214663683496,-0.025275201112806827,-0.0012705910949073148,-0.03390845186290816,-0.022758968650546052,-0.022734957823258118,-0.05104692452977513,0.016706485354986866,-0.02480131561916997
7JVEoXVPAn29y,키높이오,3.0,2026-06-23 00:00:53+00:00,2026-06-19 15:00:00+00:00,2,0,False,"안 맞는 친구를 안 볼 수 없는 상태가 지옥이라면, 『토이 스토리 5』는 그 지옥을 가장 귀여운 얼굴로 보여주는 영화다.",안 맞는 친구를 안 볼 수 없는 상태가 지옥이라면 토이 스토리 5 는 그 지옥을 가장 귀여운 얼굴로 보여주는 영화다.,2026-06,2026-06-23,9,Tuesday,False,65,20,neutral,0.3423353288826036,0.267266542539563,-0.019742921101175388,0.008910208227838239,-0.09414576863904406,0.02885586894699288,0.06891387691184855,-0.09605640372575126,-0.021170307917352905,0.05949628833695195
0ezQye8v01Qpq,그뇨,3.5,2026-06-22 14:07:34+00:00,,2,0,True,"자라나는 아이들과 동시에 성장하는 장난감들 . . . fly with style, 1편에서 정체성의 좌절을 맛보게한 현실을 5편에서 발전된 버즈로서 보여주는 비행은 엄청난 희열을 준다. 기술의 진보를 경계하는 듯한 스토리에서, 결국 공존을 이야기하는 변화 속에서 버즈의 비행은 상징적이다",자라나는 아이들과 동시에 성장하는 장난감들 . . . fly with style 1편에서 정체성의 좌절을 맛보게한 현실을 5편에서 발전된 버즈로서 보여주는 비행은 엄청난 희열을 준다. 기술의 진보를 경계하는 듯한 스토리에서 결국 공존을 이야기하는 변화 속에서 버즈의 비행은 상징적이다,2026-06,2026-06-22,23,Monday,False,158,37,positive,0.059904673675987646,-0.04154197472440212,-0.013198328665234842,-0.01711330298347914,-0.03724815375561902,-0.0025540512065014395,0.01955195850626367,-0.03847608662137639,-0.02453321819072428,-0.011455675088400162
8n92Vp95aqQAJ,에브릴,3.0,2026-06-22 09:24:02+00:00,2026-06-21 15:00:00+00:00,2,0,False,지속되면서 대체 되는 것. 부정하고 싶지만 받아들여야하는 현실이지 않을까.,지속되면서 대체 되는 것. 부정하고 싶지만 받아들여야하는 현실이지 않을까.,2026-06,2026-06-22,18,Monday,False,41,9,neutral,0.02441847363981205,-0.02175627120922427,-0.008470933974002594,0.003560631428699188,0.003816345942300523,-0.01941758716616221,-0.03864560701358993,-0.045011953646751535,-0.0041796708019147324,0.026173912970442442
POkEwe6z08Mql,천병,4.0,2026-06-22 09:15:21+00:00,,2,0,False,버즈 라이트이어를 품에 안아 숨긴 남자처럼 나도 끌어안은 채 놓지 못하던 것들이 있다. 오랫동안 붙잡고 있던 그것들을 비로소 떠나보낼 수 있게 된 것 같다.,버즈 라이트이어를 품에 안아 숨긴 남자처럼 나도 끌어안은 채 놓지 못하던 것들이 있다. 오랫동안 붙잡고 있던 그것들을 비로소 떠나보낼 수 있게 된 것 같다.,2026-06,2026-06-22,18,Monday,False,87,24,positive,0.12466972717840608,-0.10086324600604361,0.24204718494012495,-0.14715875260219574,-0.0019689976701264197,-0.057420388704143406,-0.062481977083207026,0.04683058470536348,0.040355584816801376,0.004198548935391899
P7kEWp9o892J9,minseo,3.5,2026-06-22 07:05:20+00:00,,2,0,False,집 가서 바로 실바니안 꺼냈다…,집 가서 바로 실바니안 꺼냈다,2026-06,2026-06-22,16,Monday,False,16,5,positive,0.006401229070956508,-0.009393644072289362,-0.0003104383007448805,0.0012669357726985827,0.03030179645399886,-0.00504293488068061,-0.02587674992057708,0.007056641335400823,-0.009785898496919255,-0.002781643957568497
droQ0Ynm7OEyN,지안,5.0,2026-06-22 06:52:13+00:00,2026-06-16 15:00:00+00:00,2,0,False,추억에도 점수를 매길 수 있다면,추억에도 점수를 매길 수 있다면,2026-06,2026-06-22,15,Monday,False,17,5,positive,0.019033816541855902,-0.014869109559342716,-0.004338007047379828,0.016984759278738555,-0.019950302309520166,-0.04133447591094838,-0.05128073005215276,0.029534482353095227,0.033188571863546935,-0.03314217496032545
1Vl2bbgYpn2rR,이서영,4.0,2026-06-21 22:35:45+00:00,,2,0,False,아무리 세상이 바뀌어도 아이들이 잘 자랐으면 하는 마음만큼은 그대로니까  토이 스토리는 계속될 것이다 자라나는 아이들을 보내주고 또 새로운 아이들 곁에 존재하며,아무리 세상이 바뀌어도 아이들이 잘 자랐으면 하는 마음만큼은 그대로니까 토이 스토리는 계속될 것이다 자라나는 아이들을 보내주고 또 새로운 아이들 곁에 존재하며,2026-06,2026-06-22,7,Monday,False,88,21,positive,0.19453748092936,0.047564146157142995,-0.01602504680908575,-0.05338577743485773,-0.03813546377190564,-0.028435335678092262,-0.04184776002015572,0.019955443902709483,-0.03454666165859911,0.0010415892674801703
xzaQAvqlZpEg5,minjony,3.0,2026-06-21 21:59:25+00:00,2026-06-20 15:00:00+00:00,2,0,False,그 여정에 우리가 도움이 되었다면 우리는 우리가 할 일을 한거야 dedicated to our loved ones past and present who were there for us at the right time-you mattered,그 여정에 우리가 도움이 되었다면 우리는 우리가 할 일을 한거야 dedicated to our loved ones past and present who were there for us at the right time you mattered,2026-06,2026-06-22,6,Monday,False,133,29,neutral,0.06259850163561771,-0.10477774721681829,-0.05070934961753557,-0.021114391321305125,-0.10150344265617485,0.32247861705056285,-0.007068330693650828,0.03187796440436445,-0.04101574075990196,0.05372258489495663
gwVQxnGdWe2B0,BBbbb,2.0,2026-06-21 14:25:33+00:00,2026-06-20 15:00:00+00:00,2,0,False,넌 나의 영원한 장난감이야,넌 나의 영원한 장난감이야,2026-06,2026-06-21,23,Sunday,True,14,4,negative,0.0715096116719138,-0.14081301161795398,-0.025189321087502985,-0.005065979136688075,-0.02345731529046821,-0.03670793543015227,0.4653155499375883,0.11093921729620652,-0.29310642216432814,0.08152013992926194
jxZQRxNopk2bq,제발 재밌어라 ㅠㅠ,4.0,2026-06-21 14:08:01+00:00,,2,0,False,믿고보는 토이스토리,믿고보는 토이스토리,2026-06,2026-06-21,23,Sunday,True,10,2,positive,0.1803938014395993,-0.21454063339118207,0.2942255870670943,0.7536687819367677,0.23717666618947106,0.13646657373035867,-0.12073856155872685,-0.005980123738973014,-0.04477417474762038,-0.020056994613218512
69oMvprKJ8Eal,정인우,3.5,2026-06-21 14:05:49+00:00,2026-06-20 15:00:00+00:00,2,0,False,"무한한 공간, 저 너머로!",무한한 공간 저 너머로!,2026-06,2026-06-21,23,Sunday,True,13,4,positive,0.023936526827047645,-0.03452764631302467,-0.034031712878240875,0.003235028941330544,-0.09437069708638339,0.019797551599687362,0.03523081228650897,0.08337082907291064,-0.007677468228194987,-0.003481642070570406
boPQjo68G0EKL,entmphbia,3.5,2026-06-21 12:40:29+00:00,,2,0,False,토이스토리는 3에서 끝났다고 확고하게 믿는 나를 흔들었어,토이스토리는 3에서 끝났다고 확고하게 믿는 나를 흔들었어,2026-06,2026-06-21,21,Sunday,True,31,7,positive,0.06639774268531948,-0.11743143625346363,-0.04054559006319418,0.04226010880218853,0.015083563356256446,-0.23055768216316955,0.19039511043857282,0.013552502335472276,-0.14262968304113038,0.21374996714402966
3WB2qoZxNpQpj,메이,4.0,2026-06-21 12:29:10+00:00,,2,0,False,렉스가 또 다시 멸종되지 않길 바라며..,렉스가 또 다시 멸종되지 않길 바라며..,2026-06,2026-06-21,21,Sunday,True,22,6,positive,0.04792896397806472,-0.06547115786744315,-0.05243513434317536,0.0008494440610726176,-0.06138092238348041,-0.05335386034552787,-0.024117876834526146,-0.051557985757222966,0.1035584779304547,0.09266817618389278
3kNEpeJyKN2Og,아델리,3.5,2026-06-21 12:16:37+00:00,,2,0,False,상영관에 애기들이 많을 줄 알았는데 다 어른들이었다 찡.. 6편은 AI와 장난감의 대결이려나~?,상영관에 애기들이 많을 줄 알았는데 다 어른들이었다 찡.. 6편은 AI와 장난감의 대결이려나 ?,2026-06,2026-06-21,21,Sunday,True,53,13,positive,0.025749103251272068,-0.03757797346041462,-0.023963684995753708,-0.00872867534588542,-0.031102880272531025,-0.013952708519984047,-0.006009187230251853,0.036789228762614236,0.004617774762081353,-0.06587825747646443
boY2lY8AK8MWO,로민,4.5,2026-06-21 11:54:31+00:00,,2,0,False,"영화를 보는 내내 미안했어. 하얀 강아지 인형, 경찰 미니피겨, 마법 반지, 레고로 만든 마을. 너희 모두 이름이 있었는데. 언제인지 기억나지 않는 그날 마지막으로 가지고 놀았겠지. 모두 어디로 갔는지도 모르겠구나. 이제 내 방에는 컴퓨터와 책으로 가득해. 나도 보니와 아이들 처럼 언젠가부터 폰만 보며 지냈겠지. 내가 미안한건 내 상상속 너희들일까? 아니면 이런 어른이 되어버릴줄 몰랐던 너희와 놀던 어린 나일까? 난 멋지지도 않고 날지도 못하는데 말야. 그땐 멋지게 추락하기라도 했지.  고마워. 내가 너희를 버린게 아니라고 말해줘서 고마워. 내가 그저 자란 것 뿐이라고, 그래도 우리 덕분에 이정도라도 멋지게 자라지 않았냐고 자랑스러워 해줘서 고마워. 괜찮으면 언제 한 번 내 꿈에 놀러와줘 친구들. 그럼 정말 반갑게 인사하고 하룻밤 정도는 그때처럼 다시 놀자.",영화를 보는 내내 미안했어. 하얀 강아지 인형 경찰 미니피겨 마법 반지 레고로 만든 마을. 너희 모두 이름이 있었는데. 언제인지 기억나지 않는 그날 마지막으로 가지고 놀았겠지. 모두 어디로 갔는지도 모르겠구나. 이제 내 방에는 컴퓨터와 책으로 가득해. 나도 보니와 아이들 처럼 언젠가부터 폰만 보며 지냈겠지. 내가 미안한건 내 상상속 너희들일까? 아니면 이런 어른이 되어버릴줄 몰랐던 너희와 놀던 어린 나일까? 난 멋지지도 않고 날지도 못하는데 말야. 그땐 멋지게 추락하기라도 했지. 고마워. 내가 너희를 버린게 아니라고 말해줘서 고마워. 내가 그저 자란 것 뿐이라고 그래도 우리 덕분에 이정도라도 멋지게 자라지 않았냐고 자랑스러워 해줘서 고마워. 괜찮으면 언제 한 번 내 꿈에 놀러와줘 친구들. 그럼 정말 반갑게 인사하고 하룻밤 정도는 그때처럼 다시 놀자.,2026-06,2026-06-21,20,Sunday,True,424,106,positive,0.1430501163081257,-0.15094101327911277,-0.040427978573913316,-0.021867495326077645,-0.09039951804202494,0.06446994314802577,-0.06919876465282038,0.035209080622289626,-0.03196531724423072,0.0010244265389198729
