id,user,rating,created_at,watched_at,likes,replies,spoiler,text
xkPEmezZW7EK3,재원,5.0,2026-06-17T14:54:03+09:00,,988,2,False,"고백하건데, 사실 너희가 돌아온다는 소식 들은 순간부터 이미 내 마음속에 별점은 정해져 있었단다."
6GWQ1bD4DqEJ5,소분,4.0,2025-08-05T14:19:44+09:00,,878,8,False,떠날 때까지 박수 쳐줄게
8kXQebD85gEP6,Yournamefirst,4.0,2026-06-17T11:45:42+09:00,2026-06-17T00:00:00+09:00,656,0,False,"31년의 세월로 더 이상 장난감을 찾지 않게 된 우리에게. '너희 마음이 변한 게 아니야, 너희들은 그저 자란 것뿐이야.'"
NXnE5ZYX9B2zG,이동진 평론가,3.5,2026-06-21T23:20:50+09:00,,553,7,False,변화하는 존재와 변화 없이 남겨진 존재 사이의 공터에 떨구는 맑은 눈물이 방울방울.
lP0E85yvLZ2bx,eos,5.0,2026-06-17T16:36:42+09:00,,424,3,False,첫사랑에게 4.5를 주는 바보는 없어
OAxM71Pvx0Ebm,신상훈남,2.5,2026-06-17T18:43:56+09:00,2026-06-17T00:00:00+09:00,313,7,False,"필요했던 이야기다. 스마트폰과 태블릿이 일상이 된 시대, 아이들은 점점 장난감과 멀어진다. 영화는 그 변화 속에서 자연스럽게 사라져가는 ‘아이다움’을 이야기한다. 그리고 장난감들은 자신들의 존재 이유를 지키기 위해 마지막까지 분투한다.  하지만 아쉽게도 영화가 선택한 방식은 이전 시리즈와는 꽤 다르다. 《토이 스토리》가 오랫동안 사랑받았던 이유는 아이들을 위한 이야기 속에 어른들의 감정을 담아냈기 때문이다. 그러나 이번 작품은 그 균형이 무너진 듯 보인다. 어른들을 위한 동화였던 시리즈가 한순간에 유아용 애니메이션으로 변한 것 같은 인상을 남긴다. 설정들은 지나치게 편의적으로 배치되고, 사건은 자연스럽게 흘러가기보다 다음 장면을 위해 억지로 움직이는 것처럼 느껴진다.  무엇보다 아쉬운 것은 우디다. 시리즈의 시작부터 지금까지 우디는 언제나 이야기의 중심이었다. 장난감들의 리더이자, 가장 인간적인 감정을 품고 있는 인물이기도 했다. 그런데 이번 작품에서 우디는 이야기의 주체가 아니라 관객들의 향수를 자극하기 위한 상징처럼 소비된다. 캐릭터가 가진 깊이보다는 익숙함이 먼저 앞선다.  버즈 역시 마찬가지다. 오랜 시간 동안 버즈는 우디를 동경하고 신뢰하며 함께 성장해 온 인물이었다. 두 캐릭터의 관계는 시리즈의 중요한 축이었지만, 이번 작품에서는 그 감정의 연속성이 충분히 느껴지지 않는다. 그래서 둘의 관계가 만들어내던 울림도 이전보다 약해진다.  그럼에도 영화를 완전히 외면할 수 없는 이유가 있다.  제시가 에밀리를 떠올리는 장면이다.  어쩌면 이 장면 하나만으로도 영화가 존재할 이유는 충분했는지도 모른다. 시간이 흘러 장난감은 버려질 수 있다. 잊혀질 수도 있다. 하지만 함께했던 기억까지 사라지는 것은 아니다. 특히 에밀리가 여전히 제시의 이름을 기억하고 있다는 설정은 묘한 위로를 건넨다.  누군가에게 소중했던 존재는 언젠가 역할이 끝나더라도 완전히 사라지지 않는다. 기억은 생각보다 오래 남는다. 장난감은 더 이상 곁에 없을지라도, 함께했던 시간은 사람 안에 흔적으로 남아 살아간다.  그래서 이 영화가 마지막에 남기는 감정은 상실보다 희망에 가깝다. 우리는 결국 모든 것을 잃어가며 살아가지만, 누군가를 기억한다는 것만으로도 그 관계는 완전히 끝나지 않는다.  어쩌면 장난감이 남기는 가장 큰 선물은 행복했던 시간을 잊지 않게 해주는 일인지도 모른다."
j7kQzkOOONEl4,어흥,4.5,2026-06-26T22:01:48+09:00,,312,7,False,아들아 미안하다.. 아직 태어나진 않았지만 너의 이름은 김워그레이몬이다...
BglQaarwRWQX0,영화 볼 결심,4.0,2026-06-11T21:23:53+09:00,,243,2,False,그럼에도 여전히 우리에게 장난감이 필요한 이유
zD82XX4951253,수첩,4.0,2026-06-18T00:04:02+09:00,2026-06-17T00:00:00+09:00,232,0,False,"대체되는 것은 놀이의 방식이지, 관계의 온도가 아니다."
lP0E8mPV8n2bx,🦖티라노사우디아라비아🇸🇦,,2023-02-13T19:14:38+09:00,,212,3,False,또 이 스토리?
NXnE5PxkJrQzG,이진수/(Binary),,2023-05-08T11:47:01+09:00,,176,0,False,"“정말 오랜만이야, 카우보이.”  “이 행성에서 우리의 임무는 아이들을 행복하게 하는거야”  “쟤네 싸우는 거 또 보니까 좋다”  “장난감은 놀잇감이지만 전자기기는…  다 가능하거든”  #예고편에서 제시가 불스아이를 타고 달릴때는 토이스토리2의 공항 활주로 장면이, 차 뒤를 버즈와 우디가 쫓아가며 티격태격하는 장면에선 1편이 떠올랐다. 어릴때 비디오로 맨날 만나던 친구들아 난 벌써 26살이 됐어, 대학도 갔고 올랜도에서 토이스토리 랜드에서 우린 만나기도 했었지, 고등학교땐 우디를 너를 가지고 싶어서 애쓰다 중고장터에서 사기를 당한적도 있었어. 올랜도에서 우디 너랑 인사하고 안을때는 정말 행복했어, 그리고 대학에 간 내 자취방엔 여전히 우디와 버즈, 너희들이 나를 지키고 있었고, 항상 함께해줘서 고마워, 너희들이 돌아와서 정말 기뻐”  “토이스토리는 그야말로 픽사의 얼굴이면서 픽사의 심장이에요.”  “그런 측면에서 토이스토리가 얻은 성과는 단순히 애니메이션 안에서만 볼 수 없는 위대한 부분들이 있다 그렇게 말할 수가 있겠죠“  -이동진 평론가님 유튜브 채널 파이아키아 [시리즈 영화 월드컵 인용-  #탑건에서 탑건 매버릭이 나오기까지 걸렸던 35년이 걸린다 하더라도 당신들을 기다리겠습니다. 이제는 더 이상 의심하지 않습니다 그저 나와만 주세요 ㅎㅎ  많은 사람들이 토이스토리5를 기다리면서 우디와 버즈 친구들을 하나씩 모아보면서 같이 나눴던 추억과 감정들을 떠올려 봤으면 좋겠다  2026.06.19 다시 너희를 만나러 갈게 내 인생의 사랑. 나의 심장. 너희들을  8월 9일 당일 D23의 인터뷰에 의하면 전자제품에게 밀려 잊혀지는 장난감들과 전자제품과의 대결을 다룰 것이라고 하며 버그로 인해 오작동하는 버즈 라이트이어 50개가 본작의 메인 빌런이 될 것이라고 한다.  #여전히 내 인생에서 극장에 앉아 오프닝을 보는 것만으로도 눈물이 터지게 하는 건 너희들 밖에 없을거야 Thanks lot guys, my beautiful childhood  어쩌면 내 어린시절이 행복할 수 있었던 이유"
Vw8MLJOxZ5Eel,남길로운 문화생활,4.5,2026-06-17T17:39:52+09:00,,165,0,False,"나중에 내 아이들도 인정받았으면 좋겠다 ""이 아이는 놀 줄 아는 아이야""라고"
mkPMneAYPL2wq,Mashimaro,4.5,2026-06-17T20:46:37+09:00,2026-06-17T00:00:00+09:00,158,0,False,버즈 세금 내라
7JVEoXVq4e29y,햄튜브,4.0,2026-06-23T19:15:05+09:00,,149,7,False,콧물 똥물 쏙 뺌
5yz2YVdDnWMWj,Dh,3.0,2026-06-17T21:23:16+09:00,,141,2,False,신선함은 없었지만 뭉클함은 여전했다 #📦 📸 #CGV
rdVMNLnXNPEql,simple이스,4.0,2026-06-17T22:10:00+09:00,,136,1,False,유구한 정통성을 내세우는 대신 매 편 시대 감수성을 갱신하는 시리즈의 놀라움.
y4ZMO8pLL6QOp,서영욱,4.0,2026-06-18T00:29:13+09:00,,122,2,False,"베지터편에서 끝났어도 명작이었고, 프리더편에서 끝났어도 전설이었고, 셀편에서 끝났어도 아쉬움 없는 걸작으로 남았을 것이다.  하지만 드래곤볼은 완결된 명작보다 살아있는 프랜차이즈를 선택했다. 과거의 추억으로 박제되기보다 새로운 아이들과 만나기를 택했고, 그 선택은 지금도 계속되고 있다.  물론 가장 아름다운 순간에 끝났다면 더 완벽한 명작으로 기억됐을 것이다. 그러나 프랜차이즈는 종종 명작으로 남는 대신 살아남는 길을 택한다. 토이 스토리 5 역시 그렇다. 완벽한 마침표를 기대했다면 아쉬울 수 있지만, 새로운 세대에게 우디와 버즈를 이어주는 선택 또한 충분히 의미가 있다."
3WB2qoZznpQpj,무비신,4.0,2026-06-18T15:28:33+09:00,2026-06-18T00:00:00+09:00,106,0,False,단지 장난감이 아닌 인생이란 스토리 한편을 함께해준 빛난 동반자들.
wlL2DompPREyZ,뭅먼트,3.5,2026-06-17T19:09:56+09:00,,92,3,False,우정과 향수 그리고 조화로움은 이 사랑스러운 시리즈에서 빼놓아서는 안 될 기둥 테마. 그 중심이 흔들리지 않으면서 또 하나의 멋진 감동을 다섯 번째까지 와서도 착실하게 수행한다.  ⭐️
Vw8MLJOxVrEel,SooooodaL,4.0,2026-06-17T19:37:35+09:00,,90,2,False,군체의 긍정적 방향성을 보여준 버즈!! 우디&제시의 목소리에서 노화를 느낀 순간부터 눈물이 핑🥲 tmi: 선글래스 쓴 피자가 ㅂㄷㅂㄴ여서 놀람ㅋㅋ
69oMvp1X8yEal,신민수,4.5,2026-06-11T23:03:52+09:00,,85,3,False,토이 스토리 황금종려상 줘라
BVoM9q4pK3MP0,권영민,4.5,2026-06-18T17:44:11+09:00,2026-06-17T00:00:00+09:00,84,1,False,"동심은 잃어버리는게 아니라 잠깐 잊고 지낼 뿐, 여전히 내 마음에 가득 품고 사는 거라고- 토이 스토리 시리즈를 보면 그런 생각이 든다. 토이 스토리는 이따금 내곁에 불쑥 찾아와 그렇게 잊고 사는 마음들을 다시 떠올리게 해준다. 내가 그 곳에 둔 적 없던 장난감들이 어느 순간 갑자기 내 앞에 나타나듯. 어딘가에 두고 잊었다 우연히 다시 발견하는 추억상자처럼.  나에겐 장난감과 온라인에서의 추억이 모두 뚜렷한 존재감으로 공존한다. 그 중 무엇이 더 선명하다고도 할 수 없다. 결국 선후를 떠나 모든 것은 시간이 지나면 추억이 된다. 계속 반짝일 것 같은 지금조차도. 가까운 기억이 먼 기억보다 귀하거나 중요하게 되진 않는다. 그래서 무엇이 더 뛰어나고 떨어진다 구분할 수 없다고 생각한다. 각자의 가치를 갖고 우리 마음에 영원히 살다가 이따금 노크하는, 모두 소중한 추억이다.  가끔 그런 생각을 한다. 날 닮은 내 아이가 커가는 모습에서 나의 지난 시절을 다시 발견하고, 동심을 떠올릴 수 있을 거라고. 난 아이가 없어서 겪어본 적은 없지만. 아이를 갖는 많은 이유 중에, 이런 이유도 있지 않을까 하는 생각. 제시의 옛 주인 에밀리의 추억을 보며 문득 그 생각이 다시 떠올랐다. 가장 뭉클한 순간이었다. . . 각자 다른 성격을 갖고 서로 다른 곳에서 다른 삶들을 살더라도 우리 마음에 품은 동심, 그 따뜻하고 순수한 마음은 모두 같다며 그래서 우리는 분명 이어질 수 있다고 믿게 만드는 힘. 때때로 현실에 지치는 나에게 그런 믿음으로 손을 내미는 것이 토이 스토리가 주는 최고의 선물이고, 전혀 모르는 관객들이 다들 같은 마음으로 충만해지며 친구가 되는 경험이 여전히 영화와 극장이 필요한 이유다. 그래서 누가 뭐래도 난 이 시리즈가 떠나지 않았으면 좋겠다.  시대가 바뀌면 모두 잊혀지고 버려지고 떠나야 한다고 하지만, 결코 변하지 않고 영원할 것이 존재할 거란 미련한 믿음과 철없는 동심을 이 영화를 보는 순간만큼은 다시 되찾는다. 어쩌면 그래서 전편과 달리 기존 3부작에서의 낯익은 것들로 채워진 영화가 오히려 더 반가웠다. 시대가 변해도 영원한 것들. 살다 보면 절대 없다고 부정하곤 하는 그런 존재, 그런 가치, 그 모든 것들이 영화를 보면, 토이 스토리를 보면 내 손에 잡히고 내 품에 안겨오는 것만 같다. . . 뒤쳐진다는 불안함, 대체될거란 두려움이 만연한 시대에 낙관하는 영화가 싫지 않다. 여지껏 시대의 변화를 감내해온 장난감들을 통해서라면 더더욱. 거기에 효용이나 개연을 복잡하게 따질 필요가 있나. 나에겐 필요하지 않았다. 누구도 내리지 못할 답이라 영화에게 답을 구한 적 없다. 난 그 마음을 받은 것만으로 족하다."
BglQaabzJAQX0,돌파댕이,2.5,2026-06-17T19:59:32+09:00,,74,5,False,"<토이 스토리> 시리즈의 세계에는 두 겹의 현실이 있다. 하나는 인간의 현실. 다른 하나는 인형들의 현실. 그리고 기존 <토이 스토리> 시리즈는 이 이중현실을 유지해왔다. 인간이 보면 장난감은 사물이고, 인간이 보지 않으면 장난감은 공동체, 감정, 욕망, 정치를 가진 존재가 된다.  그런데 <토이 스토리4>는 이 구조를 흔들었다. 쓰레기가 아이의 놀이를 통해 장난감 포키가 되고, 보 핍은 아이의 사랑이라는 절대규칙에서 벗어나 최초로 탈주하고, 우디는 주인의 장난감이라는 자기 존재 이유를 포기한다. <토이 스토리4>는 묻는다. 장난감은 더 이상 쓰이지 않을 때도 존재할 수 있는가?  <토이 스토리5>은 디지털 기술이 장난감의 생명을 위협하는 적으로 돌아왔다. 설정을 보고서 영화에 대해 기대가 컸다. 기대했던 주제는 이런 것이다. 디지털 이미지도 장난감이 될 수 있는가. 태블릿 속 캐릭터도 포키처럼 아이의 놀이에 의해 생명을 얻는가. 장난감의 몸이 플라스틱에서 인터페이스로 바뀌면, <토이 스토리>의 세계는 어떻게 변하는가.  하지만 릴리패드는 새로운 존재론을 여는 사물이 아니라, 장난감의 자리를 빼앗는 경쟁자로 기능한다. 영화는 디지털 놀이의 가능성을 사유하기보다 물리적 장난감의 정당성을 방어한다. 릴리패드는 경계를 무너뜨리는 게 아니라, 경계를 다시 긋는다.  <토이 스토리5>는 아동발달, 스크린타임, 또래관계, 디지털 중독 쪽으로 주제를 잡는다. 이 문제 자체가 하찮은 건 아니다. 하지만 <토이 스토리>라는 영화사적 프랜차이즈 안에서는 이 회귀는 손실이다. 장난감이 더 이상 사물로서의 자기 운명을 사유하지 않고, 아이를 올바른 방향으로 이끄는 보호자처럼 기능하기 때문이다. <토이 스토리4>에서 장난감은 인간의 소유 질서 바깥으로 나가려 했는데, <토이 스토리5>는 인간 아이를 위해 봉사하는 도구로 복귀한다.  태블릿이 정말 새로운 놀이 형식이라면, 영화는 물리적 공간과 스크린 공간, 손의 감각과 터치의 감각, 사물의 무게와 인터페이스의 미끄러움, 방 안의 장난감 공동체와 네트워크화된 디지털 관계를 형식적으로 충돌시켜야 했다. 그런데 <토이스토리5>는 기존 픽사 어드벤처 문법으로 돌아간다. 태블릿은 그냥 새 악역이다.  영화 속 장난감이 태블릿 시대에도 자기 쓸모를 입증해야 하듯, 영화 바깥의 <토이 스토리> 브랜드도 속편 피로와 픽사의 위기 속에서 자기 쓸모를 입증해야 한다. 그래서 이 영화는 급진적일 수 없다. 정말 급진적이라면 장난감의 시대가 끝났다고 말해야 하거나, 태블릿도 장난감이라고 인정해야 한다. 그러면 <토이 스토리> 브랜드의 중심이 흔들린다.  그래서 영화는 가장 안전한 결론으로 간다. 장난감이 여전히 필요하다고. 이건 교훈이라기보다 자기변호에 가깝다. 디지털로 태어난 프랜차이즈가 디지털을 적으로 본다는 측면에서 이 영화는 자기 기원을 배반한다고까지 볼 수 있다.  (260617)"
Vw8MLJOmKVEel,샌드,3.5,2026-06-18T01:02:39+09:00,,73,0,False,"관계 맺기에 대해 상처를 받아 본 적이 있는 누군가에게, 자기가 소중하게 여기던 것이 오직 시간이 지났다는 이유만으로 쓸모 없는 것이라 치부하는 것이 아니라 그 속에 담긴 추억과 가치를 진정 알고 있는 자들은 언제 어디에서든 결국 만나 협동할 수밖에 없으니, 지금은 아니라 생각할지 모르겠으나 당신은 절대 혼자가 아니라는 말을 전달하는 방식으로 위로하면서 뭉클함을 만드는 작품입니다. 이 시리즈에 대한 향수나 애정이 있는 누군가라면 그것이 영화 내적으로뿐 아니라 영화 바깥에서 영화를 보러 극장을 찾는 걸로 무언의 느슨한 협동에 동참하는 것과 같다는 데에서도 이제 이 시리즈는 그저 만나는 것만으로도 감동적인 부분이 느껴집니다.  어쨌거나 이 작품은 우려와 불신을 그대로 안고 갔지만 그래도 단독 작품으로선 충분히 장점이 있던 전작에 이어 왜 이미 완결이 난 것 같은 시리즈를 다시 불러와 풀어냈는가에 대한 대답과 설득을 진솔한 감동으로 풀어냅니다. 대신 이젠 아예 새로운 길을 열었던 것 같은 전편과 달리 이미 봤던 길로 다시 돌아갔다는 점에 대해선 두 작품이 단독으론 충분히 재밌게 볼 만한 작품이지만 시리즈 전체로 봤을 땐 좀 어영부영 길을 못잡고 있다는 생각이 들기도 합니다. 저 역시도 오직 지향하는 바를 생각해 보면 이 작품이 4편이고 전편이 5편이면 시리즈 전체로는 더 깔끔하지 않았을까 하는 생각이 있긴 한데 어쨌든, 여전히 3부작으로 끝이 나고 외전 격으로 만들어진 작품임을 부정하기엔 좀 어렵긴 합니다만 왜 또 이 소재를 꺼내는가와 막상 또 보면 마음을 죽 풀어놓게 만드는 수많은 캐릭터들, 마음을 열게 하는 이야기로 가득하니 다 보고 나면 또 다음 작품을 기대하게 됩니다.  제게 이 시리즈 전체면서 이번 작품을 그대로 얘기하자면, 영화 속에서도 세 번이나 중요하게 나오는 무언가를 꺼내는 영화라 말할 수 있을 것 같습니다. 그냥 은연 중에 박스에 담아 창고로 치워버린 장난감을 다시 꺼내는 것, 기존 장난감과 릴리패드 사이에서 정말로 기억 속에서 아예 지워져 있던 그 애매한 위치에 있는 여러 전자 기기를 다시 꺼내 되살리는 것, 제시와 에밀리의 이야기가 흘러갈 때 땅을 파서 그 속에 담긴 추억을 그대로 떠올리는 것 이렇게 세 번 무척이나 중요하게 들어가 있는데, 시리즈의 모든 작품이 그렇습니다만 결국 왜 이 작품을 한번 더 만들어야 하는가에 대해서 치웠던 것, 잊고 있던 것, 소중하게 생각했던 것을 각각 꺼내는 식으로 답한다는 점에선 무척 적절하고 감동적이라 말할 수 있습니다.  그렇게 뭔가를 꺼내는 장면은 결국 오랜 시간과 직접 연결되어 있기도 할 것입니다. 이 작품이 다른 시리즈와 달리 유독 뜻깊게 느껴지는 지점은 영화를 본 사람마다 각기 다르게 흘러가는 영화 바깥의 시간이 시리즈 안으로 그대로 들어간다는 점에 있는데, 그러니 영화를 만드는 것 자체가 제게는 잊고 있던 것을 다시 꺼내려는 시도와 같이 느껴진다는 점에서 어쩌면 이 시리즈만의 고유한 장점을 영리하게 활용하고 있다 말할 수도 있습니다. 시리즈마다 각 이야기가 모두 재밌고 뭉클한 것도 있습니다만 제겐 영화 속에서 소중한 것을 대하는 태도와 영화 바깥에서 이 소중한 영화를 대하는 관객의 태도가 결국 일치하는 순간이 무척이나 특별해 영화가 가지고 있는 것보다 더 크게 느껴지는 뭔가가 분명 있다 싶은 시리즈입니다.  처음 설정을 봤을 땐 오직 아날로그와 디지털의 대결 구도로만 느껴졌습니다만 영화를 다 보고 나면 결국 이건 지나가 버린 것에 대한 영화기도 하면서 일반적으로 지나친 디지털 문제를 짚는 영화가 다루지 않았던, 이 역시도 나중에는 지나가 버린 존재가 될 것에 대한 영화기도 하다는 점에 신선한 지점이 있습니다. 특히 지나간 것과 지금 사이에서 애매한 위치를 중요한 조연으로 끌어 들이면서 진짜 기억에서 잊고 살았던 것을 확 일깨워주는 지점도 있는데, 이젠 이 시리즈가 특정한 설정 하나만 가지고 기존에 있던 것을 반복한다 싶었지만 그럼에도 무척 진솔한 뭉클함을 남긴다는 덴 정말 도가 텄구나 싶은 생각이 들기도 했습니다. 그러면서 비뚤어진 전자 기기 문화에 대해 오로지 비판이 아니라 어떤 면에선 좋은 세상을 남기지 못했다는 어른의 사과가 엿보인다는 점에서도 깊은 지점이 보였습니다.  다만 앞서 말했던 것처럼 시리즈의 흐름에 있어서 전작이 확 나갔던 지점을 부정하는 듯한 식으로 귀결하는데, 그 방식이 또다른 지점을 보여주는 게 아니라 이미 했던 것을 계속 돌림노래로 반복하는 식이라는 점이 무척이나 아쉽게 느껴집니다. 세상에 무쓸모한 것은 없고 모든 것엔 가치가 있다 말하지만 정작 이야기를 진행시켜야 하다 보니까 자연스럽게 뒷전 신세가 되는 수많은 캐릭터가 생기게 되는 건 새로운 걸 보여줘야 하는 시리즈의 진행과 세상에 버림받을 건 없다는 메시지가 서로 충돌하는 걸로도 보여서 이제 한계가 온 것 같다는 생각이 들기도 했습니다. 그럼에도 이 작품은 분명히 마음을 사로잡는 지점이 있고, 전작에 비해서 기억에 남을 만한 장면도 많은 데다가, 최근 봤던 코미디 영화들보다 더 웃긴 장면도 많아서 내내 즐겁게 볼 수 있는 작품이였습니다."
y4ZMO8pXz6QOp,JY,3.5,2026-06-17T22:44:00+09:00,,66,0,False,3편까지 질주한 후 방향까지 틀었는데 다시 뒤돌아간 느낌  전작들 농축소스에 요즘채소넣고 비벼 맛은 있는 비빔밥인데 베이스가 아는 맛이라  기존 팬들에겐 반갑지만 놀랍진 않은 첫 토이스토리가 될듯함  너무 기대했나봄
XpeMJGJoBXQJn,김호진 펠릭스,4.0,2026-06-24T21:19:14+09:00,,64,0,False,모든 것이 너무 빠르게 변해가지만 손을 내밀 용기와 그 손을 잡아주는 연결이 여전히 필요한 가치임을 믿고 싶다
P7kEWp99Xq2J9,황재윤,3.5,2026-06-18T09:32:50+09:00,,55,0,False,이 시리즈가 가장 해낼 수 있는 필연적이고 멋진 이야기를 다시 대하는 기쁨. 🤠 🌟 🐸  260617 CGV에서.
W4zQrODDqpEw1,BAE OO,3.0,2026-06-18T13:56:42+09:00,,54,0,False,어린이는 어린이 다운 게 좋다.
W4zQrODo85Ew1,Jay Oh,3.5,2026-06-23T21:19:18+09:00,,49,0,False,"동심에 바쳤던 시간들, 연결에 힘썼던 시간들, 무엇 하나 쓸모 없지 않았다. Play is forever."
xkPEmerBkXEK3,teta,4.0,2026-06-28T22:36:16+09:00,,39,0,False,언젠간 끝날 여정일지라도 함께 하겠다는 친구들의 아가페적 사랑은 다 커버린 아이들을 꼬옥 안아준다.
lP0E85pmO12bx,STONE,3.0,2026-06-24T17:22:12+09:00,2026-06-23T00:00:00+09:00,39,1,False,"장난감과 디바이스의 경계를 흐리되, 근본적인 놀이에 관한 정의를 다시 한 번 다진다."
bW3Qk7GxryQ9p,파란안경,4.0,2026-06-17T22:53:03+09:00,,39,2,False,근본스토리로 또 해내네..👍
POkEwe6ZoKMql,라따구리,4.0,2026-06-17T14:20:57+09:00,2026-06-17T00:00:00+09:00,38,0,False,"변화하는 시대 속 픽사의 이름으로 외치는 상상력의 가치, 어른들의 가슴 한 편에 켜켜이 쌓인 기억의 먼지를 털어내며 반짝이던 추억을 되찾아준다."
lP0E85y8WY2bx,임희봉,3.5,2026-06-22T13:01:44+09:00,2026-06-21T00:00:00+09:00,37,0,False,"언젠가 장난감이 사라지는 날이 올지도 모른다, 하지만 그게 오늘은 아니다"
6GWQ1BrD13EJ5,뭉아빠,4.0,2026-06-11T21:31:35+09:00,,37,0,False,어릴적 큰이모랑 큰이모부집에 잠깐 살았던적이있다. 자식이 없던 두분은 말안듣는 나를 잘챙겨주시려고 노력했지만 철없던 나는 두분을 힘들게 했었다. 한 번은 이모랑 싸우고 낑낑되고 있을때 이모부가 나를 비디오가게에 데려 갔었다. 그때 내가 본 비디오가 토이스토리 1 이다. 그래서 나는 토이스토리를 보면 이모부가 생각이난다. 나의 철없던 어린시절 나에 마음을 챙겨준 이모부의 따뜻한마음 지금은 이세상에 계시진 않지만 토이스토리 5를 보고나니 나의 어릴적 스승님이자 친구였던 이모부가 그리워지는 날이었다
j7kQzY1YydMl4,긴계절,5.0,2023-05-24T14:32:13+09:00,,37,0,False,"애니메이션 영화 역사상 가장 위대한 3편이 끝나고 , 4편이 나온다는것에 사람들은 걱정하고 우려했다. 하지만 4편은 (호불호가 있지만) 사람들의 우려와는 다르게 대체로 잘만들었다는 평가를 받고있다. 5편이라면,픽사의 얼굴인 토이스토리라면, 이번에도 놀라운 무언가를 보여주지 않을까. 사실 토이스토리의 광팬인 나는 두렵고 걱정된다. 하지만 지난 4편에서 보여준 것처럼 한번 더 기대해도 되지않을까?  3편을 뛰어넘는 우주명작이 될줄은 몰랐다"
lP0E85yDAn2bx,김병우,4.0,2026-06-17T23:09:46+09:00,2026-06-17T00:00:00+09:00,36,0,False,순수한 추억은 힘이 세다!
wlL2Do6v93EyZ,Seojun Lim,4.0,2026-06-24T18:23:50+09:00,,34,0,False,"사랑하는 사람에게 버림받는 것만큼 서글픈 일도 없다. 모든 것을 내어준 만큼 상대의 마음도 오직 나만을 향하리라 믿었다. 그러나 누군가에게 버려졌다고 해서 영원히 버림받은 존재로 남아 있을 필요는 없다. 우리에게는 아직 긴 시간이 남아 있고, 행복할 순간들 또한 많이 남아 있다. 그래서 다시 한번 사랑하는 사람에게 해줄 수 있는 최선을 다한다. 이 사랑에 관한 이야기의 결말이 어떻게 될지는 아무도 모른다. 하지만 이제는 결과보다 과정을 온몸으로 느낀다. 주인공이 되기보다 누군가가 더 빛날 수 있도록 곁을 지키는 조연. 어쩌면 그것이 운명일지도 모르겠다."
6GWQ1BWrnlEJ5,은진,4.0,2026-06-18T00:37:16+09:00,2026-06-17T00:00:00+09:00,34,4,False,"요즘 사람들 가방에 하나둘 달려 있는 키링 인형들이 길에서 서로 마주치면 인사한다는 얘길 봤었다. 나는 뭘 달고 다니는 걸 싫어하는데 오늘은 집에 와서 민둥맨둥 재미없는 가방에 귀여운 인형을 하나 달아줬다. 주인 모르는 새 서로 반가워하는 달랑거림을 상상하면서, 아직은 토이 스토리가 계속 됐음 한다.  후반에는 좀 맘이 웅장해져서 눈물이 찔끔 날 뻔 했는데, 웬걸 토이 스토리에서 마블의 어셈블 희열을 느꼈다. 너무 너무 좋았다. 특히 제시 버즈 릴리 스마티팬츠 캐릭터라이징이 빛나서 재밌었어.  아 오늘 영화 보기 10분 전에 핸드폰 배터리가 방전됐었는데.. 제시가 그렇게 욕하던 *망할 디바이스*. 영화를 다 보고 집에 가는 길에 두 손이 가볍단 생각을 했다. 나도 버즈 대군들이 들어 날라주었으면 하는 생각도 했다!  -  쿠키에 쿠키까지 있으니 끝까지 앉아 있어야만 해yo🎤"
6aLMP8NKV9MOw,박성호,3.5,2026-06-17T18:43:05+09:00,,34,0,False,버즈 군단 몇 소대면 지구정복도 가능하겄노ㅋㅋㅋㅋㅋㅋㅋㅋㅋ
xzaQAvqp1LEg5,DarthSkywalker,3.5,2026-06-17T16:17:55+09:00,,34,1,False,어른이 되가는 것이 순수함을 잃어간다는 것은 아닐 수 있다는 믿음.
ZGYMGGGKjVMr8,은숑,3.0,2026-02-23T01:45:07+09:00,,34,1,False,"릴리패드는 사실 멘헤라 정병이었다  스포있는 긴 리뷰 : . . 재밌다. 기분 좋다. 보기 좋다. 하지만 거기에서 더 감상이 나아가지 않는다. 일단 예고편에서부터 이 영화가 주고 싶은 메세지를 너무 직접적으로 주고 있는 것 아닌가? 하는 생각이 들었다. 영화가 주는 메세지는 결국 예상을 벗어나지 않았다. 솔직히 말해서 캐릭터들의 서사도 무엇도 의미있게 나아가지 못한 것 같다. 난 4편도 재밌게 보았고 지금까지의 모든 토이 스토리들은 유의미한 성장이나 변화가 눈에 띄었다. 하지만 일단 이 영화는 버즈와 제시가 결혼할것임을 처음부터 대놓고 암시한다. 사실상 영화의 가장 큰 이벤트는 거의 그것뿐인데도 말이다. 새롭게 사귄 친구도 (만약 다음 편이 나온다면) 다음 편에서 유의미하게 사건을 이끌어갈 것 같지도 않다. 빌런인 릴리패드도 빌런으로 쓰였다기 보다는 정말 주제로서 소비된게 아닌가 싶을 정도로 캐릭터로서의 비중이 그렇게 크지 않다. 이 빌런을 어떻게 해결할지 궁금했는데 그냥 장난감들이 별 것 안 했는데도 저절로 해결되어버린다. 심지어 릴리패드가 정병이라도 겇렸는지 냅다 자기가 자길 버린다;; 덕분에 이 영화는 제시의 추억팔이 집에 돌아가기 대작전이 되어버린다. 솔직히 막 웃긴 장면도 없었던 것 같고ㅇㅇ.. 에밀리가 딸 이름을 제시로 한 걸 장난감 제시가 알아내는 장면은 좀 좋았다. 진짜 이번 영화는 디즈니가 그냥 요즘 스크린 과의존에 빠진 아이들 정신차리게 해줘야겠어! 하고 충동적으로 만든 영화인가 싶다. 아니면 보니가 친구 캐릭터가 없어서 외로워보였나?  관람 전 코멘트 : 토이 스토리 3에서 끝맺음이 되지 않아 4 이후 시리즈를 싫어하는 사람들도 있지만, 난 오히려 토이 스토리 3에서 앤디가 장난감을 더 어린 아이에게 나눠주었듯, 지금의 어린 아이들이 토이 스토리를 보고 우리와 같은 장난감을 기억해주었으면 하는 바람이 있다. (수정 : 방금 토이스토리 3를 다시 봤는데 수정한다 3에서 끝났어야 했다 😭😭😭)"
GO6MZ4nzw9ENx,영화는 보고 다니냐,3.0,2026-07-03T17:46:34+09:00,,33,0,False,"초심과 산만함을 왔다갔다, 그래도 뭉클함을."
nd3M3z9AkB2Ng,투올드투다이영!,4.0,2026-06-19T15:37:12+09:00,,33,0,False,하...집 가서 레고랑 놀아야겠다ㅠㅠ
ZGYMGGLLYwMr8,권혜정,4.0,2026-07-05T19:05:57+09:00,2026-07-04T00:00:00+09:00,32,0,False,"처음에 비디오로 본 지 벌써 31년이나 지났다니…🥹 시대상을 많이 반영했지만 크게 색다른 것은 없었다. 하긴 1~4편이 완벽했는데 더 어떻게 나아갈 수 있겠는가… 6편도 나올 것 같은 느낌으로 마무리되는데, 기대가 되지는 않았다. @cgv천호 IMAX"
8kXQebP34XEP6,비채,4.0,2026-06-28T19:01:00+09:00,2026-06-27T00:00:00+09:00,32,2,False,아날로그와 디지털 사이를 잇는 이해와 공감의 연료 충전. 추억의 우주선은 회복탄력성의 발사대에서 긍정과 성장의 우주로!🚀🌟
kpeQKvNRb5MYN,해핑,5.0,2026-06-19T23:26:35+09:00,,32,0,True,에밀리가 딸 이름을 제시라고 지었어
wlL2Dom7eBEyZ,BIGMAC_bro,4.0,2026-06-17T20:34:44+09:00,,32,0,False,"31년 동안 토이스토리 시리즈를 보며 이제는 부모세대가 되었을 관객들에게 장난감들이 전하는 연대의 안내서이자 육아일기.  큰 기대 안했는데, 많이 놀랐다. 뇌절 같았고, 4편도 딱히 크게 재밌던 느낌이 없었기 때문.  오히려 4가 외전같고, 5는 3편까지의 이야기들을 이어받아 잘 확장시킨 느낌이랄까.  중반부까진 별 세개반 생각했는데 후반부에서 별 네개로 올림.  전자기기의 침략에 의해 도태될 위기에 처한 장난감들이 문제를 어떻게 헤쳐나갈지 궁금했는데,  새로운 시대에 맞게 너무나도 영리하고 유쾌하게 화합과 공존으로 이야기를 풀어나가는 것에 정말 놀랐다.  그동안 장난감들이 아이들에게 버려지는 것에 대한 두려움을 계속 가졌다면, 이제는 그것을 넘어서 아이들을 서로 연결해 주는 주체가 되는 메시지도 너무 좋았음.  그리고… 장난감은 어른들도 좋아해 ㅋㅋ  그것으로 이번 시리즈는 3편의 감동을 이을만 하다.  *버즈 부대가 너무 마음에 들었다 ㅋㅋ  그러고보니 ‘토이 스토리‘ 시리즈 자체가 이젠 나에게 어릴적 장난감 같은 존재가 되었네"
W4zQrOD9vpEw1,찌질이,3.0,2026-06-17T12:38:26+09:00,,31,0,False,버려진 장난감 만큼이나 비중없는 조연들
wlL2DompdmEyZ,TERU,4.5,2026-06-17T17:40:34+09:00,,29,0,False,"Good : 온라인과 오프라인 사이에서 삶의 균형을 찾아라! Caution : 인터넷 창과 와이파이, SNS가 앗아간 인간다움을 찬양하다. https://blog.naver.com/teruloved/224318963899"
xzaQAvqgLNEg5,RAW,3.5,2026-06-21T19:14:07+09:00,,27,1,False,"사라진 순간을 양분 삼아 삶에 피어난 꽃을 흐뭇하게 지켜보다. 3.7/5점(수원AK플라자 Dolby Cinema, 일반관이었으면 3점 이하였을 듯하다.)  그러고보니 Micro USB 5핀이 벌써 10년 전 구형 규격이었네"
zD82XXg4j4253,미래영화감독,4.5,2026-06-26T17:45:32+09:00,,26,0,False,"세상이 바뀌고 어른이 되어도 너희는 내 마음 깊은 곳에, 영원히."
XpeMJGJvWxQJn,돌돔블루,4.0,2026-06-24T12:01:26+09:00,,26,0,False,영화 역사상 가장 훌륭한 5편. 흐르는 시간의 야속함과 관계의 어려움을 이보다 따뜻한 시선으로 돌아보는 영화가 또 있을까.
xzaQAvq6ZxEg5,맨드로바,4.0,2026-06-20T17:15:25+09:00,,26,0,False,디지털이든 아날로그든 주인인 아이들을 위해서라면 협력할 수 있다. ‘잊혀지는 것’과 ‘기억하는 것’ 중심에 제시를 넣은 건 아주 좋았다.
Vw8MLJOWAlEel,평범한마법사,4.0,2026-06-20T16:31:01+09:00,2026-06-20T00:00:00+09:00,26,0,False,"세월을 입은 장난감, 완숙해진 우리."
69oMvpr6zLEal,Joopiter,4.0,2026-06-21T02:04:44+09:00,2026-06-20T00:00:00+09:00,25,0,False,오랜만에 만난 친구들과는 옛날 얘기를 아무리 반복해도 즐거우니깐.
GO6MZ4dPk0ENx,크리스 by Frame,4.0,2026-06-20T11:55:17+09:00,,25,0,False,"기술이 빌런이 된 시대에, 토이스토리가 찾은 답은 결국 '친구'였다.  7년 만에 돌아온 토이스토리5, 개봉 전까지는 솔직히 회의적이었다. ""이제 와서 무슨 할 얘기가 더 있을까"", ""그냥 프랜차이즈 우려먹기 아닌가"" 하는 생각이 컸다. 그런데 다 보고 나니 역시 토이스토리는 토이스토리였다.  이번 작품의 빌런은 보니의 새 친구가 된 스마트 태블릿 '릴리패드'다. 장난감 vs 전자기기라는 대립 구도는 자칫 뻔한 클리셰로 흐를 수 있었는데, 영화가 진짜로 던지는 메시지는 ""기기를 줄여라""는 막연한 경고가 아니었다. 그보다는 보니가 또래 친구를 사귀는 법을 배워가는 성장 서사에 가까웠고, 이 지점이 5편을 단순한 향수팔이에서 벗어나게 만든 핵심이라고 생각한다.  같이 모여있는 자리에서도 각자 태블릿만 보는 요즘 아이들의 풍경은 이전 세대 입장에서 보면 묘하게 쓸쓸하다. 다만 내가 저 세대였어도 똑같았을 거라는 생각이 들면서, 이 영화가 비난이 아니라 이해의 시선으로 그 풍경을 담아냈다는 점이 좋았다.  서사 구조 면에서도 흥미로운 변화가 보인다. 1~3편이 앤디라는 한 아이와의 작별과 성장을 다뤘고, 4편이 장난감 자체의 정체성과 자아를 탐구했다면, 5편은 다시 아이 쪽 서사로 무게중심을 옮긴 인상이다. 장난감들로 새로운 이야기를 뽑아내기가 점점 어려워진 결과일 수도 있는데, 결과적으로는 시리즈가 한 바퀴 순환하는 구조가 되면서 ""이게 정말 마지막일 수도 있다""는 떡밥과도 묘하게 맞아떨어진다.  우디나 버즈보다 제시를 중심에 두고, 첫 번째 주인 에밀리의 이야기를 다시 끌어온 구성도 인상 깊었다. 토이스토리2의 'When She Loved Me' 정서를 다시 한번 변주하면서도 새로운 결을 더했고, 마지막엔 또 한 번 찡해졌다.  빌런 포지션의 릴리패드와 별개로, 한물간 전자기기들(스마티 팬츠, 아틀라스, 스내피)이 등장해 활약하는 부분도 마음에 들었다. 단순히 아날로그 vs 디지털 이분법이 아니라, ""유행 지난 기기""라는 제3의 존재를 넣어서 구도를 입체적으로 만든 점이 영리했다.  아무리 태블릿이 빌런으로 등장해도, 결국 장난감들이 바라는 건 하나다. 자기 주인인 아이가 행복하게 잘 크는 것. 이 따뜻한 마음이 시리즈 내내 일관되게 흐른다는 점에서, 5편도 그 전통을 잘 이어갔다고 생각한다.  ⭐ 825 / 1000"
7JVEoXVJD829y,리얼리스트,4.0,2026-06-18T22:04:27+09:00,,24,0,False,"모두가 디지털 스크린의 무가치한 관계에 매몰되는 시대임에도 불구하고, 여전히 빛나는 아날로그의 힘과 진정성"
6GWQ1BW9V3EJ5,로즈버드,4.0,2026-06-17T23:08:18+09:00,,24,0,False,"이제는 평생을 함께하고 싶은 시리즈가 되었다. 언제든 새로운 이야기가 찾아온다면, 또 기꺼이 함께할게."
1Vl2bbgAlD2rR,inception,4.0,2026-06-17T22:05:56+09:00,2026-06-17T00:00:00+09:00,24,0,False,"기계는 우정을 연결하고, 장난감은 동심과 추억을 지켜준다."
6GWQ1BW9qLEJ5,장광남,4.5,2026-06-17T22:40:14+09:00,,23,0,False,"나의 어린 시절에 함께해 준, 그리고 앞으로도 아이들의 어린 시절을 함께해 줄 장난감들에게"
Vw8MLJOG4jEel,Alein,0.5,2026-06-22T01:04:48+09:00,2026-06-21T00:00:00+09:00,22,1,True,"내용전개 너무 뻔함 영화 그냥 안봐도됨 트레일러만봐도 다 알수있음 뭐 장난감들이 반란을 일으켜서 모든 기술을 불사지르고 1차산업혁명부터 다시하자하겟냐? 재미도 드럽게없네 인물표현은 또 왜 이따위로함? 제시랑 우디여친은 갑자기 왜 무슨 백마탄 왕자님 성격이된거임? 비중늘려주고 더 주체적인 인물로 만들어주는건 좋은데 이건 얘네가 아니잖아 기본적으로 가지고있던 성격 특성정도는 좀 살려줘야지 원래 있던 제시의 고집있고 나이브하면서도 터프한 면이 있는 여린 마음씨는 어디로갔음? 상황전개에서라도 제시만의 색을 보여주는 장면이 있었나 그냥 이거는 카우보이넘버투지 영화퀄리티가 왜이럼? 어린이들 묘사는 왜이리 단순무식함? 보니는 그렇다쳐도 말키우는여자애 얘는 뭐임 이렇게나 단순한 캐릭터가 이정도 비중을 차지하는게 말이되나 이건 어린이라서가 아니라 인물묘사를 안한거지 걍.. 걔가 보여준 감정 세개만 대보셈 못댈거임 왜냐면 없으니까 이게뭔 국민학교 교과서 철수영희같은 성격인지 얘보다 바나나까먹는 미니언들이 훨씬 다채로움 이게 리니지NPC지 등장인물인가 순수한 어린이는 항상 밝고 활기차게 장난스러워야 한다는 어른의 욕심이 그득그득담긴게보임 어린이영화만들면서 어린이감수성이 이렇게 낮으면 어떡해 불완전하고 날것의 이기적인 감정과 순수하고 섬세한 마음이 양립해야 어린이지 어린이판타지 오지네 어려본지 오래된 사람들이 만들었나 제시넘버원된기념으로 2편 감동서사 끌어와서 즙짜기하는것도.. 2편의 그 먹먹함을 이렇게 더럽히지 말았으면 좋겟음 감동적이긴 했다만 이건 너무 더러운방식이었음 영화 저퀄인거알고 얼른 가불기 쓴 느낌 영화 겁나 대충만들었네 이거 볼 어린이들이 너무 불쌍함 이거볼시간에 입양했어요나 한시간 사십분 해라 ㄱㄱ  그럼에도 평점이 높은건 세상은 기묘할정도로 빠르게 변화하는데 나는 그대로인것만같고 나는 계속 놓아주기만 해야하는 사람인것같고 그런 무력감을 느낀 어른들이 많았단거겠지 근데 이딴식으로 그냥 저는이런생각을해요, 하고 누군가를 설득할 마음은 추호도 없이 공감해줄 동년배들을 기다리며 단순 자기 주장으로 끝낼거면 영화를 만들지말고 스레드에 올리셈  이건뭐 어른을위한영화라기엔 완성도가 너무없고 아이들을 위한 영화라기엔 재미가 너무없고 되게 진보적이면서 메세지는 또 되게 보수적이고 22세 중립성향 박준성 빼고 누가 이걸 재밌게 보는데"
6aLMP8NwqrMOw,Vv✌🏻,4.0,2026-06-19T20:09:19+09:00,2026-06-19T00:00:00+09:00,22,0,False,"화면은 소비하게 하고, 장난감은 상상하게 한다."
6PzQ4nyYrd2qV,245,,2023-05-05T20:41:36+09:00,,22,0,False,뭐여 5편도 나옴?
wlL2DomVXkEyZ,슈아SHUA,4.0,2026-06-17T11:59:44+09:00,,21,1,False,쉴틈없이 흘러가는 세월의 흐름 속에서도 여전히 이 시리즈가 우리 곁에 함께 해야하는 이유.
6PzQ448qkdQqV,그로밋,4.0,2026-06-11T21:50:22+09:00,,21,0,False,<토이 스토리> 떠나지마. 영원히 있어줘!
xzaQAvRWRGEg5,방구석관객,3.0,2026-06-11T21:07:47+09:00,,21,0,False,안전하고 가벼운 길을 택한 픽사를 보자니 웃음과 슬픔이 공존한다.
jxZQRxnd1r2bq,joo_min_center,3.5,2026-06-27T15:38:07+09:00,,20,0,False,바글바글한 버즈들도 제시 결혼식의 하객으로 나왔으면...
jxZQRzrJxNQbq,정영훈,,2025-11-13T21:58:52+09:00,,20,0,False,다른 시리즈는 걱정이 먼저였는데 토이스토리는 10이 나와도 뭔가 기대 될거같다
boY2lYzLpPMWO,시내,5.0,2026-07-04T16:48:45+09:00,2026-07-04T00:00:00+09:00,18,0,False,"우리는 모두 어른이 된다. 시간의 흐름은 막을 수 없다. 김혜진 작가의 <딸에 대하여> 속 두 문장을 빌려 시간의 지독히도 한결같은 흐름을 체감한다. “눈을 감으면 시간이 떠내려가는 소리가 오싹하다.” “단 하룻밤 만에 길고 긴 여름을 지나 순식간에 가을로 건너온 것만 같다.”  우리가 어른이 되어가는 그 모든 흐름 속에서 ‘장난감’과 ‘놀이’는 어떤 역할을 해주었던가.  어린 시절 <토이스토리>라는 거대한 세계관이 열리던 순간을 기억한다. 가지고 놀던 장난감들이 내가 보지 않는 틈에 살아 움직이며 그들만의 세상에서 나에 대한 영원한 사랑을 약속하고 있다는 것. 그들에게 나는 주인이자 엄마이자 아빠이며 친구이자 형제, 자매이기도 했다. 그리고 나도 분명 그들을 그렇게 여겼겠지. 이름을 지어주고 함께 잠을 자고 상상력을 발휘해 그들 각각의 목소리와 인격을 만들면서. 그 세계관의 시작에 내 두 눈과 마음이 반짝였던 것을 나는 아주 또렷하게 기억하고 있다.  시리즈를 거듭하면서 <토이스토리>는 잊혀져 가는 것들, 사라져가는 것들, 그 자리를 대체하는 것들, 그리고 어린이에서 청소년으로 또 청소년에서 어른으로 변모해가는 인간의 ‘삶’을 다루기 시작했다. 장난감들이 낡아간다는 것은 단순히 시간이 흐른다는 것만을 의미하는 게 아니라 아이들이 더이상 아이들이 아니게 되는 순간이 다가온다는 걸 함의하고 있기도 하니까. 나도 <토이스토리> 시리즈와 함께 나이를 먹었다. 더이상 장난감을 가지고 놀지 않게 되었고 그들의 입에서 나올 목소리를 굳이 소리내어 구현하지 않는다. 상황을 복잡하게 설정하여 다소 유치하지만 장황한 대서사시를 펼쳐 놓는 일련의 놀이에서도 더는 그들의 존재를 빌리지 않고 있다. 다만 초록 지붕 집의 빨간 머리 앤이 그러했듯 ‘떠오르는 생각을 참지 못하고 발화했던 나’를 지나온, 나름 철이 들었다고 자부하는 내가 머릿속으로만 소란스럽게 떠올린 상상들에 조용히 미소지을 뿐이다. 그렇게 많은 장난감들이 내 손에서, 내 방에서, 내 집에서 떠나갔고 언제나 같은 표정으로 나를 맞이하던(어쩌면 기다려주던) 그들은 다시는 돌아오지 않았다. 아니, 돌아오지 못했다는 표현이 맞겠지. 나도 그들을 무심하게 잊었기 때문이다.  그러나 이 영화는 잊혀진 계절들을 상기시킨다. 커다랗고 벅찬 웃음을 공유했던 순간, 무해함과 투명함으로 서로를 바라보았던 시절, 남몰래 비밀을 털어놓던 속삭임, 슬픔을 공유했던 긴긴밤, 결국 박스 혹은 봉투에 담긴 그들과 감정 없는 이별을 했던 어느날까지.  어쩌면 <토이스토리 5>는 ‘사랑’에 적용되는 당연하면서도 망각하기 쉬운, 망각하고 싶어하는 법칙에 대해 말하고자 하는 건지도 모르겠다. ‘사랑’이 영원할 수 없다는 것을. 그렇지만 사랑의 순간과 그 순간의 감정만큼은 한 사람의 마음과 추억 속에 콕 박힌 채로 남아 어딘가로 반드시 이어진다는 것을.  시간이 지나면 버려질 처지에 꼭 절망하지 않아도 된다는 것을 깨달은 제시의 성장은 어른이 될(이미 된) 내게 필요한 성장을 말해주려는 것 같았다. 낡아가는 것을, 버려지는 것을, 잊혀지는 것을, 새 주인을 만나는 것을, 그러니까 새로운 세상으로 향하는 것을 두려워할 필요가 없다고. 함께 했던 순간은 찰나의 반짝임으로 오래도록 간직될 수 있다는 것을 기억하라고. 내가 누군가에게 필요했던 바로 그 때, 그곳에 존재했음으로 인해 기뻐할만 하다고. 감사할만 하다고. 한 단계가 끝나면 다음 단계가 오는 건 너무나 당연한 일이라고. 에밀리, 앤디, 보니, 그리고 제시가 앞으로 만날 누군가도 그녀 덕분에 그 한 단계를 용감하고 행복하게 잘 견뎌낼 수 있었고, 견딜 수 있을 거라고.  그런 것들을 마음에 아로새기며 영화의 감상을 적어내려가는 지금, 런던에서 뮤지컬 <위키드>를 보러 갔을 때 옆자리 관객으로 만나 이 공연을 얼마나 사랑하는지 열띤 공감을 주고받았던 프랑스인 할머니가 떠오른다. 그녀의 에메랄드색 바지와 스카프, 초록색 펄이 들어간 눈화장과 녹색 보석이 박힌 귀걸이, 온통 초록으로 가득찬 채 빛나는 눈동자로 뿜어내던 사랑이 눈 앞에 다시 펼쳐진다.  “이 동화 같은 이야기 속에 세상의 이치를 담은 교훈이 숨어 있다는 게 얼마나 아름다운 일인가요. 그게 내가 이 공연을 좋아하는, 아니 사랑하는 이유에요.”  <토이스토리> 시리즈를 처음 봤을 때 이 이야기의 끝이 꼭 “오래오래 행복하게 살았답니다(Happily ever after)”로 끝나는 뻔한 동화일 것만 같다는 생각을 했다. 하지만 분명 그럴 수 있었음에도 불구하고 이 시리즈가 매번 친숙하면서도 신선한 이야기를 통해, 쉼없이 요동치는 내 인생의 여러 단계에서 변치 않는 감동과 경탄을 불러일으키는 것에 감사하지 않을 수 없다. 그것이 내가 이 영화에 망설임없이 별 다섯 개를 선사할 수 있는 가장 큰 이유다.  언젠가 누군가 내게 이 시리즈를 얼마나 사랑하는지 묻는다면 그때의 내 눈동자는 제시와 에밀리가 함께 또 따로 본 따스한 노을빛으로 가득차있기를, 기꺼이 소란스러운 마음으로 소망해본다."
nd3M3z9JR82Ng,이근혜,3.5,2026-06-21T19:30:46+09:00,2026-06-21T00:00:00+09:00,18,0,False,장난감 간 호환성 무슨 일… 개연성은 살짝 무시해도 너무 벅차고 슬픈 감정이 자꾸 치고 올라와서 눈물을 참느라 혼났다. 왜 추억을 보내주는 일 작별과 성장은 이렇게도 힘든지
kpeQKvNPlyMYN,주+혜,4.0,2026-06-18T21:27:18+09:00,2026-06-17T00:00:00+09:00,18,0,False,웨스턴부츠레이디를 사랑한 우주테크베어남
8n92Vp9PKZQAJ,film fantasia,4.0,2026-06-18T02:17:24+09:00,2026-06-17T00:00:00+09:00,18,0,False,버려지면 그걸로 끝이라고 생각했던 장난감들이 이제는 놓아주는 법을 배우고 기억의 한 켠에 자리잡는다. 한때 너의 시간에 내가 있어 행복했다면 그걸로 충분해.  +) 다 좋은데 개비개비만 안나와서 살짝 섭섭하네..
OAxM7wZW05Mbm,tangled,5.0,2024-07-02T01:15:32+09:00,2026-07-03T00:00:00+09:00,18,0,False,토이스토리를 너무 사랑해서 내심 속편이 그만 나왔으면 하는 바람이 있다.. 지금까지 너무 빠짐없이 아름다웠고 이 아름다운 기억만 간직하고 싶어  +(보고옴..) 유치원생일때부터 이십대가된 지금까지 너희는 내 최고의 장난감이고 친구들이야.. 내가 토이스토리를 사랑하는 마음 이것만은 영원해
8n92Vpgxl7QAJ,한스기,4.5,2026-06-25T21:40:40+09:00,,17,0,False,"시대가 바뀌어도 우리의 우정이 변함없는 이유는 여린 새싹 곁에서 희노애락을 함께하며 언제나 늘 내 편이었던 네가 있었기 때문 시간이 흘러도 내 마음 한켠에 언제나 머물러있고, 오랜시간 함께 머물러주기를 바라며  시대에 변화에 맞춘 이야기와 시리즈의 중요한 감정의 조화를 아름답게 이루며 지난 시리즈를 회고하고 멋진 이야기를 훌륭하게 만들어간다"
rdVMNLnRxJEql,영미남(영화에 미친 남자),4.0,2026-06-19T22:39:23+09:00,2026-06-19T00:00:00+09:00,17,0,False,"(77) 가치가 다해져가는 것들을 위한 픽사의 위로. 👍: 어른들을 위한 픽사의 토닥임, 👎: 1~3편이 역대급 시리즈였기에 거기에는, 각본 14/20 연기 15/20 연출 16/20 재미 32/40"
lP0E85k48w2bx,siwon.hage,4.5,2026-07-04T21:16:44+09:00,,16,0,False,변기 휴지같이 생긴 이상한 장난감이 웃겼어. 내 점수는 9점이야. 아빠 잠 좀 자지 마.  *아들이랑 27번째로 본 극장 영화.
j7kQzkO7zVEl4,라랄방구,3.0,2026-07-01T23:14:54+09:00,,16,0,False,하루에 매번 사링을 말할 수 없지만 매순간의 사랑이 틀린 적은 없었어.
6GWQ1BW5o3EJ5,준형군,3.5,2026-06-22T21:31:29+09:00,,16,0,False,"이미 3편에서 완벽하게 끝난 시리즈를 어떻게 이어갈 것인가라는 숙명적 고민을 안고 출발한다. 과거의 감정을 반복하려 하면서도, 동시에 다른 방향과 비슷한 방향, 어긋난 방향까지 뒤섞인 독특한 작품이 된 이유다.  이번 작품의 핵심은 제시다. 우디와 버즈 중심이던 시리즈에서 이제 감정축은 제시가 이끌며, 변화하는 시대 속 자신의 존재 이유를 고민하는 성장 서사가 영화의 중심이 된다. 우디는 뒤로 물러나지만 그 모습이 오히려 묘한 울림을 준다. 절대적인 리더가 아니라 뒤에서 흐름을 지켜보는 존재로, 그 변화를 거부하지 않고 자연스럽게 받아들이는 ‘톰 행크스‘의 목소리가 한 시대의 주인공이 중심에서 내려오는 모습을 담담히 완성한다.  디지털 시대와 전자기기를 정면으로 다루는 설정은 늦은 감이 있지만, 기존 장난감과 새로운 캐릭터들을 단순한 대립이 아닌 공존의 방향으로 풀어낸 점은 좋다. 반면 “인간 몰래 움직인다”는 토이 스토리 고유의 법칙이 많이 흐려지고, 빌런의 감정 전환도 설득력이 다소 부족하다.  그럼에도 이 영화가 공허하지 않은 건, 결국 시간과 변화 속에서 자신의 자리를 고민하는 이야기이기 때문이다. 3편 같은 완벽한 마무리의 감동과는 결이 다르지만, 5편은 그 나름의 방식으로 충분히 감동적이다. 시리즈가 왜 아직 끝나지 않았는지 끄덕이게 만들면서, 동시에 끝나지 않아도 괜찮다는 걸 느끼게 한다."
1Vl2bbgkR72rR,영사남,4.0,2026-06-19T17:27:30+09:00,,16,0,False,결국 <토이 스토리> 시리즈는 가치 있는 삶에 대한 이야기
ZGYMGGAV80Mr8,DwLEE,3.5,2026-06-19T15:19:12+09:00,,16,0,False,장난감이던 전자기기던 사람들이던 서로와 서로의 커넥션으로 인해 모든 관계가 형성되어 만들어지는 세상  이제 후속작에 대한 걱정과 의심은 다 부질없을 정도의 시리즈라 볼 수 있겠다
PkvE6DGBwzMpg,내 낡은 서랍 속의 바다,3.5,2026-07-12T21:25:01+09:00,,15,0,False,"추억이라는 치트키에 기댄 무난한 전개, 그럼에도 그 오랜 세월에 걸친 필수적인 추억 보정값."
y4ZMO8pw47QOp,OLSTA,3.5,2026-06-20T00:04:01+09:00,,15,1,False,장점: 귀여운 캐릭터가 많음 단점: 조금 늦은 감이 있고 전편들의 그림자가 너무 큼
W4zQrODaJ5Ew1,망고무비,3.5,2026-06-19T12:32:37+09:00,2026-06-19T00:00:00+09:00,15,0,False,"언젠간 어른이 되겠지만, 아이는 아이답게 자라길 바라는 픽사의 따뜻한 걱정."
NXnE5ZYmOm2zG,권태성,5.0,2026-06-17T22:03:47+09:00,,15,0,False,영원한 세계 안에서 각자가 머물렀던 시간은 언제나 약속이나 한 듯 제때를 찾아서.
xzaQAv0mmNEg5,Fridaythe13th,3.5,2026-07-03T15:07:41+09:00,,14,0,False,"억지스러운 연명 대신, 시류를 올바르게 반영하여 유산을 이어나가는 시리즈에 대한 고마움과 감동으로 가득하다."
6PzQ44jD5dQqV,김다베,3.5,2026-07-01T22:23:49+09:00,2026-07-01T00:00:00+09:00,14,0,False,"친구가 되어주는 것에서, 친구를 만들어주는 역할로 후퇴하며 성장한다. 시간이 지나 어두운 서랍에 갇혀도 우리 함께한 추억은 별처럼 남아있을테니."
3WB2qoZ5gNQpj,김수인,4.0,2026-06-22T16:20:15+09:00,,14,0,False,추억은 돌아오지 않지만 그 때의 감정은 영원히 함께한다.
boPQjo6D5lEKL,캉뱅,3.0,2026-06-21T15:51:30+09:00,,14,0,False,어쩌면 시리즈의 배터리가 다 되었을지도 모른다. 그래도 늘 내 추억의 선반에 고이 모셔두겠지.
7JVEoXVKaX29y,정성찬,4.0,2026-06-21T11:21:53+09:00,,14,1,False,"To Infinity, and Beyond! -> 이거 왜 안함?"
0ezQye88N1Qpq,살벌한놈,4.0,2026-06-18T13:28:07+09:00,2026-06-17T00:00:00+09:00,14,0,False,결국 시리즈 전체를 관통하는 것은 상실 후 회복에 대한 이야기. 잃어간다는 것을 받아들이는 순간 한 뼘씩 성장해 나간다. 사력을 다해 동심을 지켜내려는 예쁜 마음들은 다섯 번을 반복해도 언제나 눈물겹다.
7JVEoXVY7j29y,영화를 보고,4.5,2026-06-17T20:28:49+09:00,2026-06-17T00:00:00+09:00,14,0,False,세상에서 가장 완벽한 5부작
3WB2qoZqGpQpj,grim_juri,3.5,2026-06-17T14:37:23+09:00,,14,0,False,릴리 패드가 등장해도 우리에겐 아직 장난감이 필요해.
6GWQ1BWPxgEJ5,미드나잇인파리,4.5,2026-06-17T11:48:35+09:00,,14,0,False,여기서만큼은 마음껏 웃고 울어도 괜찮아
WzO2g4qRzjMXZ,하리,3.5,2026-07-07T18:59:37+09:00,,13,0,False,버려지고 잊혀지는 스토리 그만 ㅠ 감동은 한번이면 족해... 전편은 좋았는데 ㅠ
W4zQrOAZkbEw1,두세줄평,4.5,2026-06-28T17:51:24+09:00,,13,0,False,세상에서 가장 위대한 5부작 장난감의 시대는 끝났어도 토이스토리는 끝나지 않는다.  나이 먹을만큼 먹은 30대 성인 남정네 눈가에 눈물을 맺히게 한 것만으로도 걸작이라 칭송할 수 밖에 없다.
rdVMNLn0qJEql,김효원,3.0,2026-06-18T02:54:03+09:00,,13,0,True,"여전히 아이에겐 전자기기보다 장난감이 필요하다고 외치는 감동이 잃어버린 철학.  ㅡㅡㅡㅡㅡㅡㅡㅡㅡㅡ  <토이스토리> 시리즈는 많은 이들의 유년을 티없이 행복하게 해준 작품이지만, 사실 그 시리즈의 가장 중요한 동력은 전작의 전제가 과연 진실에 가까운지를 불편하리만치 파고들며 매번 새로운 실존주의적 질문을 던지는 픽사만의 '진취성'이었다. 2편은 1편의 박제된 유년을 재생하며 실존적 불안의 문제를 제기했고, 3편은 2편의 미래시제를 현재시제로 실현하며 존재의 이별을 질문했다. 4편은 3편의 운명 순응에 회의하며 주체적 선택의 삶을 제시했다. 그렇다면, 4편에서 장난감이 장난감이기를 거부하는 실존주의의 경지마저 보여줬는데, 7년 만에 돌아온 <토이스토리 5>에게 새로운 질문이 남아 있을까?  남아 있지 않았다. <토이스토리 5>는 표면적으로는 디지털 시대를 맞은 장난감들의 실존적 위기라는 새로운 영역을 개척할 것처럼 보인다. 그러나 실상 스마트 기기의 등장은 시리즈의 시대적 적응을 보여주기 위한 소재 선택일 뿐이다. 영화는 디지털의 본질에 관해 고찰하는 대신에 디지털의 폐해에 대해 불평한다. 스마트 태블릿 '릴리패드'는 장난감 시대의 종말을 선언할 근원적인 파괴자가 아니라, 영화마다 한 명씩 나오는 방해꾼의 연장선에 불과하다.  사실 5편은 완전히 새로운 이야기가 될 수도 있었다. 전작들은 어디까지나 앤디 혹은 보니라는 아이 개인의 성장에 따른 위기였으나, 이번 5편은 총체적인 시대 자체의 종말을 다루기 때문이다. 즉, 5편의 위기는 3편의 결말에서처럼 다른 주인에게로 옮겨감으로써는 해결할 수 없는 불가피한 것이라는 점이 매우 중요하다. 하지만 픽사는 아날로그적 놀이가 디지털 게임보다 우월하며 전자기기들도 내심 역할 놀이를 동경하고 있다는 속 편한 대답을 통해, 시대의 종말을 충분히 극복 가능한 것으로 바꿔 버린다.  <토이스토리> 시리즈는 작품을 거듭할수록 점점 더 깊은 실존주의 철학에 가닿고 있었으나, 앞선 이유로 인해 5편의 장난감들이 맞은 실존적 위기의 무게감은 2편 수준으로 퇴행한다. 언젠가 전자기기에 밀려서 장난감이 보니의 관심에서 사라지는 그때까지 보니의 기쁨을 위해 최선을 다하자고 역설하는 제시는, 언젠가 어른이 되어서 앤디가 장난감을 갖고 놀지 않는 그날까지 앤디를 위해 복무하겠다고 다짐하는 2편의 우디와 동어반복을 하고 있다. 2편에서는 시간의 흐름이 문제였지만 5편에서는 기술의 발전이 적이 되었을 뿐이다. 놀이가 게임보다 아름답고 따뜻하며 쓸모있기 때문에 아직은 장난감 시대의 종말이 한참 멀었다는 묘한 안도감마저 2편과 흡사하다. 그래서 <토이스토리 5>에는 3편과 같이 코앞에 닥친 존재의 위기감과 시간의 깊이감이 없고, 4편에서 '선택하는 삶'으로까지 나아갔던 철학을 다시 '복종하는 삶'으로 되돌려 버린다.  일찍이 선택하는 삶으로 나아간 우디가 보니의 집으로 돌아와, 여전히 복종하는 삶을 살고 있는 장난감들을 돕는 전개는 반가우면서도 어색함이 크다. 이후로도 우디는 버즈와 쭉 붙어 다니며 특별한 활약을 하지는 않기 때문에, 상업적인 이유가 아니었다면 4편에서 이미 서사를 완성한 우디가 시리즈에 복귀할 까닭은 없었다. 버즈는 마음의 목소리에 귀 기울인답시고 음성 버튼만 누르던 4편에서보다는 낫지만, 거대한 위기를 앞에 두고 제시를 향한 사적 감정에만 몰두하는 모습은 <겨울왕국 2>의 크리스토프를 연상시킨다. 원조 조연들에 대한 대우도 아쉽다. 세 주연이 모두 많은 분량을 차지하기에 분량 조절이 4편보다는 나아 보일 수 있으나, 2편과 3편의 탁월한 팀플레이는 이 시리즈에서 더는 볼 수 없는 것인지가 우려스럽다.  다만 새로운 주인공으로 부상한 제시의 서사는 흥미롭다. 또 다시 주인에게 버림받은 제시가 전전 주인 에밀리가 남겨둔 선물을 확인하는 장면은 시리즈 전체에서도 시사하는 바가 크다. 이제껏 <토이스토리> 시리즈는 장난감에게 인간의 존재가 얼마나 절대적인지만 말해왔지, 그 반대에 관해서는 제대로 보여주지 않았다. 하지만 5편에서 밝혀진 대로, 에밀리가 자신의 딸 이름을 제시라고 지었다는 사실은 장난감과의 추억이 인간의 삶에 얼마나 중요하게 남는지를 무척 감동적으로 보여준다.  의외로 <토이스토리> 시리즈는 이제껏 아이에게 장난감이 필요하다고 말한 적이 없었다. 오히려 장난감에게 아이가 필요하다고 늘 말했다. 그래서 픽사는 <토이스토리> 시리즈가 지속되어야 하는 이유를, 장난감이 점점 더 필요 없어질수록 역설적으로 깊어지는 실존적 고뇌에서 찾았었다. 그런데 반대로 이번 5편에서 픽사는 장난감이 여전히 필요하기 때문에 시리즈가 지속되어야 한다고 말한다. 그러니 고뇌는 얕아지고 철학은 뒷걸음친다. 자녀의 스크린 타임 통제로 고생하는 부모들은 감사해할지도 모를 픽사의 이 아날로그 복고주의는 예전과 달리 전혀 진취적이지 않다. <토이스토리>는 원래 교육적인 작품이 아니었다. <토이스토리> 시리즈가 언제까지 이어질지는 알 수 없으나, 나는 이 시리즈를 영화사상 가장 위대한 4부작으로 기억하겠다."
6aLMP8NPaZMOw,의식의흐름,4.0,2026-06-18T00:17:40+09:00,,13,4,False,세월이 흘러도 장난감이 주는 순수를 잊지 않아야 한다 그러더라구. 그래서 강서윤 군이 요즘 세상에 필요하다 그러더라구. 왜 아직도 토이스토리5 안 봤냐구 그러더라구
xplMdbZLJOE4o,HBJ,4.0,2026-06-17T14:16:05+09:00,,13,0,False,"'토이 스토리 5'는 스마트 태블릿이 들어오게 되며 위기감을 느끼는 장난감들에 대한 애니메이션 영화다. 요즘 시대와 기술을 반영하는 '토이 스토리' 시리즈의 이번 편은 특유의 재미와 감동을 간직하며 또 하나의 유쾌한 모험을 연출한다.  '토이 스토리' 시리즈는 1편 때부터 꾸준히 버려지는 것에 대한 두려움이 이야기와 캐릭터들의 중심에 있다. 새로운 장난감에 의해 대체돼서 버려질까봐, 혹은 주인이 성장하면서 자연스럽게 잊혀지게 되는 운명인 장난감들의 이야기는 그렇기에 우리 모두의 동심을 자극하면서 큰 감동을 줬던 것 같다. 그리고 개인적으로 이 이야기는 ""앤디 3부작""인 1-3편에서 더할나위 없이 완벽하게 보여줬던 것 같다. 이번 영화는 그 익숙한 주제들에 대해 다시 이야기하지만, 시대적 맥락이 바뀌어서 새롭게 다가오는 부분들도 있었다. 장난감보단 로블록스 같은 모바일과 PC 게임으로 놀이를 하는 요즘 아이들의 세상에서 과연 이 장난감들은 어떤 의미가 있을지 영화는 주인공들과 함께 고민한다. 분명 이 현대 기술들이 가져다주는 즐거움과 편리함이 있으며, 이 새로운 형태의 놀이들도 아이들에게는 색다른 추억을 주고 있을 것이다. 하지만, 그렇다고 해서 옛날의 장난감들이 가진 의미나 그들이 준 추억이 사라지는 것은 아니며, 수동적인 경향이 있는 게임들과 달리, 아이들이 주도적으로 상상의 나래를 펼치며 가지고 놀게 되는 장난감들의 가치에 대해서 이야기한다. 결국 영화는 비록 필연적으로 잊혀진다고 하더라도, 그것이 무가치하거나 쓸모없다는 뜻은 아니며, 우리는 언제나 우리의 가치를 알아줄 인연을 새로 만날 수 있다는 따뜻한 메시지를 담는다. 성장의 여정 중에 우리가 잊고 놓고 온 것들을 아쉽고 애잔하다가도 미소를 지으며 되돌아보게 해주는 이 시리즈 특유의 재미와 감동이 느껴졌다. 이야기 내적으로는 우디와 버즈가 비교적 조연 역할로 조금 물러나고, 제시를 주인공으로 내세우며 일종의 세대 교체를 성공적으로 해낸 느낌이 들었으며, 새 인간 주인인 보니의 무게감과 중요성도 확실히 생기며, 새로운 '토이 스토리'의 시작을 알리는 듯했다. 픽사-디즈니 영화답게 애니메이션의 퀄리티는 말할 것도 없이 훌륭하다."
PkvE6DG6YyMpg,SH,4.5,2026-07-17T22:44:38+09:00,2026-07-17T00:00:00+09:00,12,0,False,마지막이라고 할 땐 언제고~~ 하면서 봤는데 역시나 재미있다... 어린이와 어른 모두를 위한 픽사의 선물.  @롯데시네마 월드타워
j7kQzkzyK1El4,마르키토,3.5,2026-06-22T01:34:36+09:00,,12,0,False,토이스토리 5리무중
y4ZMO8pXW3QOp,idaein,3.5,2026-06-17T21:22:51+09:00,,12,0,False,추억으로 먹고 산다는 느낌을 잘 표현했다. 그게 이 시리즈가 30년이 넘어도 계속 나온다는 방증이 아닐까. *쿠키영상 2개 있어요!
y4ZMO8pop4QOp,park,3.5,2026-06-21T21:32:57+09:00,2026-06-20T00:00:00+09:00,11,0,False,버즈는 진짜 제대로 날 수 있게도 되었고 우디는 탈모가 왔지만(ㅠ) 정말 중요한 건 쉬이 사라지지 않노라고 굳게 믿는 마음... 그게 바로 동심 동심 이즈 네버 다이
bW3Qk7G13yQ9p,Mean Han,3.5,2026-06-21T16:21:38+09:00,,11,0,False,4편까지 뛰어난 성취를 거둔 시리즈이기 때문에 들어주는 한 번의 돌림노래.
3kNEpeJxlL2Og,김민재,3.5,2026-06-20T23:36:28+09:00,2026-06-20T00:00:00+09:00,11,0,False,세월이 흘러도 함께했던 추억만큼은 사라지지 않기에.
69oMvprRKBEal,김필립,3.0,2026-06-20T22:47:38+09:00,,11,0,False,"인간 아이의 비중이 커질수록 이야기의 특별함이 반감되고, 인사이드 아웃의 작법을 가미할수록 토이 스토리의 정체성이 옅어지는 아쉬움에도 디지털 시대의 홍수가 끝까지 빼앗지 못할 아날로그 상상력과 진솔한 관계의 가치가 아름답다."
boPQjo6yaKEKL,집중,2.0,2026-06-18T00:55:29+09:00,,11,0,False,이런 식이면 서랍 구석에 넣을 수밖에 없어
Vw8MLJO9z5Eel,하루,2.5,2026-06-17T20:32:04+09:00,,11,0,True,현대 문물에 대한 비판이나 자아 정체성을 찾으려는 시도는 어디 가고 얼렁뚱땅 해피엔딩으로 마무리. 내 주인이 행복하면 되니까 끝? 수동적일 수밖에 없다는 장난감 서사의 한계를 이별과 독립으로 돌파해낸 전작들과 비교해보면 여러모로 게으르고 진부하다.
nd3M3z9v8A2Ng,억이여차,3.5,2026-06-17T17:50:46+09:00,,11,0,False,나의 필요에 따라 존재하는 것은 이 세상에 있을 수 없다는 것을 알게 된다면 나의 시간들 속에서 나를 위해 있어줬던 그 모두는 친구라는 잊을 수 없는 감사한 존재이다
8n92Vp94poQAJ,진면목,3.0,2026-06-17T14:38:31+09:00,,11,0,False,요즘 디즈니는 뭔가 부족하다 이제 픽사까지
OAxM71BNb7Ebm,시네마구리,3.5,2026-06-28T22:34:56+09:00,,10,1,False,"아무리 시대가 변해도 버려진다는 것은, 남겨진다는 것은."
8n92VpgmBZQAJ,지수_evol,3.5,2026-06-27T15:53:17+09:00,,10,0,False,"머물러 있는 우리와 떠나야 하는 너희, 모두 서로를 기억하자. 가끔씩이라도."
rdVMNL3pX0Eql,주령,3.5,2026-06-27T14:34:34+09:00,,10,0,False,가야 할 때가 언제인가를 분명히 알고 떠나는 이의 뒷모습은 얼마나 아름다운가
mkPMneAJ9p2wq,송현석,3.5,2026-06-21T21:40:44+09:00,,10,0,False,이미 빠르게 다가온 디지털 시대에 Not Today라 외치는 모든 장난감에게
7JVEoXVAdn29y,영화잡식주의,3.5,2026-06-21T18:08:55+09:00,2026-06-21T00:00:00+09:00,10,0,False,아이폰6 다시 켜봐야겠다ㅠㅠㅠㅠ
nd3M3z96V52Ng,이영석,4.0,2026-06-21T17:11:28+09:00,,10,0,False,"과거와 현재의 융합이 비춘 찬란한 미래, 그래서 더욱 꿈만 같은 이야기."
6PzQ44Y76oQqV,Gozetto,3.5,2026-06-18T22:09:12+09:00,2026-06-18T00:00:00+09:00,10,0,False,장난감의 시대가 끝나는 때가 올 것이나 적어도 오늘은 아니다(3.5)
wlL2Domp9oEyZ,코닥쿠,4.0,2026-06-17T18:23:12+09:00,,10,0,False,정보화시대에 아이들마저 극성장을 일으키는 현사회와 학창시절 포켓몬을 좋아한다 용기내어 말하지 못한 나의 동심을 끌어올린다. 정말 공감간다.  결국 고지대 선점한 버즈 승리.
y4ZMOmp737EOp,당신의 계절 그리고 영화,,2024-08-08T15:34:22+09:00,,10,0,False,[26.06.19. 미국 개봉] + 7년만의 후속작
6GWQ14Y1DvMJ5,영탁구,3.5,2023-07-13T21:24:18+09:00,,10,2,False,"박수친 지 오랜데, 왜 안 떠나는지..? 픽사의 브릴리언트는 이제 찾아볼 수가 없고, 그냥 디즈니스러움"
OAxM713gkyEbm,실존,3.5,2026-07-19T11:17:22+09:00,,9,0,False,"모든것이 빠르게 발전해 가는 현대사회의 한복판에서, 오래된 것이 반드시 대체되어야 하는 낡아빠진 것은 아님을 기억하며 투박하고 부족한 그대로 소중하게 남겨질 가치들을 향해 해맑은 미소를."
WzO2g4qrDRMXZ,감정수업중🤔,3.5,2026-07-08T23:52:35+09:00,2026-07-08T00:00:00+09:00,9,0,False,"내 자식의 이름은 무엇으로 지을까 뭉클했던 그 단 한 순간. 중간에 인사이드아웃이 오버랩됐다. 그 전과 스타일이 달라진걸까. 아직은 보내고 싶지 않다. 내가 어른이 되어도, 그들의 이야기는 나를 추억으로 빠져들게 만든다."
6GWQ1B7dKNEJ5,에치양,4.0,2026-07-04T10:01:55+09:00,,9,1,False,"광활한 장난감 생태계에서 수컷 버즈는 27년간 오직 한 암컷만을 향해 구애했고, 녀석은 마침내 제시의 환심을 사는 데 성공합니다."
8n92VpgZOvQAJ,Cinefeel,4.0,2026-07-02T21:05:13+09:00,,9,1,False,영화를 보면서 아름다운 이별을 한 줄 알았던 친구가 갑자기 내 옆에 나타나 이전에 못한 얘기를 털어놓을 때의 반가움과 ‘지금 이 이야기를 왜..?’라는 당황스러움이 공존하는 느낌이었다.
3kNEpeJOJN2Og,HWTN,3.5,2026-06-23T12:42:19+09:00,,9,0,False,추억만으로 보기에 충분한.
bW3Qk7GW9LQ9p,웅이,4.0,2026-06-20T18:51:06+09:00,,9,0,False,'토이스토리1'의 감성을 이식한 '토이스토리2'의 속편 현 아이들세대와 자라온 어른세대 모두에게 픽사가 하고싶은 이야기
W9bEBerBwpQpZ,무앗딥,3.5,2026-06-20T18:47:03+09:00,,9,0,False,"이기거나 없앨 순 없어도 함께 공존할 순 있다고, 이 영화를 본 후 핸드폰은 잠시 내려두고 옛 추억을 회상할 사람들에게 장난감의 시대는 끝나지 않았다는 걸 느끼게 해준다."
ZGYMGGA5epMr8,파름,4.0,2026-06-20T11:36:48+09:00,,9,2,False,"순수하게 장난감을 가지고 놀던 아이들, 그 시기의 아이들만이 가진 순수함의 가치를 잘 담아냈다.  전자기기 시대에 맞춘 새로운 갈등 구조와 토이 스토리 특유의 감성이 잘 어울러진 후속작!  토이 스토리 시리즈 전체를 통틀어 최고의 작품은 아니지만, 이 시리즈를 계속 볼 수 있다는 것 자체가 너무 좋았다."
xplMdbZxjYE4o,싱우,3.5,2026-06-17T21:21:22+09:00,,9,0,False,"세대, 인종, 성을 아우르는 디즈니식 올바른 PC의 모범 사례. 이 작품을 빛내기 위해 지금까지 일부러 똥을 뿌려온 건가 싶을 정도."
lP0E85y4N92bx,SH,5.0,2026-06-17T13:08:57+09:00,,9,0,False,"유한하기에 눈부시게 아름답고 즐거운 순간들이 있다. 놓아주는 것을 두려워하지 말자. 같이 노는 그 순간만큼은 즐거웠잖아, 행복했잖아. 그거면 된 거야. 변화가 많아져도 변함없이 널 사랑해.  -  토이스토리 시리즈만큼 원초적으로 우리의 어린 시절에게 보내는 아름다운 답사가 있을까. 아쉬운 점을 꼽을 수는 있지만, 굳이 그러고 싶지 않다. 창고 상자 속 어딘가에서 나의 행복을 간절히 빌어주고 있을 우디와 제시, 버즈들을 종종 꺼내주는 달콤쌉쌀한 매개체이기에.  -  이 시리즈의 핵심은 떠나보내는 것이다. 어린 상상력에서의 졸업을 받아들이는 순간, 비로소 아이들도 장난감도 성장한다."
6GWQ1BrDjvEJ5,제롬,4.5,2026-06-11T22:23:44+09:00,2026-06-11T00:00:00+09:00,9,0,False,"잠시 잊고 지냈을 뿐, 나의 장난감 친구들은 언제나 함께였다 🧸✨ 변한 게 아니라 성장한 거야. 함께한 추억은 여전히 그대로니까 🤠🚀"
j7kQzkP5ZNEl4,Insomniac,3.5,2026-07-04T22:08:31+09:00,2026-07-04T00:00:00+09:00,8,0,False,"손때 묻은 반려 추억의 소중함을 잘 아는 이들이 존재하는 한, 토이 스토리는 계속될 것이다. 아니, 계속되어야 한다. (끝내 서두르는 제시의 이야기까지 설득해내는 픽사의 검증된 손맛.)"
nd3M3zjXPP2Ng,Sinclair,3.5,2026-06-30T19:32:11+09:00,,8,0,False,"우디의 시대가 아름다운 마침표였다면, 제시의 시대는 변화를 두려워하지 않는 용기 있는 쉼표."
OAxM71B34KEbm,CHJ013,5.0,2026-06-27T16:08:02+09:00,2026-06-23T00:00:00+09:00,8,0,False,"태블릿에 대해 단언하고 배제하기보다는 맞닥뜨린 문제를 해결하기 위해 태블릿을 활용해서 좋았다.  2020년대에 접어들며 온라인 세상을 거치지 않고서는 인간관계를 형성하기가 어려워졌고, 이는 아이들에게까지도 적용되기 시작했다. 릴리패드 없이는 친구를 사귀기 어려운 작중 모습이 결코 과장되거나 판타지는 아니다. 때문에 아이들이 태블릿에 자연스레 과의존하거나 중독되는 것도 어찌보면 변한 사회가 만들어낸 당연한 수순의 일부이다.  이 현상에 대해 <토이스토리 5>는 '태블릿을 사용해야 하는가?'라는 더이상 무의미한 질문보다는 '태블릿을 어떻게 사용해야 하는가?'라는 질문과 하나의 모범 답안을 내놓는다. 이제는 떼어낼 수 없는 태블릿이나 스마트폰에 구속되지 않되 현명하게 활용하며 일상 속의 문제-작중에서는 인간관계-를 해결해나가는 방법을 보여 준다.  거기에, 보니와 첼시, 하이디, 카라가 보여준 얕고 솔직하지 못한 관계를 통해 이제는 태블릿과 스마트폰 만으로도 친구를 사귀고 관계를 이어나갈 수 있다는 릴리패드의 초반 대사를 반증하며 아이들에게도 바람직한 친구 관계를 이어나가는 방법에 대해 생각해볼 수 있는 계기를 마련한다.  다만, 새로운 장난감들의 등장으로 기존 장난감들의 비중이 현저히 떨어진 것은 토이스토리의 오랜 팬으로서 아쉬운 부분이다. 만약 <토이스토리 6>이 나온다면, 예전의 장난감들과 지금의 장난감들이 팀워크를 이루는 장면들이 많이 담겼으면 좋겠다.  + '박수칠 때 떠나라'라는 말이 무색하게도, 아직 토이스토리 시리즈는 받을 박수가 많이 남은 것 같다."
POkEweO97AMql,hwan,4.0,2026-06-24T10:53:36+09:00,,8,0,False,"스쳐 가는 연인들 사이에서 너는, 너희는 묵묵히 내 손을 잡고 있더라. 너희들과의 만남은 결코 헛되지 않았어."
POkEwe6Jw6Mql,공실,4.5,2026-06-23T17:22:56+09:00,,8,0,False,역시 릴황은 스윗해
W4zQrODvKdEw1,MissH,4.0,2026-06-22T23:06:52+09:00,2026-06-17T00:00:00+09:00,8,0,False,"픽사의 심장 <토이스토리> 프랜차이즈의 다섯번째 이야기. 역시는 역시였다.  가장 사랑했던 주인인 '에밀리'에게 버림받은 상처와 오랜 시간 수납 당했던 트라우마로 인해 폐소 공포증이 있는 카우걸 '제시'가 새로운 시리즈의 히로인이 되어 이젠 새로운 장난감이 아닌 디지털 시대에 들어서면서 태블릿PC인 '릴리 패드'와의 충돌과 갈등을 세대 교차에 맞게 그려낸다.  아이들도 이제 동네 놀이터나 집 마당에서 장난감을 가지고 노는 시대가 저물어간다. 어린이들도 태블릿PC 디지털 세상 속 커뮤니티에서 교류하고 만나서도 태블릿으로 교류하는데 '보니'는 아직도 장난감 놀이를 통해 성장하고 있다. 그러다보니 친구들과 어울리지 못하게 되고 그런 '보니'가 걱정되는 부모님은 '보니'에게 '릴리 패드'를 사주게 되어 이 집에도 드디어 기기가 들어서고 장난감들과 대립하게 된다.  '릴리'도 '보니'를 아끼는 마음에 친구들과 사귀고 소통할 수 있게 도움이 되고자 했던 것이지 절대 나쁜 마음을 먹었던 것이 아니라는 것. 그리고 '제시'도 '에밀리'가 자신을 버린 게 아니라는 것. '에밀리'의 영원한 작은 카우걸이 딸 '제시'가 되었다는 걸 비로소 알면서 아이가 성장하면서 자연스럽게 관계가 변화하게 됐다는 걸 깨닫게 된다. 그 성장 과정에서 본인이 징검다리가 되었다는 것만으로도 장난감으로써 본분을 다했다는 걸 받아들이는데 이게 진짜 미친 감동.(p) 픽사가 날 또 울리네. 어떻게 이런 스토리텔링이 가능할까.  그러나 이 영화 초반부가 산만하다고 느껴져서 1차 때는 초반 집중력이 떨어졌는데 와이파이 무선 연결 시스템이 탑재된 50개의 신제품 '버즈 라이트이어 군단'을 실었던 컨테이너가 무인도에 표류하면서 갑자기 '버즈라이트 이어 군단' 표류기를 찍고 있나 싶었는데 후반부에 기능 업그레이드를 통해서 본인을 우주 비행사로 알고 있던 '버즈'가 한낱 장난감임을 깨닫고 언제나 ""To infinity and beyond(무한한 공간 저 너머로)"" 우주를 향한 꿈을 가진 캐릭터인데 그의 상상력을 드론 기능을 장착한 신제품 '버즈 라이트이어' 군단이 하늘을 나는 꿈을 이뤄준다는 것도 뭉클하다. 마침내 '버즈'의 상상력이 이뤄지는 걸 이렇게 볼 수 있는 시대에 오다니! 그리고 '버즈' 사령관이 점차 장난감임을 받아들이는 그 과정을 똑같이 군단들도 받아들이는 걸로 오마주로 넣은 것도 이게 다 후반부로 가는 빌드업이었는데, 픽사는 다 계획이 있구나.  '앤디'가 잘커서 좋은 성인이 된 것처럼 상상력과 감수성이 풍부하고 친구와의 관계도 조심스럽지만 소중하게 여길 줄 아는 '보니'도 잘 자라고 있고, 그런 '보니'를 그 어느 누구보다 사랑하고 행복을 바라는 장난감들. 그들의 사랑과 관계. 그 관계는 '보니'가 더 커서 서먹해질 수도 있고, 또는 침대 밑이나 옷장 속에 수납이 될 수도 있다. 그러나, 이제 그 관계가 버려지는 게 아니라 관계의 달라짐이라는 걸 '제시'도 다른 장난감들도 알게 될 것이다. 아이들만 성장하는 게 아니라 장난감들도 관계를 받아들일 줄 알고 성장한다. 정말 너무 아름답고 아름다운 이야기가 아니냐고.  그리고 내 영원한 최애, 내 영원한 파트너 '우디' 늙지마. 낡지마. 아니 모든 <토이 스토리> 장난감들 낡지말고 10편 이상 계속해해주세요. 진짜 늙지말아요. (오열)"
OAxM71PAw0Ebm,라이너스,3.5,2026-06-21T14:59:39+09:00,,8,0,False,"익숙한 사골국을 그리워하며 찾게 된다. 우리는 언제나 영원한 친구! - 걸작 1~3부를 지난 시리즈가 이따금 소품집처럼 돌아와서 동심을 건드려주니 좋습니다. 저도 버즈라이트의 멋진 신형 모델 하나 가지고 싶네요. (무한한 공간, 저 너머로!)"
POkEwe6pZqMql,무민의커피,4.5,2026-06-21T09:53:51+09:00,2026-06-20T00:00:00+09:00,8,0,False,변한게 아니야. 성장한거야. 🥹🥹  서마터폰은 잠시 내려놓고 주위를 둘러보자. 🫂
W4zQrODpNVEw1,백성욱,4.0,2026-06-20T18:47:45+09:00,2026-06-20T00:00:00+09:00,8,0,False,WITH STYLE.
7JVEoXV3Kn29y,Doo,5.0,2026-06-20T12:01:46+09:00,,8,0,False,나도 어쩔 수 없는 '토이 스토리' 의 팬인것 같다. 친근한 캐릭터들이 서로 합을 맞춰 이야기를 풀어가는건 언제 봐도 흥미롭다. 전자기기에 빠져드는 요즘 아이들을 생각하면 또 흥미로운 소재가 아닐 수 없다. 전편들을 생각나게 하는 팬서비스도 여전했다. 제일 놀란건 아직도 뭔가 몽글몽글하게 감동을 준다는 점이다. 3편이 워낙 완벽한 엔딩이긴 했지만 이번 작품도 참 나도 모르게 미소짓게 만드는 엔딩이었다는 생각이 들었다.
jxZQRxNmyk2bq,hannah,3.5,2026-06-19T19:53:11+09:00,,8,1,False,"고마워, 덕분에 함께 놀 수 있고 행복한 추억을 가진 어른이 되었어."
zD82XX4gjX253,keemviolet,4.0,2026-06-18T17:15:51+09:00,,8,0,False,신식은 모르는 구식의 낭만이랄까 서른 넘으면 안 울 줄 알았지 또 울컥합띠다 근데 탈모는 놀리지마라 진짜
P7kEWp99Vd2J9,시지석,4.5,2026-06-18T13:00:08+09:00,,8,0,False,“게임만 하는 애들은 놀이가 뭔지 절대 몰라.”
0ezQye8r61Qpq,송재한,4.0,2026-06-18T01:33:16+09:00,,8,0,False,시절인연이란 말이 있다. 때가 되어 오고 가지만 멀어진다고 사라지는 건 아니다. 서로를 빛내준 그 순간들은 가야할 길을 밝히는 별로 남는다.
Vw8MLJPgD5Eel,임서진,3.5,2026-07-21T13:19:01+09:00,,7,0,False,어딘가 아쉬워도 감동은 여전히
GO6MZ4bzwbENx,B.Lanc,3.5,2026-07-12T00:01:37+09:00,2026-07-11T23:58:40+09:00,7,0,False,힘은 좀 빠졌지만 가슴 먹먹하게 하는 건 여전하다
6aLMP8WaB0MOw,정지훈,3.5,2026-07-04T20:24:47+09:00,,7,0,False,"늘 변함 없는 사랑이 아니라, 누군가의 추억 속에서 소중한 존재로 남는다는 것."
69oMvpwAXLEal,OmOri,3.5,2026-07-01T00:10:12+09:00,2026-06-30T00:00:00+09:00,7,0,False,그리움과 새로움 사이 제자리 뛰기로도 어느 정도 운동은 된다.
BVoM9qp3xZMP0,임중경,3.0,2026-06-27T14:12:39+09:00,,7,0,False,아무래도 어우러지지 않는 우디-버즈와 버즈 군단의 이물감. 그와중 메인 플롯마저 동어반복 뿐인 이야기일뿐.
ZGYMGGAPA5Mr8,LUCY_luxuanxi,4.5,2026-06-23T03:22:34+09:00,,7,0,False,어릴 적 서랍 속에 잠들어 있던 장난감들이 사실은 우리를 기다리고 있었던 건 아닐까 시간이 흘러도 변하지 않는 마음의 가치를 다시 꺼내 보여주는 뭉클한 이야기였다..ㅠㅜ  이미 어른이 되어버린 우리에게.. 그리고 디지털 세상 속에서 서툴게 자라나는 지금의 아이들에게 건네는 픽사의 가장 따뜻한 포옹
6GWQ1BWVlzEJ5,조니,4.0,2026-06-22T16:40:05+09:00,2026-06-21T00:00:00+09:00,7,0,True,불변의 관계란 없다. 우리는 늘 변할 수밖에 없다. 장난감과 주인 사이의 관계도 마찬가지. 자신이 그만 떠나줘야한다는 것을 아는 모습들이 점점 나오면서 이 시리즈의 눈높이가 이제는 어른으로 향하고 있다는 증명을 해준다. 서로가 좋은 곳으로 떠나 또다른 좋은 사람과 함께 있어주길 빌어주는 성숙한 관계를 가늠하는 멋진 작품. - 결과적으로는 당분간 또 함께 남게 되었지만! 사실 또 그 설정이 팬들에게도 좋지만!
7JVEoXVDbn29y,희연희,3.5,2026-06-22T15:20:33+09:00,,7,0,False,"내가 자라는 속도만큼 빠르게 다가오는 이별.  여름이 지나면 한 뼘씩 높아져 있는 무릎, 계절이 몇 번 돌고 더 이상 머리카락이 땀으로 뺨에 달라붙도록 뛰놀지 않는 때가 오면 장난감은 버려진다. 꾹 다문 인형의 입에 대사를 입히는 일이 시시해지고 실제로는 날지 않는 양탄자 위에서 재스민이 되기 힘들어지는 연령이 오면, 아이는 그동안 부모처럼 몸을 던져 상상과 인지의 성장을 돕던 장난감들과 이별해야 한다.  성장하는 존재는 이별을 피할 수 없다. 어른이 되고 나서 만난 친구나 배우자와는 어쩌면 헤어지지 않을 수 있지만, 성장하는 존재끼리는 이별을 피할 수가 없다. 어른이 되어 꺼내읽는 거의 모든 동화책이 새삼 이렇게 슬펐나 싶은 것도 다, 행복 속에서도 읽히는 다가올 이별의 그림자 때문인가보다. 행복한 시간은 전부 곧 과거가 된다는 걸 어른들은 아니께"
6GWQ1BWyLREJ5,이자가식기전에,1.5,2026-06-20T13:56:36+09:00,,7,0,False,막엄청나쁜영화는아닌데…. 4편부터는 다 사족인 느낌
zD82XX48Jb253,마딩히,2.0,2026-06-20T02:09:10+09:00,,7,0,False,개산만
NXnE5ZYJlP2zG,한창성,3.5,2026-06-19T16:15:44+09:00,2026-06-19T00:00:00+09:00,7,0,False,"시절인연.  모험은 끝나지 않았지만, 인연에는 각자의 계절이 있다.  픽사가 가장 잘하는 이야기. 그리고 가장 익숙한 이야기. 그래서 조금 아쉬운 이야기."
xzaQAvq55LEg5,라파엘,4.0,2026-06-18T17:02:10+09:00,,7,0,False,"""장난감과 기술의 대립을 넘어, 변화하는 세상 속에서도 변하지 않는 마음의 가치를 따뜻하게 그려낸 작품이다. 제시의 성장을 중심으로 사랑은 붙잡는 것이 아니라 상대의 행복을 바라보는 것임을 보여준다. 추억과 현재를 자연스럽게 연결하며, 아이와 어른 모두에게 상상력과 관계의 소중함을 깊은 울림으로 전한다.""  🎬 익숙한 세계를 지금의 시대와 연결한 영리함  <토이 스토리 5>가 반가운 이유는 단순히 우디, 버즈, 제시 같은 익숙한 캐릭터들이 다시 등장하기 때문만은 아니다. 이 영화는 우리가 알고 있던 장난감의 세계를 2026년의 현실과 자연스럽게 연결한다. 예전의 아이들은 인형, 자동차, 공룡 장난감, 우주비행사 피규어를 가지고 놀며 상상력을 키웠다. 하지만 지금의 아이들은 태블릿, 영상, 게임, 인공지능형 기기와 함께 자란다. 영화는 이 변화를 억지로 비난하지 않는다. 대신 “아이의 마음을 무엇이 채워주는가”라는 아주 현실적인 이야기를 꺼낸다.  보니가 개구리 모양 태블릿 릴리패드에 빠져드는 설정은 매우 설득력 있다. 장난감들이 갑자기 버려지는 것이 아니라, 아이의 관심이 조금씩 다른 곳으로 이동한다는 방식이 현실적이다. 그래서 관객은 장난감들의 불안을 쉽게 이해할 수 있다. 어릴 때 아끼던 물건을 어느 순간 잊어버린 경험, 좋아하던 것이 갑자기 시들해졌던 기억, 누군가에게 더 이상 필요하지 않은 존재가 된 것 같은 기분을 떠올리게 된다.  이 영화가 뛰어난 점은 장난감과 태블릿의 대립을 너무 단순하게 만들지 않는다는 데 있다. 릴리패드는 무조건 나쁜 존재가 아니다. 보니에게 도움을 주고 싶어 하고, 보니가 친구들과 잘 지내길 바란다. 장난감들도 릴리패드를 무조건 없애야 할 적으로만 보지 않는다. 그들은 보니가 행복하길 바란다. 이 지점에서 영화는 훨씬 성숙해진다. 중요한 것은 장난감이 이기느냐, 태블릿이 이기느냐가 아니라 보니가 어떻게 더 건강하게 자라느냐다.  🤠 우디를 중심에서 한 발 물러서게 한 선택  <토이 스토리 5>에서 우디가 다시 등장한다는 사실은 팬들에게 큰 선물처럼 느껴진다. 하지만 영화는 우디를 다시 절대적인 중심으로 세우지 않는다. 이 선택이 매우 좋다. 우디는 이미 긴 여정을 지나온 캐릭터다. 그는 주인을 위해 사는 법, 친구를 위해 희생하는 법, 그리고 자신만의 길을 선택하는 법까지 배웠다. 그래서 이번 영화에서 우디는 앞에서 모든 문제를 해결하는 인물이 아니라, 제시가 스스로 성장할 수 있도록 곁에서 방향을 잡아주는 존재로 기능한다.  이 방식 덕분에 영화는 과거의 영광에만 기대지 않는다. 우디가 나오기 때문에 반갑지만, 우디가 모든 것을 가져가지 않기 때문에 새롭다. 팬서비스와 새로운 이야기 사이의 균형이 좋다. 우디의 존재는 추억을 불러오지만, 제시의 이야기는 현재의 감정을 움직인다.  특히 우디가 제시에게 전하는 태도는 깊은 울림을 준다. 좋은 사랑은 상대를 붙잡아두는 것이 아니라, 상대가 자기 길을 갈 수 있도록 도와주는 것이라는 메시지가 자연스럽게 전달된다. 이 말은 장난감과 아이의 관계에만 해당하지 않는다. 부모와 자녀, 친구와 친구, 연인과 연인, 오래된 추억과 지금의 나 사이에도 적용된다. 누군가를 진심으로 아낀다는 것은 그 사람이 예전 모습 그대로 남아주길 바라는 일이 아니라, 변해가는 모습까지 받아들이는 일이다.  🧡 제시를 중심에 세운 감정의 힘  이번 영화의 가장 큰 감정적 중심은 제시다. 제시는 원래도 밝고 씩씩한 캐릭터였지만, 그 안에는 버려졌던 상처가 있다. 그래서 보니가 장난감보다 릴리패드에 더 몰두하는 모습을 볼 때 제시의 불안은 더욱 크게 다가온다. 제시는 단순히 질투하는 것이 아니다. 다시 잊히는 것이 두려운 것이다. 자신이 필요 없는 존재가 될까 봐 겁나는 것이다.  이 감정은 많은 사람이 공감할 수 있다. 나이가 들수록 우리는 누구나 비슷한 감정을 겪는다. 예전에는 나를 찾아주던 사람이 더 이상 찾지 않을 때, 함께하던 사람이 다른 세계로 가버린 것처럼 느껴질 때, 내가 익숙했던 방식이 더 이상 통하지 않을 때 마음 한쪽이 흔들린다. 제시의 불안은 장난감만의 불안이 아니라 사람의 불안이다.  영화는 제시를 약하게 그리지 않는다. 오히려 상처가 있기 때문에 더 깊이 사랑할 수 있는 인물로 그린다. 제시는 보니를 다시 자기 곁으로 끌어오고 싶어 하지만, 점점 깨닫게 된다. 보니를 위한다는 것은 보니가 예전처럼 장난감과만 놀게 만드는 일이 아니라, 보니가 더 넓은 세계로 나아가도록 돕는 일이라는 사실을 말이다.  이 변화가 감동적인 이유는 제시가 자신의 두려움을 이겨내기 때문이다. 누군가를 사랑할 때 가장 어려운 일은 놓아주는 것이다. 특히 자신이 버려진 기억을 가진 사람에게는 더욱 그렇다. 그런데 제시는 끝내 보니의 행복을 먼저 선택한다. 그 순간 제시는 단순한 장난감 리더가 아니라, 진짜로 성숙한 존재가 된다.  🚀 버즈와 코미디가 만들어내는 활기  <토이 스토리> 시리즈에서 버즈 라이트이어는 언제나 웃음과 모험을 담당해왔다. 이번 영화에서도 버즈는 특유의 진지함과 엉뚱함으로 이야기에 활기를 더한다. 특히 여러 기념판 버즈들이 등장해 자신들이 진짜 우주 순찰대라고 믿는 장면들은 시리즈 특유의 코미디를 잘 살린다.  이 장면들이 좋은 이유는 분위기를 가볍게 만들기만 하는 것이 아니라, 영화 전체의 주제와도 이어지기 때문이다. 버즈들은 자신이 무엇인지 제대로 알지 못한 채 주어진 역할을 진짜라고 믿는다. 이것은 <토이 스토리> 시리즈가 오래전부터 다뤄온 정체성의 문제와도 연결된다. 버즈는 처음 등장했을 때 자신이 장난감이라는 사실을 받아들이지 못했다. 그런데 이제 그와 비슷한 혼란을 겪는 다른 버즈들이 등장한다. 이 반복은 재미있으면서도 시리즈의 역사를 떠올리게 만든다.  또한 코미디가 과하지 않게 배치되어 있다. 제시의 감정선이 깊어질 때 영화가 너무 무거워지지 않도록 버즈의 장면들이 숨 쉴 틈을 준다. 어린 관객은 웃으며 즐길 수 있고, 어른 관객은 그 안에서 과거 시리즈의 감각을 발견할 수 있다.  👧 보니의 성장과 현실적인 공감  보니는 이번 영화에서 중요한 변화를 겪는다. 보니는 더 이상 어린아이처럼 장난감만 가지고 노는 시기에 머물러 있지 않다. 친구 관계를 고민하고, 또래의 시선을 의식하고, 새로운 기기에 끌린다. 이 변화는 자연스럽다. 그래서 영화가 더 현실적으로 느껴진다.  특히 보니가 릴리패드에 빠지는 과정은 오늘날 많은 가정에서 볼 수 있는 장면과 닮아 있다. 아이가 화면 속 세계에 집중하고, 부모나 주변 사람들은 그 모습을 걱정한다. 하지만 영화는 화면을 무조건 나쁜 것으로 몰아가지 않는다. 아이가 왜 그곳으로 향하는지 먼저 보여준다. 보니는 외롭고, 친구들과 어울리고 싶고, 자신이 뒤처지지 않기를 바란다. 릴리패드는 그런 보니에게 빠르고 편리한 답을 제공한다.  이 지점이 영화의 설득력을 높인다. 보니가 태블릿을 좋아하는 것은 게으르거나 버릇없는 행동이 아니다. 그것은 관계에 대한 불안, 인정받고 싶은 마음, 새로운 세대의 놀이 방식이 뒤섞인 결과다. 영화는 이 복잡한 마음을 따뜻하게 바라본다.  블레이즈라는 친구의 등장은 보니의 성장을 더욱 밝게 만든다. 보니가 현실의 친구와 다시 연결되는 과정은 억지스럽지 않다. 영화는 장난감 놀이와 디지털 기기가 둘 중 하나만 선택해야 하는 관계가 아니라고 말한다. 중요한 것은 균형이다. 화면 속 즐거움도 있을 수 있고, 손으로 만지고 함께 상상하는 놀이도 필요하다. 사람은 한쪽 세계만으로는 충분히 자라기 어렵다.  🐸 릴리패드라는 캐릭터의 흥미로움  릴리패드는 이번 영화의 핵심 장치다. 개구리 모양이라는 귀여운 외형과 달리, 릴리패드는 장난감들에게 큰 위협처럼 다가온다. 하지만 영화는 릴리패드를 납작한 악역으로 만들지 않는다. 이 점이 좋다.  릴리패드는 보니에게 관심을 준다. 보니의 취향을 파악하고, 원하는 것을 추천하고, 친구 관계에도 도움을 주려 한다. 실제로 이런 기기는 현대 사회에서 이미 많은 사람의 삶에 들어와 있다. 우리는 길을 찾을 때, 음악을 들을 때, 영화를 고를 때, 누군가와 소통할 때 기기의 도움을 받는다. 그래서 릴리패드는 낯선 괴물이 아니라 우리 곁에 이미 있는 존재처럼 느껴진다.  영화가 말하는 핵심은 기술을 멀리하라는 것이 아니다. 기술이 사람을 돕는 도구로 남아야 한다는 것이다. 릴리패드가 보니의 삶을 전부 대신하려 할 때 문제가 생긴다. 장난감들은 보니에게 답을 대신 내려주지 않는다. 대신 보니가 상상하고, 실패하고, 친구와 부딪히고, 자기 감정을 배울 수 있게 돕는다. 이 차이가 중요하다.  릴리패드는 빠른 답을 준다. 장난감은 느린 시간을 준다. 릴리패드는 맞춤형 정보를 준다. 장난감은 예측할 수 없는 상상을 준다. 릴리패드는 보니가 원하는 것을 계산한다. 장난감은 보니가 아직 모르는 마음을 꺼낼 수 있게 한다. 영화는 이 차이를 쉽고 따뜻하게 보여준다.  🧸 장난감의 존재 의미를 다시 묻는 방식  <토이 스토리 5>는 “장난감은 왜 필요한가”라는 물음을 다시 꺼낸다. 처음에는 답이 쉬워 보인다. 장난감은 아이가 가지고 노는 물건이다. 하지만 시리즈가 계속될수록 그 답은 더 깊어진다. 장난감은 아이의 상상력을 받아주는 존재이고, 아이가 외로울 때 곁에 있어주는 존재이며, 아이가 자기만의 이야기를 만들 수 있도록 조용히 기다려주는 존재다.  이번 영화에서 장난감들은 보니의 관심을 되찾기 위해 움직인다. 하지만 이야기가 진행될수록 그들의 목표는 바뀐다. 자신들이 다시 사랑받는 것이 아니라, 보니가 진짜로 행복해지는 것이 중요해진다. 이것이 <토이 스토리 5>의 가장 따뜻한 지점이다.  사랑받고 싶은 마음은 자연스럽다. 누구나 누군가에게 필요한 사람이 되고 싶어 한다. 하지만 진짜 깊은 사랑은 “나를 봐줘”에서 끝나지 않는다. “네가 잘되면 좋겠어”로 나아간다. 제시와 장난감들이 보여주는 변화는 바로 그 지점에 있다. 그래서 영화는 어린이 애니메이션의 외형을 가지고 있으면서도 어른의 마음까지 건드린다.  🌱 성장한다는 것의 의미  이 영화에서 성장한다는 것은 누군가를 버리는 일이 아니다. 성장한다는 것은 관계의 모양이 달라지는 일이다. 보니가 더 이상 예전처럼 장난감만 가지고 놀지 않는다고 해서, 장난감들과의 시간이 사라지는 것은 아니다. 그 시간은 다른 모습으로 남는다. 어릴 때의 추억은 지금의 나를 만들고, 지금의 나는 또 다른 세계로 나아간다.  이 부분은 많은 어른 관객에게 크게 와닿는다. 우리도 어릴 때 좋아했던 것들을 하나씩 두고 왔다. 장난감, 만화, 오래된 친구, 낡은 가방, 자주 듣던 노래, 특정한 장소. 하지만 그것들이 완전히 사라진 것은 아니다. 우리 안에 남아 있다. <토이 스토리 5>는 그 사실을 아주 부드럽게 알려준다.  그래서 이 영화의 감동은 “옛날이 좋았다”는 그리움에만 머물지 않는다. 오히려 “변해도 괜찮다”는 위로에 가깝다. 아이가 자라는 것도, 장난감의 역할이 달라지는 것도, 우디가 중심에서 물러나는 것도, 제시가 새로운 리더가 되는 것도 모두 같은 방향을 향한다. 세상은 변하고, 관계도 변한다. 하지만 진심으로 아꼈던 마음은 사라지지 않는다.  💡 지금 시대에 꼭 필요한 메시지  <토이 스토리 5>가 특별하게 느껴지는 이유는 지금 시대의 고민을 정확히 건드리기 때문이다. 많은 사람들은 기술이 너무 빠르게 변하는 세상에서 살아간다. 아이들은 더 어린 나이에 화면을 접하고, 어른들은 그 변화를 걱정한다. 하지만 무조건 막는다고 해결되지 않는다. 중요한 것은 어떻게 함께 살아갈 것인가다.  영화는 기술을 적으로 만들지 않는다. 대신 기술만으로는 채울 수 없는 영역이 있다는 것을 보여준다. 사람에게는 직접 부딪히는 관계가 필요하다. 손으로 만지는 놀이가 필요하다. 아무 목적 없이 상상하는 시간이 필요하다. 바로 답이 나오지 않아도 괜찮은 시간이 필요하다.  장난감들은 그 느린 시간을 상징한다. 장난감을 가지고 노는 아이는 정해진 길을 따라가지 않는다. 인형이 왕이 될 수도 있고, 공룡이 의사가 될 수도 있고, 우주비행사가 바닷속으로 갈 수도 있다. 말이 안 되는 놀이 속에서 아이는 자기만의 세계를 만든다. 그 과정에서 아이는 감정을 배우고, 관계를 연습하고, 실패해도 다시 시작하는 법을 익힌다.  이 영화는 그 가치를 아름답게 되살린다. 장난감은 오래된 물건이 아니라, 아이가 자기 마음을 꺼내놓을 수 있는 작은 무대다. 그 무대가 사라지지 않기를 바라는 영화의 마음이 관객에게 따뜻하게 전달된다.  🎭 어른 관객에게 더 깊게 다가오는 이유  <토이 스토리 5>는 아이들이 보기에도 재미있는 영화지만, 어른이 볼 때 더 많은 감정이 느껴질 수 있다. 어린 관객은 장난감들의 모험과 웃음, 릴리패드와의 갈등을 따라가며 즐길 수 있다. 하지만 어른 관객은 그 안에서 관계의 변화, 쓸모에 대한 불안, 놓아주는 사랑, 추억의 의미를 읽게 된다.  특히 제시의 마음은 어른들에게 강하게 다가온다. 누구나 한 번쯤은 자신이 뒤로 밀려나는 기분을 느낀다. 더 어린 사람, 더 빠른 기술, 더 새로운 방식이 등장할 때 내가 낡은 사람이 된 것 같은 감정을 느낄 수 있다. 제시는 바로 그 감정을 대표한다. 하지만 영화는 제시를 초라하게 만들지 않는다. 제시는 변화를 받아들이며 더 큰 인물이 된다.  이 태도가 좋다. 영화는 오래된 것을 버려야 한다고 말하지 않는다. 새것만이 옳다고도 말하지 않는다. 오래된 것은 오래된 방식으로 가치를 지니고, 새로운 것은 새로운 방식으로 도움을 줄 수 있다. 중요한 것은 어느 한쪽이 다른 한쪽을 완전히 밀어내는 것이 아니라, 서로의 자리를 찾는 것이다.  🌟 시리즈의 정신을 지키면서도 새로워진 작품  <토이 스토리 5>는 시리즈의 핵심을 잘 지킨다. 장난감들은 여전히 아이를 사랑한다. 버즈는 여전히 유쾌하고, 우디는 여전히 믿음직하며, 제시는 여전히 뜨겁고 진심이 깊다. 하지만 영화는 그 익숙함에만 기대지 않는다. 아이의 놀이 방식이 달라진 시대, 기술이 일상이 된 시대, 장난감이 더 이상 당연한 중심이 아닌 시대를 정면으로 바라본다.  이 점에서 <토이 스토리 5>는 안전한 후속편이면서도 의미 있는 후속편이다. 과거 팬들에게는 추억을 주고, 지금의 관객에게는 현실적인 이야기를 준다. 우디와 버즈의 재회는 반갑고, 제시의 성장은 뭉클하며, 보니의 변화는 공감된다. 릴리패드라는 새로운 존재는 이야기에 선명한 긴장감을 만든다.  무엇보다 영화는 “사랑받는 것”보다 “사랑하는 것”을 더 크게 바라본다. 장난감들이 원하는 것은 처음에는 보니의 관심이다. 하지만 마지막에 가까워질수록 그들이 진짜로 원하는 것은 보니의 행복이 된다. 이 변화가 영화의 마음을 깊고 따뜻하게 만든다.  🧡 오래된 추억을 현재의 감정으로 되살리는 힘  <토이 스토리 5>는 관객에게 어린 시절을 떠올리게 한다. 장난감을 가지고 놀던 시간, 혼자만의 세계를 만들던 시간, 물건에게 이름을 붙이고 감정을 나누던 시간을 다시 생각하게 한다. 하지만 이 영화는 과거로 돌아가자고 말하지 않는다. 오히려 과거가 지금의 우리 안에 어떻게 남아 있는지 보여준다.  우리가 어릴 때 사랑했던 것들은 지금도 우리를 만든다. 오래된 장난감은 상자 속에 들어갔을지 몰라도, 그 장난감과 놀던 마음은 사라지지 않는다. 상상하던 힘, 혼자서도 이야기를 만들던 힘, 작은 물건 하나로 큰 세계를 만들던 힘은 어른이 된 뒤에도 남아 있다.  <토이 스토리 5>는 바로 그 마음을 건드린다. 그래서 웃기고, 귀엽고, 모험적인 장면들 사이에서도 이상하게 마음이 뭉클해진다. 이 영화는 장난감의 이야기를 하고 있지만, 사실은 우리가 지나온 시간과 앞으로 받아들여야 할 변화에 대해 말하고 있다.  ✨ 오래 기억될 따뜻한 후속편  <토이 스토리 5>는 장난감과 기술의 대결이라는 쉬운 구도를 넘어선다. 이 영화는 아이가 자라는 과정, 관계가 바뀌는 순간, 사랑의 방식이 성숙해지는 시간을 차분하고 따뜻하게 그린다. 제시를 중심에 세운 선택은 감정적으로 매우 효과적이고, 우디의 귀환은 지나친 반복이 아니라 필요한 울림으로 작동한다. 버즈의 코미디는 활기를 만들고, 릴리패드는 지금 시대를 상징하는 흥미로운 존재가 된다.  가장 인상적인 것은 영화가 변화 앞에서 겁먹은 마음을 다정하게 안아준다는 점이다. 세상이 달라지고, 아이가 자라고, 내가 예전만큼 필요하지 않은 것처럼 느껴질 때도, 우리가 건넨 사랑은 사라지지 않는다. 그 사랑은 형태를 바꾸어 남는다. 때로는 장난감 놀이로, 때로는 추억으로, 때로는 누군가를 놓아줄 수 있는 용기로 남는다.  그래서 <토이 스토리 5>는 단순한 후속편이 아니라, 지금의 세대와 과거의 세대를 이어주는 따뜻한 다리 같은 영화다. 아이들에게는 상상력의 즐거움을, 어른들에게는 잊고 있던 마음의 온도를 되돌려준다. 익숙한 캐릭터들이 다시 돌아왔지만, 그들이 전하는 감정은 여전히 새롭고 깊다. 오래된 장난감들이 다시 한 번 우리에게 말해준다. 진짜 사랑은 붙잡는 힘이 아니라, 상대가 더 넓은 세상으로 나아가도록 조용히 밀어주는 힘이라고."
BVoM9q44ROMP0,애승,4.0,2026-06-18T12:15:16+09:00,,7,0,False,"나와 함께하지 않아도 네가 행복하면 된다는 제시의 사랑이야말로 토이스토리가 끝내 하고 싶었던 이야기 아니었을까.  모두의 유년엔 나의 행복만을 바라던 장난감이 있었을 테니, 다정이 고픈 분들은 이번에도 꼭 관람하시길"
j7kQzkz6B1El4,박준영,4.0,2026-06-18T01:30:33+09:00,2026-06-17T00:00:00+09:00,7,0,False,"화면이 아이의 손을 차지한 시대에도, 장난감들은 여전히 마음의 빈틈을 붙잡는다. 그 빈틈이 예전만큼 단단하게 조여오진 않아도, 오래 함께한 친구들이 건네는 다정함은 아직 쉽게 내려놓기 어렵다."
bW3Qk7Gx9DQ9p,강승호,3.5,2026-06-17T21:29:37+09:00,,7,0,False,차가운 화면이 세상을 채울지라도 따뜻했던 기억만은 시간과 함께 더욱 선명히 남기에.
nd3M3z9vZ52Ng,왕은혜,4.0,2026-06-17T19:17:16+09:00,,7,0,False,"친구는 영원하다, 파트너  특별한 나의 장난감 친구들 잊고 지냈어도 언제나 우린 함께였다"
boY2lY84pYMWO,류강현,4.0,2026-06-17T17:58:57+09:00,,7,0,False,"솔직히 나는 이제 이 시리즈를 안 좋게 볼 수가 없다. 6도, 7도, 8도 보러 갈 테니 만들어만 주세요."
PkvE6Dlva4Mpg,이상우,4.0,2026-06-17T17:17:36+09:00,,7,0,False,"앤디를 대학에 보낸지도 어언 15년, 아이를 어떻게 행복하게 키울 것인가에 대한 고민을 시작한 픽사. 지난 네 편의 무거운 유산이 종종 다리를 잡아도, 제작진들에겐 여전히 그 창작이 즐거워 보인다.  덕분에 한번 더 안녕이라는 말을 미뤄봅니다."
GO6MZ4d3VeENx,구본철,4.0,2026-06-17T16:43:07+09:00,,7,0,False,상상력에 권력을!
3WB2qoyx5jQpj,나쁜피,3.0,2026-07-09T00:01:50+09:00,2026-07-03T00:00:00+09:00,6,0,False,토이 스토리가 고인물이 되는 순간이 오긴 오는구나. 픽사스럽지 않네~! 난 아이들을 악마로 묘사했던 그 쾌감이 좋았는데… 이젠 그건 어쩔 수 없다며 놓아주네… 일없다!  2026-07-03(금) 21 CGV 동대문 1관 SVIP 무료 세진과
6PzQ447z07QqV,필름방위대,4.0,2026-07-07T21:08:04+09:00,,6,0,False,시대의 변화 앞에 선 추억들의 또다른 생존 투쟁.
6PzQ447vRnQqV,상맹,3.5,2026-07-04T22:57:01+09:00,,6,0,False,"플랫한 캐릭터들과 페이소스가 조금 사라졌긴해도, 동심을 지켜주려는 마음과 시대가 지나도 함께 자라왔음에 후회없음의 마음은 장난감의 탈을 쓴 정언명령적인 어른의 이야기다."
6GWQ1B74gNEJ5,Laurent,4.5,2026-07-03T18:25:04+09:00,2026-07-03T00:00:00+09:00,6,1,True,"마음 속의 멍처럼 남아 있던 제시의 아픈 기억을 아름답게 매듭 지어줘서 너무 고맙다. 우리의 인연도, 추억도 모두 언젠간 한 시절로 남을 테지만 부질 없는 건 하나도 없었다는 걸. 우린 그저 시간이 흘러 자랐을 뿐이고, 변화는 어쩔 수 없이 찾아오는 거니까. 우리 다 즐겁게 놀았으니까 된 거지, 그치."
3WB2qozYyNQpj,마이즈,3.5,2026-07-02T09:07:52+09:00,,6,0,False,"디지털 미디어에 점령당한 세계에서 장난감들은 어떻게 되는가? 보는 내내 즐거웠고, 영화가 끝난 뒤에 여운이 많이 남는다. 오랜만에 장난감을 사고 싶어진다."
bW3Qk75pOLQ9p,신유찬,3.0,2026-07-01T14:56:10+09:00,,6,0,False,"'시대는 변해도, 토이스토리는 영원하다'"
droQ0Yjrx9EyN,cinelife,3.5,2026-06-29T12:29:40+09:00,,6,1,False,"타자만을 생각해 자신을 잃어가던 이기적인 본능의 인간과 이기적인 자신만을 생각하던 이타성의 존재론적 본능을 가진 장난감이 해피엔딩으로 교차해 만날 때 그 이기성과 이타성은 관계와 자아를 향한 장점만으로  한 몸이 된다. 즉, 인간은 이기적인 존재이고 장난감은 이타적인 존재인 것이 본능이고 그것을 악용하지 않고 활동하는 한, 이타성과 이기성도 각각 충족되며 자아와 관계가 온전해진다는 뜻이다."
lP0E85p4zj2bx,최주희,5.0,2026-06-25T21:33:10+09:00,,6,0,False,트위터에서 본건데 애니메이션은 어린 친구들한테 어른이 써줄 수 있는 가장 값비싼 편지래요
6GWQ1BWAaLEJ5,everygreenwhere,4.0,2026-06-21T19:32:29+09:00,,6,0,False,나 이제 더 이상 인형으로 칼싸움 하지 않고 블럭들로 성을 쌓지 않고 소꿉놀이로 밥을 차리지 않지만 약속하지 않아도 학교 끝나자마자는 놀이터에서 매일 저녁 8시에는 집 근처 공원에서 뛰어놀지 않지만... 그래도 나는 그 기억이 있어서 지금을 살 수 있어 고마워 내게 주었던 것과 주지 않았지만 받은 모든 것들... 난 변했지만 우리의 그때는 변하지 않을 테니까
lP0E85yWzw2bx,JUN,3.5,2026-06-21T18:59:53+09:00,,6,0,False,조금 일찍 다뤘다면 더 좋았을 것을 급하게 만든 감이 있지만 이정도면 훌륭하다
BVoM9q4N0qMP0,재우,2.5,2026-06-21T13:20:37+09:00,,6,0,False,그냥 알던 그 맛을 택갈이한 느낌
WzO2g4580jMXZ,조토끼,3.5,2026-06-21T09:49:44+09:00,,6,0,False,언젠가 시간이 흘러 이별의 순간이 찾아와도 유년 시절 함께 놀았던 기억만큼은 영원하기에.
xplMdbZpGjE4o,시네마타운,3.5,2026-06-20T21:21:01+09:00,,6,0,False,제일 쓸데없는 걱정 중 하나가 토이 스토리 후속작 걱정.
kpeQKvNBzDMYN,유상현,4.0,2026-06-20T20:10:55+09:00,,6,0,False,나의 잊혀진 전자기기들이 생각났다. 걔네들도 나의 일종의 장난감들이었던 것.
6aLMP8NjR4MOw,대낮에도꿈을꿀수있기에영화를본다.,4.0,2026-06-20T15:37:14+09:00,2026-06-20T00:00:00+09:00,6,0,False,노는 것도 때가 있다. 그 때를 소중하게. Friends forever partner.
BVoM9q4a4oMP0,염간지,4.0,2026-06-20T08:32:15+09:00,,6,0,False,이번 편은 장난감보다는 사람을 다시한번 돌아보게 만든다.
droQ0YnRqzEyN,CineVet,4.0,2026-06-20T01:05:45+09:00,,6,0,False,"전체적인 얼개를 볼 때 1편을 재현한다는, 다소 안일한 발상에 기댄 와중에 여러 면에서 산만하고 성긴 각본을 들고 나타난 점은 아쉽다. 또 스마트 기기에게 점령당한 이 시대의 아이들을 위한 고민과 진정성은 마음을 움직이지만, 동시에 이 시기의 아이들을 이 영화 앞으로 끌고 오기 위해 네 편의 문턱을 넘어야한다는 점은 조금 아이러니하다.  다만 우디와 버즈에 비해 주목받지 못했던 제시의 서사를 다시 한 번 가져와 위로하는 이야기는 기어이 마음을 움직인다. 앞서 이야기한 동시대의 영화로서 영화가 치열하다못해 처절하게 고민한 흔적도 마음 깊숙한 곳까지 닿았으며, 시대 변화에 발맞춰 보여주는 재기발랄한 순간들에 웃음이 터지기도 한다. 시리즈 팬들이라면 기억할 전편들의 순간을 재치있게 곳곳에 배치한 점도 귀엽게 다가왔다.  영화의 결말을 생각하면, 모든 걱정이 봉합된 것처럼 보이면서도 여전히 불안한 미래가 눈 앞에 놓여 있다. 주인공들은 이제 유물 취급받는 구시대의 잔재가 됐거나 개선판에 밀려난 신세이고, 보니는 언제 어른이 되어 장난감에게 작별을 고할지 알 수 없다. 그럼에도 지금 이 자리를 지켜나가는 것, 과거에 머무는 것이 아니라 미래로 나아가는 것, 그 희망에 대한 이야기라는 점이 시리즈의 최신편으로서 훌륭한 맺음이지 않았나.  이제는 정말 장난감 친구들을 놓아줬으면 싶은 마음과 동시에, 그럼에도 마음을 울리는 시리즈란 사실을 다시 한 번 확인하는 시간이었다."
BglQaab5lgQX0,문희원,4.0,2026-06-19T19:40:26+09:00,,6,2,False,"역사는 영원히 반복된다. 장난감 공동체의 질서를 지키던 보안관은 외부인(새로운 장난감)의 침입으로 위기를 맞지만 이내 서로 동일한 목표와 존재 가치를 지녔다는 사실을 배워가며 친구가 된다.(1편) 어느새 이들은 자신이 쓸모 없는 존재가 되어버릴 운명에 두려워 하지만, 자신들과 같은 위치에 있는 또 다른 친구들을 만나며 공동체를 확장한다.(2편) 시간이 많이 흘러 장난감을 가지고 놀던 아이는 어른이 되어 자신의 추억을 다른 아이에게 물려주고, 장난감들은 자신의 가치를 증명하며 성장한 아이를 떠나보낸다.(3편) 어느새 장난감들이 쓸모가 없어진 시대, 그들은 더 이상 그들의 주인에 의해서만 존재하지 않고 스스로 자기 삶의 주인공으로 거듭나는 법을 배우게 된다. (4편)  그리고 다시 원점, 평화롭던 장난감 공동체는 현대사회에 만연해진 전자기기의 등장으로 또 위기를 맞는다. 반복되는 역사에 이미 지치고 육체마저 낡고 노쇠해진 장난감들은 여전히 자기 가치를 증명하려고 애쓰지만, 결국 이젠 궁극적으로 같은 목적을 가지고 있는 새로운 세대가 나아갈 길을 밝혀주고, 같이 살아가는 법을 배우는 게 그들의 숙명임을 받아들인다. 우리 모두는 결국 늙어가야 함을 받아들이면서도, 여전히 새롭게 성장할 아이의 미래를 책임져야 한다고 이야기하는 이 시대 최고의 서부극 걸작."
8n92Vp9gZZQAJ,제제*,4.0,2026-06-18T19:46:12+09:00,,6,0,False,왜 돌아왔냐는 질문에 항상 토이스토리는 시대별로 필요한 상징과 핵심을 성공적으로 전달하며 이번에도 우리들의 영원한 친구로서 남게 됐다.
ZGYMGGAA4LMr8,HE,1.5,2026-06-18T07:48:34+09:00,2026-06-17T00:00:00+09:00,6,0,False,어째 시리즈가 나올수록 장난감의 정체성이 흐려지냐... 장난감은 장난감일 때 귀엽고 사랑스러운 거지 갑자기 멋대로 움직이고 채팅 보내면 호러임;;
P7kEWp9lJq2J9,프로도,3.5,2026-06-18T02:07:27+09:00,,6,0,False,계속해서 지켜온 동심과 아이들의 상상력으로 재정립하는 장난감과 놀이의 정의
6PzQ44Yl7dQqV,욘욘,5.0,2026-06-17T21:28:40+09:00,,6,0,False,앞으로 또 자라날 아이들을 위해 이 시리즈는 영원해야한다
rdVMNLnXnbEql,__ENFJ,4.5,2026-06-17T21:12:49+09:00,,6,0,False,언제 어른이 될 지 예측할 수는 없지만 그 여정에 함께 할 수 있었다는 것만으로도 충분하고 충분했음을.  소중한 장난감 친구들이 지켜준 나의 유년시절을 기억하며. 💞  #게임과 플레이는 다른 것이오 😎
j7kQzkz5lNEl4,제로시스터,2.0,2026-06-17T17:54:31+09:00,,6,0,False,어른 아이 다잡으려다 둘 다 놓치것다
3kNEpeJ5b72Og,사랑은 비를 타고,4.0,2026-06-17T15:41:39+09:00,,6,0,False,You've got a friend in me.  시대의 변화를 직시하면서도 클래식한 가치를 잃지 않는 픽사의 유연한 처세술.  하루가 다르게 변화하며 ‘스크린‘ 타임이 길어지는 시대에 이분법적인 경계를 허물며 친구들을 성장시킨다.
BglQaabqNmQX0,직한,4.0,2026-06-17T13:19:41+09:00,,6,0,False,새삼스레 눈가가 촉촉해지는걸 보니 우리에겐 여전히 장난감이 필요한가 보다.
6GWQ1BbZ5KEJ5,탱탱이,,2026-02-21T05:20:38+09:00,,6,0,False,"이미 두 번이나 이 이야기와 아름다운 이별을 했는데 한번 더 이별을 해야 하는 거야? 그냥 이대로 완벽한 시리즈로 남아주지 않을 거라면 차라리 계속 한번씩 선물처럼 찾아와 주길.. 예전엔 완벽했던 이별을 망칠 지 모른다는 마음에 다음 만남이 없길 바랐는데, 나이가 들어갈수록 이따금씩 생각나고 그리워서 오래오래 보고 싶은 마음이다."
GO6MZ4qd7OENx,홍지욱,2.5,2026-07-21T04:33:27+09:00,2026-07-15T00:00:00+09:00,5,0,False,"시리즈 3편이 아름답고 우아하게 남긴 결말을 종지부로 끝내는 줄 알았다만, 후속작의 존재는 마치 따가운 장미 가시처럼 시리즈를 감상하는 내내 옆구리를 찔러댄다."
W9bEBe3PaPQpZ,최승필,3.5,2026-07-19T17:29:59+09:00,,5,0,False,20260703 메가박스 화곡 (26.13)
1Vl2bbBv1k2rR,청비,3.5,2026-07-18T10:36:35+09:00,,5,0,False,상상력이 사라진 시대에도 픽사의 상상력은 무한하다.
ZGYMGG8yK0Mr8,김동석,4.0,2026-07-11T19:06:42+09:00,2026-07-11T00:00:00+09:00,5,0,False,6편 언제 나오냐
6PzQ447zDdQqV,U- jeong !,4.0,2026-07-07T23:21:05+09:00,,5,4,False,아줌마도 같이 놀래 아가들아
nd3M3z7OG72Ng,이상해씨,3.5,2026-07-06T19:15:59+09:00,,5,0,False,그 시절 친구들을 만나면 그 시절로 돌아간다
xzaQAv034LEg5,김경래,4.0,2026-07-06T00:08:33+09:00,2026-07-05T00:00:00+09:00,5,1,True,"그렇게 우리들의 놀이는 계속될 거야 기억이란 사랑보다 더 슬퍼서 가끔 무서워져도 그럼에도 불구하고 용서하고 사랑하게 될 거야 기다릴게 언제라도 항상 사랑의 엔진을 켜둘게  장난감과의 관계 역할 변화를 시대 감성에 맞춰서 이제는 PLAY 놀이의 이야기로서 접어드는구나 지금껏 검증된 서로의 우정을 넘어 우정의 오작교로서 여전히 놀고픈 내 마음에다가 불을 지피는구나  이거지 너를 차마 미워할 수 없는 이유가 시리즈 1,2탄을 보며 자라서였고 정말 버즈 장난감을 사서 갖고 놀아서였고 내가 갖고 놀던 다른 장난감들도 생각나서였고 나와 함께 놀던 친구들까지도 생각나서였다 내가 너네 책이랑 게임CD까지 샀던 것을 아니 그랬던 내가 4편에 실망하고 나이먹고 5편 볼까말까 망설이며 할인하나 없이 아이맥스로 지르고도 시작 직전까지 피곤해했다니 괜시리 미안하네  계속해서 내 안에 메말라가는 사랑을 일깨워주는 어쩌면 이 시리즈야말로 friend in me인걸 익숙한 도입부 음악에 곧장 무장해제되더니 나 여전히 너희 사랑하는구나 알게 됐을 때...  박력넘치는 시리즈 역대 최고의 키스신 다들 왤케 예쁘니 멋지니 사랑스럽니 하늘을 나는 버즈는 지금도 많이 갖고 싶은데 멋지게 떨어지던 버즈는 더더욱 사랑스러워졌다  무엇보다 2편을 압도적으로 좋아하는 입장에서, 2편의 유일한 아쉬움으로 생각했던, 당시 완전히 해소되지 않았던 제시의 이야기를 메인으로 삼았다는 점. 1,2탄에 대한 향수에다 PC보다 캐릭터성으로 전진시킨 서사가 너무너무 고맙고 좋았다 제시의 상처를 아름다운 시간들로 치유해주고 우디 버즈 못지않게 멋진 주인공으로 성장해줘서 참 고맙다-  그간 제시와 사라 맥라클란의 when she loved me는 사랑했던 연인만큼이나 아이를 키우는 모성의 관계처럼 느껴지기도 했는데, 그 부분이 순환해서 돌아온 듯한 깨달음의 장면이 곱씹을수록 너무 소중했다. 너무 무겁지도 가볍지도 않게, 더욱 씩씩해진 보안관 제시가 다시 또 성장하는 순간. 기억하는 한 영원히 존재하는 거라고. 몸과 마음이 기억하는 따스한 품이 느껴져 너무나 포근했다. 내가 아는 제시는 상처가 있어 애써 밝은 척하는 친구같았는데 이제는 척이 아니라 정말 밝게 빛나고 있었다. 씩씩하게 마주하고 헤쳐나가는 모습이 너무나 사랑스러웠다. 멋지게 성장한 친구를 보는 기분이 들었다  완벽한 트릴로지가 있기에 우디-버즈를 소비하는 방식에 대한 아쉬움은 어쩔 수 없지만 그래도 너희도 나이들었잖아 신규 팬층 유입할 시도도 해야지 뭐 새로운 매력도 예쁘단 말이야 요즘같은 시대에 필요한 얘기이기도 했단 말이야  정말 새롭고 좋았던 것은 아이들이 가지고 놀 때 그림체 바뀌는 장면들... 진짜 너무 예술이야 아이들의 순수한 몰입 상태에서 가장 아름다워지는 장난감과 장난들 놀이들 PLAY들... 마치 연극같은 영화같은 순간들... 연기든 연주든 무아지경의 그 순수한 순간들! 연극도 PLAY인걸, 토이 스토리도 영화인걸, 내가 사랑한 너희 삶이 영화같은, 영화라는, 거대한 놀이PLAY인걸!  나이먹은 느낌이 느껴지는 그들의 목소리도, 너무나도 빛나는 활기 가득 더욱 사랑스러워진 외모도, 뛰고 날고 기고 상처받고 회복하고 다시 사랑하는, 그들의 모험기도 정말 훌륭한 놀이였다! 그들이 이런 식으로 계속 살아나간다면 난 이례적으로 다음 놀이도 기꺼이 함께할 것이다. 내 오랜 친구를 찾아 놀러가듯. 또 만나서 같이 놀자 PLAY하자  예전 생각이 자꾸 나도 괜찮아 즐거웠던 그 맛에 노는 거잖아 그렇게 우리들의 놀이는 계속될 거야 기다릴게 언제라도 항상 사랑의 엔진을 켜둘게"
droQ0Y7d0aEyN,이우진,4.0,2026-07-04T21:57:48+09:00,,5,0,False,장난감도연애하는데왜난못하지
3kNEpe8wJ12Og,동구리,3.0,2026-07-01T01:32:47+09:00,,5,0,False,"이별을 번복하고 돌아온 <토이스토리 4>는 범작이었다. (지금은 아니지만) 인간보단 비인간 존재(물고기, 곤충, 자동차, 감정 등)를 주인공 삼아 보편의 이야기를 풀어내던 픽사의 방법론이 <토이스토리> 시리즈를 통해 정립된 만큼, <토이스토리 4>는 인간이 경험하는 감정의 은유가 아니라 완전히 인간화된 존재로 장난감을 다룸으로써 실패했다. 장난감들이 수용했던 앤디와의 이별, 우디와 버즈를 비롯한 장난감 사이에 쌓인 우정은 속편을 위해 다시금 갈등으로 와해되어야만 했다. 3편에서 별다른 시차 없이 이어진 이야기는 장난감의 자율성과 주체성이라는, 시리즈 전반과 동떨어진 주제를 뚱딴지같이 내놓았다. <토이스토리 5>의 정보가 처음 공개되었을 때 그러한 범작은 아니겠다는 나름의 확신을 가졌다. 포스터 중앙에 놓인 아동용 태블릿 '릴리패드'의 모습을 보고, 이번 영화는 적어도 지금의 이야기를 풀어내고자 애쓰겠구나 생각했다. 물론 3, 4, 5편 사이에 시간차 없이 신문물이 등장한다는 이상함이 남지만. _ 이번 영화의 주인공은 제시다. 4편에서 주체성을 얻어낸 우디는 보와 함께 장난감 친구들을 떠났다. 버즈가 남아 있지만, 이번 영화의 주인공은 그가 아니다. 영화가 시작하자마자 등장하는, 무려 와이파이까지 연결되는 신식 버즈 라이트이어 모델의 대량 등장은 되려 주인공의 지위에서 그를 끌어내린다. 티렉스나 슬링키, 포테이토헤드에게 주인공을 맡기긴 애매하다. 포키는 이제 막 두 번째 출연을 했을 뿐이다. 어느 쪽으로 보나 제시가 주인공이 되는 것이 타당하다. 영화는 그간 보여주지 않았던 제시의 과거를 담아낸다. 앤디에게 오기 이전 제시를 가지고 놀던 농장의 소녀가 있었고, 제시는 그것을 회상한다. 한편 새로운 주인인 보니는 친구가 없다. 장난감이 있어도 함께 놀아줄 친구가 없으며, 옆집의 아이들은 스마트폰과 태블릿에 빠져 있다. 보니의 부모님은 릴리패드를 사주기로 결단한다. 손쉽게 친구들과 연결되고 채팅과 협동게임을 즐길 수 있는 스마트 태블릿 말이다. 보니는 순식간에 그것에 중독된다. 눈을 뜨자마자 게임의 '숙제'를 하고, 채팅창에서 벌어지는 이야기를 실시간으로 따라잡기 위해 디스플레이에서 눈을 떼지 못한다. 장난감과는 자연스럽게 멀어진다. 릴리패드 앞에서, 제시와 장난감들은 위기감을 느낀다. 그리고 제시와 장난감들은 릴리패드를 제거하기 위한 작전을 꾸민다. _ 흥미로운 것은 이 작전의 실패다. 제시는 우연찮게 블레이즈라는 소녀가 사는 농장에 가게 되고, 보니는 제시(와 불스아이) 대신 릴리패드 속 친구들을 택한다. 장난감(과 함께 놀 수 있는 사물이면 무엇이든)을 가지고 말도 안 되는 이야기를 써내려가던 (이 이야기들은 크레파스풍의 그림체로 등장한다) 보니는 매끈한 디스플레이에 그야말로 매료된다. 흥미로운 것은 장난감과 릴리패드 사이의 존재들, 건전지나 구식 충전기를 필요로 하는 디지털 장난감들이다. 유아의 배변활동을 돕는 휴지걸이 장난감이라던가, 충전식 토이카메라와 와이파이가 가능한 휴대폰 장난감이 등장한다. 블레이즈의 집 한편에 처박혀 있던 이 장난감들은 그 집의 다른 아날로그 장난감들로부터 배척받지만, 이들의 존재론은 릴리패드와 다르다. 한두 가지의 기능 밖에 가지고 있지 않으며, 매끈하고 거대하며 한 가지 방식의 신체활동 외엔 허락하지 않는 릴리패드의 디스플레이와 각자의 쓰임에 맞는 모양새를 지닌 디지털 장난감은 구별될 수밖에 없다. _ <토이스토리 5>는 놀이에 이들을 합류시킨다. 와이파이가 연결되고 사진을 전송할 수 있는 신식 장난감이라 해도, 몇 가지 기본적인 기능만 갖췄다는 한계가 있는 장난감이라 해도, 그것이 매직서클 안에 들어오는 순간 다른 맥락을 가질 수 있음을 상기시킨다. 보니, 그리고 블레이즈가 만들어내는 놀이의 매직서클 안에서 장난감은 즉흥적으로 만들어지는 이야기 안에서의 역할을 수행할 따름이다. 릴리패드는 할 수 없는, 혹은 최상의 디자인을 가진 디지털 게임에서나 가능할 법한 놀이 말이다. 물론 <토이스토리 5>가 디지털 게임을 무작정 배척하는 것은 아니다. (다만 영화를 보고 있자면 앤드류 스탠튼이 자신의 자녀들에게 모바일 게임을 허락하진 않았을 것 같아 보인다...) 게임이 재밌다는 것을 영화가 인정하는 장면도 존재하니까. 그저 물리적이고 아날로그적인 놀이의 가치를 디지털과 함께 복원하고자 영화는 애쓰고 있다. 일례로, 보니의 집에서 떨어져 나온 제시가 디지털 장난감들을 통해 도움을 구하는 메시지를 보내는 장면, 와이파이와 드론 기능을 탑재한 업그레이드된 버즈 모델의 쓰임새 등은 놀이를 통한 연결이라는 주제에서 '피지컬'이 여전히 주요한 이슈임을 드러낸다. _ 결국 우리는 무언가 만질 수 있는 대상이 필요하다. 장난감을 디스플레이로, 놀이터의 모래를 우레탄으로 대체하고선 별도의 촉감놀이 시간을 갖는 세상, 본래 쓸모에서 떼어져 나온 키캡이 불안도를 낮춰주는 도구로 여겨지는 상황, 결국 우리에겐 디스플레이가 아닌 터치의 대상이 필요하다. 다소 꼰대 같은 이야기일 수도 있지만 말이다. <토이스토리 5>는 그것을 억지스럽지 않은 선에서 밀어붙인다. 오로지 우디라는 캐릭터를 위해 시리즈의 중심을 빗겨나갔던 전작과 달리, 이번 영화는 다시금 장난감(과 그것을 대체한 미디어들)과 우리 사이의 관계로 되돌아왔다. 더 이상의 속편을 바라지는 않지만, 적어도 픽사는 장난감의 황혼기를 상대할 정도의 능력을 아직 갖추고 있음을 보여주었다."
8kXQebPqpKEP6,지하나,4.0,2026-06-29T15:15:21+09:00,,5,0,False,(토이스토리는 모든 시리즈가 내게 5점이지만..) 5편을 위해 1편부터 다시 정주행한 김에 굳이 순위를 매겨본다면.. 내 기준 베스트는 4편. 최애케는 보핍  과연 다음이 가능할까?..할 때마다 실망시키는 법이 없이 매번 나를 장난감 친구들을 처음 만났던 꼬맹이 시절로 되돌려놓는다 그냥.. 토이스토리 포에버☆
j7kQzkOlKkEl4,최재식,4.0,2026-06-29T10:05:19+09:00,,5,0,False,"유행은 지나도 추억은 남아있다. 다만, 추억이 전자기기 속에만 남아있지 않기를 바란다."
xzaQAv5xD5Eg5,영화 선택장애,3.5,2026-06-29T08:30:15+09:00,,5,0,False,누구는 토이스토리가 3편에서 멈췄어야 “예술”이었을텐데라고 아쉬워한다. 나는 이 토이스토리 시리즈가 시간이 지났음에도 계속 우리와 놀고싶어하는 “장난감” 그 자체같다.
8n92Vpgd9ZQAJ,영화는좋은데리뷰하기는귀찮은인간,3.5,2026-06-28T17:23:44+09:00,,5,0,False,"에필로그의 연장 선상이지만, 그래도 뭉클하며 재미있는."
PkvE6DjG6RMpg,싱싱야도란,3.5,2026-06-27T11:40:47+09:00,,5,0,False,여전히 유쾌한 토이 스토리. 배우들도 세대교체가 되듯 토이 스토리의 장난감들도 세대교체가 진행중인 것 같다.
boY2lYqzgYMWO,spencer,3.5,2026-06-27T01:16:02+09:00,2026-06-26T00:00:00+09:00,5,0,False,대형스크린이 보여주는 초대형 귀여움과 사랑스러움
y4ZMO8gXr9QOp,박상환,3.5,2026-06-26T08:36:43+09:00,2026-06-24T00:00:00+09:00,5,0,False,언제나 변함 없는 내 오랜 친구
wlL2Do6DgkEyZ,창민,4.0,2026-06-25T00:51:01+09:00,,5,0,False,너네도 그냥 스쳐간 시리즈가 아니라 내 소중한 추억이야.
GO6MZ4RgvbENx,yoon,4.0,2026-06-24T22:03:43+09:00,,5,1,False,그 여정에 우리가 도움이 됐다면 우린 할 일을 한 거야
xplMdbjdzvE4o,송좌,4.0,2026-06-24T19:08:49+09:00,,5,0,False,"모든것엔 유통기한이 있다. 하지만 동심과 추억은 생각보다 영원할지도. 어찌되었든, 한 페이지에 남길 수 있다면"
jxZQRxnVAx2bq,이해인,3.5,2026-06-24T15:56:22+09:00,,5,0,False,모든 인연은 이야기가 된다.
ZGYMGGzv3oMr8,이준서,3.5,2026-06-24T00:01:26+09:00,,5,0,False,"잊지 않을, 잊혀지지 않을 함께한 시간들."
5yz2YVgaK4MWj,우기즘,3.5,2026-06-23T23:52:59+09:00,2026-06-23T00:00:00+09:00,5,0,False,"놀이의 목적이 뭘까. 얼마 전 크레이지아케이드 서비스 종료 소식을 듣고 마음이 헛헛해졌다. 중학생 때부터였나. 그 유치한 물풍선 게임에 나는 10대 시절 대부분을 바쳤다. 가족들은 질리지도 않냐며 나를 한심해했고, 어느 순간부터는 나도 죄지은 것도 아닌데 몰래 게임을 하는 날이 많아졌었다. 돌이켜보면 나는 게임 그 자체보다는 그 조악하고 낡은 그래픽 속에서 다 같이 형누나동생 하며 낄낄거리던 그 얄팍하지만 순수했던 유대감을 사랑했던 것 같다. 나만의욕심 은비누나, 해몽 상혁이형, 말럽리니 동현이형, 황감정구 지훈이형… 다들 잘 지내지? <토이스토리 5>를 보며 놀이와 게임의 차이를 다시금 생각하게 된다. 룰을 따져 순위를 매기고, 이기기 위해 머리 쓰는 건 게임의 영역이다. 게임엔 도달해야 할 목적지가 있다. 반면 놀이에는 목적지가 없다. 목적 없이도 자유로이 길을 잃을 수 있다는 것. 그것이 놀이의 본질이자 놀이가 그 자체로 아름다운 이유이다. 애초에 승패는 중요하지 않았으니까. 블레이즈와 보니처럼 그저 가벼운 인사만으로 친구가 되던 조건 없는 다정함이 이제는 조금 그립다. 놀이는 언젠가 끝이 난다. 그 시절을 아름다웠다고 느끼는 건 우리가 결국에는 헤어졌기 때문이다. 영원하지 않아서 그 시절이 영원히 박제된다는 아이러니. 헤어졌기에 슬픈 것이 아니라 헤어졌으므로 비로소 그 시절을 영원히 그리워할 수 있게 된다는 아모르 파티. 비록 목적지 없는 길을 또다시 헤매더라도 그 찬란했던 기억이 있다면 다가올 시간 역시 그리 외롭지만은 않을 것이다."
nd3M3z9x1J2Ng,곰크루즈,5.0,2026-06-23T16:05:12+09:00,,5,0,False,"""과거와 현재를 막론하고 가장 필요한 순간 우리 곁에 함께해 준 사랑하는 이들에게 바칩니다. 당신들은 우리 모두에게 소중한 존재였습니다"""
5yz2YVdvaZMWj,조기범,4.0,2026-06-22T21:41:35+09:00,,5,0,False,쓸모없는 게 아니라 쓸모를 다 했다는 것. 픽사만이 건넬 수 있는 위로.
GO6MZ4dGAbENx,박민호,5.0,2026-06-22T20:14:26+09:00,,5,0,False,잊혀짐이 아니라 추억이 됨을 알기에
xkPEmezDgXEK3,무빙광,3.5,2026-06-22T04:45:19+09:00,,5,0,False,디지털 시대의 장난감을 다룬 소재는 매우 흥미로웠다. 다만 토이 스토리 시리즈에서 줄곧 이야기하던 어른이 되면 이별한다는 주제가 나에게도 적용이 되었던 것 같다. 이제는 이 시리즈와 이별할 준비를 해야할 지도.
P7kEWp9WO92J9,won,5.0,2026-06-21T20:30:25+09:00,,5,0,False,잃어버린 내 소중한 친구에게도 새 좋은 친구가 생겼기를
zD82XX47Vr253,이동우,2.0,2026-06-21T01:29:26+09:00,2026-06-20T00:00:00+09:00,5,0,False,나는 감정없는 싸이코라 그런가 이런거보면 미동도안함. 오히려 웃음이나온달까? 이정도는 껌이지ㅋ 나는 모자이크없는 노잼 영화들을 수백수천개를 본 싸이코패슨데ㅋㅋ 그런영화를 보면서 나는 웃음을 짓지 후훗
xkPEmezb4JEK3,Travis Hilts,2.5,2026-06-20T17:37:21+09:00,,5,0,False,여전히 통하긴 하나 이제 너무 사골이라서 놓아줘도 좋을 듯.
lP0E85yj5G2bx,tokki_soo,3.5,2026-06-20T14:15:20+09:00,,5,0,False,아이는 아이답게 크고 노는것이 제격! 여전히 가슴따뜻해지는 이야기
Vw8MLJO88ZEel,붉은 돼지,3.5,2026-06-20T11:03:53+09:00,2026-06-20T00:00:00+09:00,5,0,False,이건 영화가 아니라 나를 비추는 거울. by 배 나온 아저씨.
BglQaabW4pQX0,Aha-!,3.0,2026-06-20T02:31:10+09:00,,5,2,False,장난감 이야기이고 애니메이션이기도 하니 넘어갔던 비약들이 조금 느껴져서 아쉬웠다. 과정을 약간 생략하는 방식으로 그것들을 이전까지는 잘 넘겼던 것 같은데 이 편에서는 친절히 과정들을 보여준다는 느낌이 들어 개인적으로는 오히려 이입을 방해받는 느낌이었다.  이게 토이스토리의 찐막편이 아닐까 싶을 정도로 문제가 생기고 해결하는 이야기 전개의 아이디어들이 열심히 쥐어짜내서 만들었거나 아예 가벼운 마음으로 결말을 위해 끼워 맞춰진다는 느낌이 강했다.  이런 이야기들에 너무 익숙해졌는지 박친감 넘치는 모험이 부족하다는 감상도 드는데 이건 창의력에 대한 나의 열정이 식어서 그런 것 같기도 하다.  전자기기 캐릭터를 볼 때는 못느꼈지만 왜 나온지 모르겠는 버즈 떼거지가 드론처럼 움직일 때는 세월이 많이 지나고 변했구나 하는 생각이 들어 뭉클하기도 했다.  다음편엔 감정선들에 집중하기 보다 정신없어도 아이디어 넘치는 참신한 이야기로 돌아오길 기대해본다.
8n92Vp9GLZQAJ,왓탁,4.5,2026-06-19T16:03:13+09:00,,5,0,False,"<인사이드 아웃> 시리즈의 장점까지 흡수한, 픽사의 모든 것을 담은 작품. <토이 스토리 2>를 좋아하는 사람들에게는 더 축복같은 작품."
8n92Vp9lwKQAJ,김동건,3.0,2026-06-19T13:10:56+09:00,2026-06-17T00:00:00+09:00,5,0,False,그때 그 동심으로 돌아갈 수 있게 해 줌에 감사함을
PkvE6DlGr7Mpg,유제연,3.5,2026-06-19T00:35:25+09:00,,5,1,False,"세상은 계속 변할지라도, 우린 그저 너를 위할 뿐이야."
6PzQ44YrJzQqV,◡̎NeouL,4.5,2026-06-19T00:15:22+09:00,,5,0,False,"토이스토리2에서 제시가 부른 When she loved me 를 들을 때마다, 어찌할 바 모를 먹먹한 슬픔이 올라오시는 분들께 이 영화를 추천드립니다. … 어린시절에 너무 많이 돌려봐서 코어 메모리의 한 축으로 자리잡은 작품이, 세월의 흐름 속에 속편의 속편을 거듭하다가 난잡해지고 정체성도 잃어가는 것을 보는 기분같은거, I guess we’ll never know 🤷🏻‍♂️😎🤠👩‍🚀🐴🤣😭  - ㅁ ㅁ ㅁ  누구보다 당차고 믿음직스럽지만 옛 상처가 너무 깊어 항상 마음쓰였던 아픈 손가락, 제시의 서사로 다뤄줘서 고맙습니다.  본인이 “버려지는 것에 대한 두려움”이 좀 크다 사람은 티슈랑 단 음료(제로 안됨) 챙겨서 보시길. 일단 전 마운틴 듀였는데 도움이 됐습니다."
ZGYMGGA89VMr8,나이트 시네마,4.0,2026-06-18T23:02:34+09:00,2026-06-17T00:00:00+09:00,5,0,False,"차가운 액정의 시대에서 따스함을 증명해 내는 --- 영화 <토이 스토리 5>는 스마트 기기가 보편화된 시대에 잊혀질 위기에 처한 장난감들의 고민을 다룬 작품입니다. 기존 시리즈가 장난감에 얽힌 추억과 성장, 그리고 이별을 이야기했다면, 이번 작품은 디지털 환경 속에서 장난감이 여전히 필요한 존재인지에 대한 질문을 던집니다.  전작 이후 이어진 속편에 대한 우려가 무색하게도, 영화는 장난감이 직면한 가장 현실적인 위협인 디지털 매체를 영리하게 극에 녹여내며 시리즈의 존재 가치를 다시 한번 증명합니다. 특히 새로운 기술을 단순히 적대시하기보다는, 시대가 변해도 변치 않는 상상력과 관계 맺기, 그리고 진정한 놀이의 의미가 무엇인지 관객 스스로 생각하게 만듭니다.  결과적으로 <토이 스토리 5>는 지금 시대에 가장 어울리는 고민을 훌륭하게 담아냈습니다. 시리즈와 함께 성장한 관객에게는 반가운 추억을, 새로운 세대에게는 놀이와 관계의 가치를 전하며, 왜 우리에게 또 하나의 이야기가 필요했는지를 충분히 납득하게 해주는 작품이었습니다."
boY2lY8866MWO,아방가르드,4.0,2026-06-18T13:43:59+09:00,,5,0,False,Long live the “toy” EMPIRE!!!
rdVMNLnnOPEql,문창승,3.0,2026-06-18T08:30:35+09:00,,5,0,False,지금 이 관계의 가치를 진정으로 깨닫는 것은 이별이 유예되고 있음을 받아들이는 것에서 시작한다.
POkEwe66lWMql,윤탱,4.0,2026-06-18T06:55:01+09:00,,5,0,False,"시대가 변해도, 변하지 않을 소중한 가치들에 대하여"
OAxM71PZqGEbm,양기자 (YCU),3.5,2026-06-17T23:16:24+09:00,,5,0,False,"부모 세대가 된 팬들에게, 아이 손에 패드만 쥐여 주는 것으로는 교육이 되지 않는다는 걸 일깨우려는 사명이 조금이나마 있다면."
boPQjo6pqNEKL,연서,4.0,2026-06-17T22:51:51+09:00,,5,0,False,4 보기 전: 3에서 끝내야하는데;; 너무 완벽한데ㅠㅠ 여기서 뇌절하지마제발 4 보고 나서: 와 이걸 해내네 5 보기 전: 이번에도 해내겠지 5 보고 나서: 이럴거면 그만하자  소재는 (그나마) 최신이지만 감성은 가장 올드했음ㅠ 반짝반짝함이 없다 너무 안전했다 좀 더 고뇌했어야 했다 그동안의 토이스토리는 내게 항상 놀라움과 아름다움을 함께 선사해줬는데 이번에는 글쎄.... 픽사야 돌아와  그치만... 사랑하니까
NXnE5ZYmb72zG,Chang,3.0,2026-06-17T22:49:11+09:00,,5,0,False,"아무리 아이디어가 떨어졌다 해도, (2022년 ‘버즈 라이트이어’의 실패를 만회하기 위한) 버즈 군단 등장은 너무 나가지 않았나."
kpeQKvNweXMYN,카이류海流,4.0,2026-06-17T21:56:56+09:00,2026-06-17T00:00:00+09:00,5,0,False,난 널 버리지 않아  이상 아직까지 장난감 모으는 30대
nd3M3z9P7P2Ng,누구의 영화,4.0,2026-06-17T21:23:36+09:00,,5,0,False,​어제도 오늘도 우린 무한한 공간 저 너머로. 언제까지나 함께!
ZGYMGGA9z9Mr8,이키루,4.0,2026-06-17T21:18:22+09:00,,5,0,False,8/10  안 끝나길 바랐다..
y4ZMO8pXvWQOp,유냥,4.0,2026-06-17T20:47:11+09:00,,5,3,False,"내 딸 이름은 토순이, 쫑쫑이, 마리"
droQ0YnP9aEyN,로체스터,4.0,2026-06-17T20:11:12+09:00,2026-06-17T00:00:00+09:00,5,0,False,"시의적절한 소재, 관객과 함께 성장해온 시리즈의 반가운 귀환"
PkvE6DlvdjMpg,이재팔,4.0,2026-06-17T19:31:36+09:00,,5,0,False,어릴 때 갖고 놀았던 레고프렌즈 친구들이 생각났어 올리비아 엠마 안드레아 미아 스테파니야 고마워
bW3Qk7GVv0Q9p,oneyoons,4.0,2026-06-17T19:16:04+09:00,2026-06-17T00:00:00+09:00,5,0,False,"세월이 지나도, 시대가 변해도 동심은 여전하니까."
8kXQebDXZvEP6,김정현,4.5,2026-06-17T18:28:27+09:00,,5,0,False,"나는 이제 이런 걸 보고 울지 않는 어른이 되어버렸지만, 그래도 너희는 영원히 어린이들의 친구로 남아주기를. 나 또한 너희의 친구였으니까.  굳이 또 나올 필요가 있었을까 의구심을 가진 건 나도 마찬가지였지만 막상 뚜껑을 열어보니 만들만했다는 생각이 든다. 또이스토리라고 욕먹어도 괜찮아. 누군가는 이런 걸 만들어야 하고, 또 누군가는 보겠지."
boY2lY84GoMWO,재혁짱,4.0,2026-06-17T18:27:03+09:00,,5,0,False,많은 게 변해 가지만 그럼에도 변하지 않는 것...
WzO2g450XRMXZ,누리,4.0,2026-06-17T17:13:26+09:00,,5,0,False,유년의 언덕에 심긴 나무에게 우리의 안부를 묻다.
8kXQebDXmjEP6,가여우,3.0,2026-06-17T17:04:00+09:00,,5,0,False,"돌아와서 반갑지만, 이젠 작별해야 할 시리즈."
POkEwe6ZbDMql,류지연,5.0,2026-06-17T15:01:58+09:00,,5,1,False,우리 이번에도 영원할 수 있을까? 라는 5번의 공통 질문에 스마트하고따뜻하게대답해준다 아..가슴에 국밥을 쏟은것같음
OAxM71Pv0ZEbm,민드레,3.5,2026-06-17T14:19:04+09:00,,5,0,False,"""언제 어른이 될건지는 우리가 정하는 게 아니야"""
3WB2qoZqLDQpj,함성규,4.5,2026-06-17T14:13:05+09:00,,5,0,False,"뭔가 굉장히 의미심장한 도입부 느낌.  늘 그러했듯이 시리즈의 넘버링이 늘어날수록 기대감이 커지는 동시에 불안감 역시 같이 증폭되는 편이었다. 가뜩이나 앞선 시리즈에서도 종종 언급했듯이, 디즈니를 비롯한 픽사 역시 새로운 프랜차이즈를 개척하기보다는 이미 성공한 작품의 후속작을 통해 비교적 '안전한 길을 택하고 있다'는 인상이 쉽게 지워지지 않는다는 점. (사실 이런 부분에서 큰 연관은 없을 수도 있겠지만, 관람 직전에 <모아나> 실사판 예고편을 본 영향도 어느 정도 있었던 것 같다.)  그리고 이런 맥락에서 이번 5편도 그렇고 이전의 4편도 그랬지만, 결국 '너무 완벽했던 마무리'로 남아버린 3편 이후의 세계관을 약간은 무리하게 확장하려는 시도처럼 보였다. 그러한 과정에서 자연스럽게 3편의 엔딩과 더불어 4편의 엔딩조차 의미가 조금씩 퇴색되고 있다는 느낌을 지울 수가 없었다.  그럼에도 흥미로운 부분은 이번 5편이 '4편의 연장선'이라기보다는, 오히려 2편에서 느꼈던 감정들을 다시 이어지게 만들어준다는 점이었다. 그래서 시리즈를 복습하고 관람한다면, 4편을 다시 보는 것보다 차라리 2편을 다시 본 뒤에 이번 5편을 관람하는 쪽이 감정선이나 시리즈의 연계성 측면에서 또 다른 '후속작'처럼 느껴질 수도 있지 않을까라는 생각이 들었다.  정작 작품의 메인 스토리 자체는 예고편이나 포스터에 노골적으로 등장하는 'New 캐릭터' 덕분에 이미 누구나 어느 정도는 예상할 수 있는 범주 안에 놓여 있다는 생각이 들었고, 실제 전개 역시 그 예상을 크게 벗어나지 않는다. 애초에 이 이야기가 '특정 연령대'나 '어린아이들'에게만 국한된 서사가 아니라, 성별이나 나잇대를 불문하고 누구라도 비슷한 방식으로 받아들일 수 있는 구조로 설계되어 있다는 인상을 받았다.  그래서 작품을 굳이 '아이들의 이야기'로만 한정하기에는 어딘가 어색하게 느껴졌고, 오히려 이번 5편은 단순히 아이들을 위한 이야기라기보다는 성인들을 더 강하게 겨냥하고 있는 작품처럼 느껴졌다. 그런 의미에서 작품의 분위기 자체가 이전보다 한층 더 복합적으로 확장된 느낌도 받았다. (조금 아이러니했던 건, 집으로 돌아와 엘리베이터에서 마주친 예의 바른 초등학생 정도로 보이는 아이가 휴대폰 화면에 얼굴이 빨려 들어갈 것처럼 몰입해 있는 모습을 보면서 상당히 묘한 현실적인 대비감이 느껴졌다는 점...)  이전 작품들에서는 보통 두 가지 스토리가 교차하는 느낌이었다면, 이번 작품은 왠지는 모르겠지만 세 가지 이야기가 교차하고 있다는 인상을 받았다. 메인 스토리 역시 그러하지만, 소위 '빌런'이라 불릴 수 있는 캐릭터 역시 현재를 살아가는 관객의 시선에서 보면 상당히 현실감 있게 설계되어 있어 전개가 크게 지루하게 느껴지지는 않았다.  하나의 중심 서사와 그에 대응하는 사이드 스토리 안에서, 개인적으로는 특히 '4편에서 떠난 캐릭터'가 어떻게 다시 합류하게 될지에 대한 궁금증이 컸는데, 이 부분에서는 이렇다 할 만큼의 설득력이나 서사적인 비중이 크게 주어지지 않아서 약간의 아쉬움이 남기도 했다.  그럼에도 이번 5편의 핵심 주제는 뻔한 표현일 수는 있지만 결국 [OLD & NEW]라는 익숙한 구도 위에 놓여 있다고 느껴졌다. 과거의 캐릭터들과 새로운 캐릭터들이 만들어내는 [신구(新舊)]의 조합만 놓고 보면 캐릭터들의 분배와 역할 설정은 나름 균형 있게 짜여 있다는 인상을 받았다(물론 2, 3편만큼의 조합은 아니었지만...). 그리고 이전 작품에서 스쳐 지나갔던 상징적인 요소들을 다시 끌어와 의미를 부여하고, 나름의 매듭을 지어준다는 점에서는 오히려 4편보다 이번 5편의 '킥'이 더 인상적으로 다가오는 부분도 있었다.  앞에서 언급했던 세 가지 스토리 중 하나는 계속해서 의미심장하게 전개되면서도 동시에 '이걸 도대체 어떻게 메인 스토리에 엮겠다는 거지?'라는 의문이 강하게 드는 연출이었는데... 클라이막스에서는 이러한 요소가 약간은 편의주의적으로 연결된다는 인상과 동시에, 앞에서 언급한 [OLD & NEW]라는 작품의 주제의식과도 맞닿아 있었기에 완전히 거슬리는 수준까지는 아니었다.  세 가지 서사가 한데 모이는 후반부 클라이막스에서는 이전 시리즈에서 느낄 수 있었던 모험극 특유의 유쾌함과 함께, 픽사 특유의 캐릭터 케미가 다시 한번 발휘된다는 느낌을 받았다. 애초에 픽사 작품들이 늘 일정 수준 이상의 완성도를 유지해왔다는 점을 떠올리면, 이번 작품 역시 오락성과 작품성이라는 두 축을 안정적으로 유지하고 있다는 생각이 들었다.  그럼에도 솔직하게 말하자면... 비교적 최근에 관람했던 다른 픽사 작품들에서 느꼈던 신선한 발상이나 강렬한 오리지널리티, 혹은 크게 웃기거나 강하게 감정선을 흔드는 구간은 상대적으로 많지 않았다. 그럼에도 전체적인 평가도 그렇고 별점을 높게 매기게 되는 이유는, 앞에서 여러 차례 언급했던 2편과 연결되는 '킥'에서 무언가가 울컥 밀려오는 감각 때문이었고, 그 연출 하나만으로도 작품 전체를 긍정적으로 바라보게 만드는 설명하기 어려운 여운이 남았기 때문이다. (그래서 누차 말하지만 2편을 보고 관람하는 편이 좋다.)  디지털 그래픽과 AI가 극도로 정교해진 시대가 찾아오더라도, 결국 현실에 존재하는 손끝에 닿는 플라스틱 심장의 미세한 온기와 그 안에 축적된 추억이 만들어내는 아날로그적인 교감은 결코 대체될 수 없다는 사실을 다시 한번 확인시키는 작품.  쿠키는 2개.  대구 신세계 메가박스 돌비 시네마 관람."
zD82XX4x0V253,김은중,4.0,2026-06-17T13:38:12+09:00,2026-06-17T00:00:00+09:00,5,0,True,"무한한 공간 저 너머로. 누군가의 삶에 이름으로 각인되어, 그 여정에 영원히 함께하는 장난감의 숙명"
mkPMneAPJB2wq,filmxyz,4.0,2026-06-17T11:43:17+09:00,2026-06-17T00:00:00+09:00,5,0,False,"친구와 장난감, 어린시절에 대한 ‘토이 스토리’다운 고찰. 우리는 여전히 토이 스토리가 필요하다."
W4zQrOVkNwEw1,영화한줄,3.5,2026-07-22T07:48:26+09:00,,4,0,False,"쿠엔틴 타란티노는 <토이 스토리> 3부작을 영화 역사상 가장 완벽한 3부작 중 하나라며, 그렇기에 4편은 보고 싶지 않다고 말한 적이 있다. 어느 정도 동의한다. 그럼에도 4편은 충분히 아름다운 에필로그였다고 생각하지만, 5편에서는 어떻게든 시리즈를 이어가기 위한 노력이 느껴진다. 너무 많은 것을 한꺼번에 담으려다 시리즈 특유의 단단한 완성도가 다소 옅어졌다. 그러나 디지털 시대에도 변하지 않은 순수함을 간직한 보니와, 어느새 엄마가 되어 딸에게 제시의 이름을 붙여준 에밀리의 모습에 어느새 눈물이 떨어지고 있는 걸 보면, 그래도 토이 스토리는 어쩔 수 없는 토이 스토리다."
wlL2Do3gboEyZ,lupang2003,3.0,2026-07-19T17:26:54+09:00,,4,0,False,"안 운다고 했다. 안 울 자신 있다고 했다. 울 일 없을 거라고 했다. 더 이상 울리지 않을… 흑~ 아직도 토이 스토리를 보며 울게 될 줄이야. 조카 녀석 갓난쟁이때부터 주구장장 틀어주었는데 이제 그 놈이 서른이다. 같이 나이 들어가는 시리즈. 기왕 이렇게 된 거, 오래 같이 늙자."
7JVEoXleBL29y,차노스,4.0,2026-07-18T21:45:05+09:00,,4,0,False,"현대기기와 우정의 의미를 장난감의 시선에서. . ""When She Loved Me""는 너무 눈물 치트키다."
lP0E85zmZP2bx,민석,4.0,2026-07-11T23:40:34+09:00,,4,0,False,너의 한 순간이 될 수 있다면 그걸로 만족해. 30년이 된 시리즈가 아직도 창의적일 수 있다는 것은 얼마나 대단한 일인가.
WzO2g4qLeRMXZ,빵빵이,3.5,2026-07-11T01:12:25+09:00,,4,0,False,세상이 바뀌어도 아이에게는 여전히 장난감이 필요하다 어쩌면 어른에게도
NXnE5Z7yAP2zG,Sojung,3.5,2026-07-08T20:34:54+09:00,,4,0,False,"서른해가 지나도 또렷히 지나간 시간을 떠올리게 하는 힘, 그런걸 추억의 소환이라 부른다면 토이스토리는 그 어렵고도 대단한 일을 다섯번이나 ‘잘’ 해낸다.  러닝 타임 내내 다녀가는 나의 애착베개 토끼 인형과 힘 닿는 데까지 심폐소생술을 진행했던 두 개의 바비공주들, 손바닥보다 작았던 피터팬과 팅커벨, 게임씨디를 사고 받았던 라이언킹 미니미들까지. 자꾸 뭉클해졌던 건 내게도 있던 보니의 마음때문일까. 아니면 에밀리처럼 제대로 인사하지 못하고 헤어졌던 친구들에 대한 미안함일까.  그리운 건 모두 유년시절에 가 산다는 “소란”의 문장처럼 모두 지나버린 듯한 어린 시절을 생각나게 해주는 고마운 스토리. 함께 나이들어왔다고 해도 무리가 아닐만큼 존재 자체만으로도 서사를 부여해주는 유일한 시리즈."
W9bEBewkAKQpZ,정찬영,3.5,2026-07-08T09:59:16+09:00,,4,0,False,스쳐지나가더라도 따뜻함이 묻어있기를.
W4zQrONpPdEw1,푸돌이,3.0,2026-07-07T13:30:55+09:00,,4,0,False,"말 많고 탈 많지만 결국, 그들의 이름은 영속될 거란 귓속말."
kpeQKvPNjJMYN,그럼언제놀아,5.0,2026-07-05T14:30:23+09:00,,4,0,False,"세상이 아무리 바삐 흘러가고 빠르게 변해가는 것 같아더, 이야기는 언제나 같은 자리에서 우리를 기다린다. 다 자라버린 어른이 되어 잠시 잊은 것 같아도, 마음 속 깊은 어딘가에 여전히 살아 숨 쉬며 문을 두드리는 존재들. 그 변치 않는 온기가 여전히 너무 좋다 나는.🥹"
mkPMneVPxJ2wq,휘리릭,3.0,2026-07-04T20:51:54+09:00,,4,0,False,예전보다 약해진 눈물콧물 쏙 빼내는 기술 스마트폰 시대의 해법이 너무 아쉬웠다. 스마트 기기 있다고 장난감 안사는건 아니더라.
GO6MZ4nJ7eENx,구현우,4.0,2026-07-04T11:55:58+09:00,,4,0,False,변해버린 시대 속 자신의 효용성을 의심하는 존재들의 애틋한 분투.
gwVQxnN3Ve2B0,예 인,5.0,2026-07-04T00:40:54+09:00,2026-07-03T00:00:00+09:00,4,0,False,객관성을 잃은 덕후는 점수를 매길 수 없어요. 순수하게 웃음이 터져나오는 영화. 어떻게 이런 생각을 한 거야? 그렇지만 곳곳에 울음 지뢰 주의!
BVoM9q9gdBMP0,삼락,4.0,2026-07-03T21:14:56+09:00,,4,0,False,AI 시대에 상상력의 부활을 외치다.
69oMvpk7vLEal,서월,5.0,2026-07-03T18:06:17+09:00,,4,0,False,"난 항상 남들이 토이스토리2가 토이스토리 시리즈 중 최악이라고 할 때마다 너무 속상했다, 남의 평가 상관없이 내 주관만이 세상 전부였을 때부터 난 토이스토리2가 제일 재밌었고 제시가 너무 좋았는데  제시 넌 절대 쓸모없지 않아 한 유치원생이 대학교 졸업반이 된 지금까지 너만한 카우걸은 이 세상에 없거든!!"
PkvE6Dk0pjMpg,해왕성,4.5,2026-07-02T22:16:13+09:00,,4,0,False,울다 웃다 울다 웃다 울다 웃다
WzO2g4jvK0MXZ,엘제이(LJ_Movie),4.0,2026-07-01T20:53:02+09:00,,4,1,False,"세월은 흐르고 시대는 바뀌어도, 나를 위해서만 있어 준 너희와의 추억은 영원하기에, 내 친구들"
mkPMne6g1y2wq,rizu,3.5,2026-06-29T19:33:44+09:00,2026-06-29T00:00:00+09:00,4,0,False,어김없이 상자를 열면 그 안에 애정만 가득해서.
XpeMJGJxKxQJn,현서,4.0,2026-06-28T21:28:14+09:00,,4,0,False,"나보다 내 어린 시절을 더 오래, 더 소중히 기억해 주는 존재들이 언젠가 다시 나를 찾아와 주기를 바라며"
xkPEmer31LEK3,deina,3.5,2026-06-28T19:32:01+09:00,,4,0,False,세대가 바뀌면 바뀐대로 우리는 연결 될 수 있어
wlL2Do687OEyZ,김지원,1.0,2026-06-27T21:55:45+09:00,,4,5,False,안봤어도 괜찮을듯 토이 스토리 3까진 재밌게 봤는데 내가 변한거지?
xplMdbjo0LE4o,Jay,3.0,2026-06-27T20:58:00+09:00,,4,0,False,나도 버즈 가지고 싶다ㅠ 토이스토리 보며 즐겁긴엔 너무 늙어 버렸나 보다..
XpeMJGJjJZQJn,정우,3.5,2026-06-27T18:47:49+09:00,,4,2,False,솔직히영화는그냥그런데 장난감들 등장하자마자 5년정도 못본친구 오랫만에 만난 것 같고 눈물고이는건어쩔수X었음
rdVMNL3p0bEql,박찬욱,4.0,2026-06-27T14:42:38+09:00,,4,0,False,땅에 묻힌 박스를 꺼냈을 때 무너져내리고 말았다.
3WB2qozA9jQpj,이석기,4.0,2026-06-27T14:06:28+09:00,,4,0,False,간만에 만난 오랜 친구가 여전히 아름답게 고군분투하고 있구나 하는 응원하고픈 마음을 건네는 추억담. 그리고 지금까지 모르고 있던 친구의 소중한 이야기를 선물로 받은 것만 같다.  더불어 이번 작품을 고심하며 제작했을 제작진의 삶을 바라보는 선한 마음이 엿보이기에 더욱 애정이 간다.
lP0E85p4W92bx,포비,3.5,2026-06-25T22:25:23+09:00,,4,6,False,따-땃
WzO2g4jPpvMXZ,비속어,4.0,2026-06-25T20:58:43+09:00,,4,1,False,별로 기다리던 시리즈는 아니었는데 테일러가 주제곡을 만들게 된 경위가 너무 좋아서 그냥 바로 극장으로 달려갔다. 아무래도 토이스토리 시리즈는 늙크크들을 위한 영화인 거 같다. 어린 시절의 나를 추억하기에 너무 좋은 영화기도 하고 영화 내내 흐르는 이상한 그리움도 그렇고. 특히 가사없이 2부 주제곡이었던 when she loved me가 흘러나올 때. 아 정말 이상할 정도의 애틋하다.  토이스토리5는 내가 그동안 픽사를 왜 좋아했는지 다시금 느끼게 한다.  영화 완성도와는 별개로 토이스토리를 그렇게까지 좋아하는 편은 아니었는데 (감정적으로 동화되어 보면서 아 그래도 언젠가는 버려야 되는데ㅜㅜㅠ하는 생각때문에 ㅎㅎ (네 저는 싸이코패스입니다)) 토이스토리 시리즈가 진행되면서 자아의 자각을 시작으로 성장을 인정하고 변화를 받아들이는 것으로 확장되는 주제의식이 너무 아름답고 따뜻하다.  게다가 엠지패드를 악역으로 그리지 않고 절충하려 노력한 흔적이 귀엽게 느껴진다.  (사실 릴리패드는 악역이라 할 수 없고 진짜 착하고 똑똑하고 암튼 오늘 엄마한테 릴리패드사달라할꺼임!!)
NXnE5Zjw6N2zG,연서,3.5,2026-06-25T17:31:07+09:00,,4,0,False,울다가 옆을보니 같이본친구도 울고있어서 같이울면서눈마주침
nd3M3zjz3P2Ng,Ssssssssereeeerooooo,4.0,2026-06-24T23:19:45+09:00,,4,0,False,ㅠㅠㅠ 앙앙 울엇다
nd3M3zjgO72Ng,문준모,4.5,2026-06-24T21:04:32+09:00,,4,2,False,"더 나올 게 없을 거 같은데 또 나오네. 근데 이게 또 볼만은 하다. . 4편 이후로 또 나오나 싶었는데 결국 또 나와버린 시리즈. 이번에는 전자기기의 등장으로 장난감이 위기에 빠져버리는 내용;; 아이들과 장난감 입장에서 위기를 줄 만한 상황과 보고나면 한번쯤 생각해볼만한 내용인듯 하다. 전체적으로 1, 2편의 오마주가 상당한듯.(특히 2편) 전편들을 재밌게 봤다면 여전히 재밌겠지만 아쉬운 점들도 있는데 역시나 다른 기존 장난감 캐릭터들은 이번에도 분량이 여전히 아쉽고(포테이토 헤드나 햄, 슬링키, 에이리언도 그렇고 특히 4편에 나온 캐릭터들 분량이...어?) 버즈 군단 이야기가 생각보다 따로 노는 느낌이 없지 않다.(그래도 보는 재미는 있다.) 무난한 선택을 한 느낌이지만, 그래도 여전히 재밌는 시리즈. 다음편 나오면 또 보러갈듯. +우디는 여전히 그대로. 근데 배가 나와버렸다;; +사실상 버즈가 분량이 은근 많은 느낌. 버즈군단도 그렇고 마지막 쿠키영상도 그렇고 작품 내 소소한 재미와 귀요미를 담당. +이번 편에서는 버즈와 더불어 제시가 분량이 젤 많은듯. 아마 버림받은 장난감이라는 주제와 더불어서 그런 것 같다. 2편의 오마주도 낭낭하고. 특히 에밀리가 살던 집이 나오는 것도 그렇고. +사실상 이번 편의 제일 큰 갈등요소인 릴리패드. 현대화에 맞춰 등장한 게 이녀석이라니. 장난감과 순전히 같은 목적을 가졌다는 것에서 머리를 탁 치고 가게 된달까. +포테이토 헤드, 슬링키, 햄, 보, 렉스 등 오랜만에 나와서 반갑긴 했지만 분량이 너무 없다. +4편에 나온 듀크 카붐이나 더키도 분량은 크게 없는 정도."
xkPEmer7vWEK3,최지민,4.0,2026-06-24T18:59:26+09:00,,4,0,False,31년간 5편 모두 재밌는 토이스토리 시리즈를 이기는 시리즈를 본 적이 없다. 여전히 좋았고 보고 싶을거고 또 기다릴거야.
7JVEoXmrJe29y,정주리,4.0,2026-06-24T00:22:10+09:00,2026-06-23T00:00:00+09:00,4,0,False,인간들이 무심하게 스크린이나 맨날천날 보고있으니까 이렇게 재밌는 구경을 놓치고 회색 세상에서 상상력도 없이 사는거임. (라고 서마터폰으로 후기 남기는 어른이)
BVoM9q4nrVMP0,Dongjin Kim,4.0,2026-06-23T23:15:24+09:00,,4,0,False,"""언제 어떻게 어른이 될지는 우리가 결정할 게 아냐. 여정에 도움이 됐다면 우린 할 일을 한 거야.""  장난감도, 전자기기도, 그리고 살았던 집과 거닐었던 들판도 언젠가는 떠나가거나 지나와야 한다. 장난감에 생명을 불어넣으며 시작한 이야기는 3편에서 '시간'으로, 4편에서 '이야기'로, 그리고 5편에 이르러 '친구'로 범주를 확장한다. 시리즈 전체의 정체성이라 할 수 있는 어드벤처로서의 기본을 잃지 않으면서 그 어느 때보다 크고 넓은 방향으로 나아간다. 어쩐지 이야기를 하기 위해 각본이 만들어졌다기보다 설정에 이야기를 덧댄 인상이 강하지만, 그래서 스케일을 지나치게 크고 산만하게 잡았다는 인상도 주지만, 오직 31년이라는 시간이 이 5편마저도 말해질 가치 있는 스토리텔링으로 만든다. 미지의 누군가와 친구가 될 수 있을지 만나보기 전엔 알 수 없지만 결국 그 여정 자체만으로 의미 있을 것이라며 장난감들이 끝내 전자기기의 마음까지도 보듬는다. 곁을 지켜준 모든 사랑들에 바치는 헌사 같은 영화. 세상 모든 보니와 블레이즈가 자신을 꼭 닮은 친구를 만나길. 그리고 ""I knew it, I knew you""라고 서로에게 말해주길. 언젠가 헤어지더라도 그 이름을 기억하며 다시 일어나 나아가길."
nd3M3z9nr82Ng,고정규,3.5,2026-06-23T20:06:35+09:00,2026-06-23T00:00:00+09:00,4,0,False,토이스토리의 다섯 번째 손가락. (애니매이션에서 다섯 번째 손가락은 종종 생략되도 모른다던데... 크흠)
8kXQebDpvPEP6,하마,4.0,2026-06-23T15:50:03+09:00,,4,2,False,오늘 꼭 내 인형들한테 뽀뽀해줘야지 ㅜㅜ
0ezQye85p9Qpq,임개죽,3.5,2026-06-23T14:36:34+09:00,,4,0,False,나의 숱한 시절은 너와의 찬란함으로 항상 빛나
P7kEWp9Ywq2J9,대구부산,4.0,2026-06-22T23:20:07+09:00,,4,0,False,기대하지 마라. 너의 곁에 영원히 있지 않을 것이다. 걱정하지 마라. 그리 쉽게 잊지 않을 것이다.
j7kQzkz1Z4El4,따나이,4.0,2026-06-22T18:43:43+09:00,,4,0,False,멋진 말들 대거 출현 ㄱㅅ합니다 🐎
P7kEWp9dlk2J9,YH,4.0,2026-06-21T23:34:37+09:00,,4,0,False,영화가 실제로 짧긴 한데 더 짧게 느껴짐
POkEwe6d8qMql,Yeahnn,3.5,2026-06-21T19:26:08+09:00,2026-06-21T00:00:00+09:00,4,0,False,그래 아직 나 거기에 있어 기억하고 있어
xplMdbZaR4E4o,Conor O'Malley,3.5,2026-06-21T19:24:09+09:00,,4,0,False,다음편은 나의 꼬마와 함께 보러 갈게. 나의친구 우디야
GO6MZ4dNmOENx,물먹는 하마,4.0,2026-06-21T18:03:17+09:00,2026-06-21T00:00:00+09:00,4,0,False,"인간의 관계는 텍스트와 디지털 음성이 아닌 마주침으로 인스턴트 관계가 아닌 현실적인 관계가 만들어진다. 요즘 보면 키캡이나 키링 같은거를 여전히 성인이 되어서도 가지고 다닌다. 스마트폰 시대인데도 말이다. 우리는 혹시 남들의 시선 때문에 아직 남아있는 동심을 숨기고 있는건 아닐까? 장점만 있는 완벽은 없는거 같다. 인간, 기계, 물건들 이 세상 모든 것들 다 완벽하지 않다. 잘 만든 PC 영화"
3kNEpeJVp12Og,미평,2.5,2026-06-21T17:59:34+09:00,,4,0,False,"공포의 묘지도 아니고 인사이드 아웃, 주토피아, 토이스토리까지 다음은 무슨 작품이 돌아올지 두렵다"
6PzQ44YpAzQqV,Ha ribo,3.5,2026-06-21T01:53:18+09:00,,4,0,False,제시가 주인공이 된 서사는 좋았지만 그로 인해 엑스트라 역할로 비춰진 우디의 모습은 이 시리즈가 안타까울 정도다.
8n92Vp9AlXQAJ,sonatine,4.0,2026-06-20T21:55:24+09:00,,4,0,False,서로 다른 우리를 연결시켜 주는 것은 오직 즐거움뿐!
3WB2qoZR7pQpj,pizzalikesme,3.5,2026-06-20T20:54:19+09:00,,4,0,False,사랑을 받는 것보다 사랑을 주는 것에 더 익숙한 제시가 느꼈을 상실감이 어떤지 알 거 같아서 슬펐고 그럼에도 괜찮다고 말하는 제시가 너무 멋져서
j7kQzkzGy4El4,시저그,3.5,2026-06-20T20:18:05+09:00,,4,0,False,"탈사물화와 탈신체화 시대에 맞서 픽사가 포착한 놀이(play, 극)의 빛들."
GO6MZ4dZm6ENx,TW Ko,3.0,2026-06-20T17:37:21+09:00,,4,0,False,"세상에 나쁜 장난감은 없다는 것. 그 언제까지라도, 그 어떤 형태이더라도."
W4zQrODBgdEw1,예은,3.5,2026-06-20T15:40:50+09:00,2026-06-20T00:00:00+09:00,4,0,False,제 장난감 이름은 콩나물이었는데요.....
xplMdbZB6JE4o,최지웅,4.5,2026-06-20T15:32:47+09:00,,4,0,False,네 가치는 쓸모로 결정되지 않아.
POkEwe6ryKMql,지구별여행가,3.5,2026-06-20T12:06:50+09:00,2026-06-20T00:00:00+09:00,4,0,False,"스크린에 시선을 빼앗긴 시대, 아날로그와 디지털이 손을 맞잡는 완벽한 조화의 마법"
6GWQ1BWa6LEJ5,조슈아,4.0,2026-06-20T11:36:05+09:00,,4,0,False,"스마트 전자기기에 밀려난 장난감이지만, 쓸모가 없어진 것은 아니라고 말한다.  M3GAN 같은 거 데려올 거 아니면 더 이상의 속편은 그만.."
0ezQye8AK1Qpq,다스베이더,1.5,2026-06-19T23:35:26+09:00,,4,0,False,20년전이었으면 비디오테이프용 영화로 출시됐을 스토리..
0ezQye83Z1Qpq,박기현,4.0,2026-06-19T08:18:32+09:00,,4,0,False,이제는 이 시리즈 자체가 나에겐 오래된 장난감 친구처럼 느껴진다.
xkPEmezae7EK3,구디,3.0,2026-06-19T05:11:28+09:00,2026-06-18T00:00:00+09:00,4,0,False,릴리패드가 자동으로 각본 써준 듯
kpeQKvNoKbMYN,황성민,4.0,2026-06-18T18:24:25+09:00,,4,1,False,"어린시절이 생긴 이후의 토이스토리는 마이스토리다.  나는 월-E를 보며 처음으로 사랑을 배웠다. 그 이후로 다양한 영화들을 접하며 마음과 마음은 등식이라고 믿고 살아왔다. 하지만, 커가며 마음과 마음이 등식만은 아니라는 걸 배웠다. 누군가는 시들어가고 누군가는 시들어가는 꽃에 물을 준다. 영화속 장난감들도 그렇다. 장난감들을 물을 주는 쪽을 택한다. 나 또한 이 아이들에게 사랑을 배웠 듯, 항상 물을 주는 사람이었다. 이제는 커버려 지쳐버린 나에게 이 아이들은 또 다시 또 다시 속삭인다. ""그래도 괜찮다."" 어린시절에 놓고 온 것들이 너무나 많은 것 같았는데, 실은 놓고온 것이 아니라 내가 커버려 느끼지 못했던 것이다.  이제 나는 어느덧 보니 보다는 앤디가 되었다. 아빠가 집에서 토이스토리를 처음 보여줬던 순간부터 앤디가 되어버린 나까지 우리는 영원한 친구이다. 진짜 좋은 디즈니 영화는 관객을 어릴 적 그 순간으로 데려다준다. 그리고, 나는 법이 아니라 폼나게 떨어지는 법을 가르쳐준다. You got a friend with me"
wlL2Dom6mkEyZ,이승원,4.0,2026-06-18T16:59:16+09:00,,4,0,False,26.06.18 . 빠르게 변하는 시대를 어떻게 받아들일까 하는 질문에 내놓은 픽사의 대답 . 행복해라 버즈... . 전작들을 떠올리게 하는 반가운 대사들
0ezQye88zyQpq,이팔청춘,3.5,2026-06-18T13:13:25+09:00,2026-06-18T00:00:00+09:00,4,0,False,아이들을 위한 이야기가 아닌 아이였던 이들을 위한 이야기. 어렸을때 심어준 꿈과 희망을 몇번이나 우려먹을건지… 3회차 할부인줄 알았는데 5회차 할부였네. [20260618 SCREENX 쿠폰]
NXnE5ZYznP2zG,차원,3.5,2026-06-18T00:16:08+09:00,,4,0,False,"마음을 울리는 한 방은 없지만, 여전히 귀엽고 사랑스럽다!"
W9bEBer9WqQpZ,고양이,4.5,2026-06-17T23:24:06+09:00,,4,0,False,토이스토리1 을 극장에서 본 아이들이 이제 결혼할 나이가 되었을 것 같다.  그때 손잡고 극장에 아이를 데려온 부모님들은 이제 결혼하는 자식들을 떠나보내게 되겠지...  토이스토리는 세대의 명작이다🥲
8n92Vp9XNdQAJ,김무비,5.0,2026-06-17T22:49:44+09:00,,4,2,False,내 아이디가 전부 우디인 이유  이제 누군가의 아이디는 제시가 되겠구나
6GWQ1BW9mLEJ5,최선,3.5,2026-06-17T22:36:20+09:00,,4,0,True,에밀리 딸 이름이 제시인 건 너무 반칙이잖아 🥺
boPQjo6pO9EKL,알파카 발바닥,3.0,2026-06-17T22:18:12+09:00,,4,0,False,"우디에서 제시로, 버즈에서 릴리패드로 바뀐 동어반복임에도 매력적이지 않은 캐릭터들로 인해 진부함만 느껴진다."
gwVQxnGYq52B0,지짱이,2.5,2026-06-17T21:05:49+09:00,,4,0,False,마지막에 테일러스위프트 노래가 제일 좋음
WzO2g450N0MXZ,사회부적응자,5.0,2026-06-17T19:07:42+09:00,,4,0,False,"남들의 반응 보기에 급급했고, 항상 감정을 숨기려 노력했던 내 초등학교시절을 보는 것 같아 마음이 아팠다. 어릴때 늘 내 곁을 지켜줬던 레고, 퍼즐, 소설에게 감사함을 느낀다."
BglQaabL0gQX0,김시후,4.0,2026-06-17T18:59:20+09:00,,4,0,False,신상버즈들 삐리릭! 거릴때마다 군체생각남 ㅋㅋㅋㅋ
xplMdbZL1NE4o,필름그린,4.0,2026-06-17T18:33:07+09:00,,4,0,False,박수 칠 때 떠나지 않은 이유를 증명한 픽사
GO6MZ4d3xKENx,blueprint63,4.0,2026-06-17T18:20:47+09:00,,4,0,False,시간이 흐르고 시대가 바뀌어도 아날로그에서만 찾을 수 있는 추억과 쌓인 시간의 흔적만이 주는 감동이 있다
mkPMneADxK2wq,루시01,3.5,2026-06-17T18:11:30+09:00,,4,0,False,코스 아는 곳을 달리기하다 느끼는 지루함  시대를 반영하는 건 이해하지만 안이한 연출로 설명받는 것 같았음. 그러다보니 아이들의 개성이 사라지고 배경이 됨.  설정에 크랙이 가는 부분도 생기는데 장난감들이 너무 활보를 하다보니 아슬아슬한 느낌보디는 눈치 못 채는 사람들이 이상할 정도... 이전에는 긴장감을 느꼈는데 이번엔 전혀 안 느껴짐. 고속도로씬은 룰이 깨지는 느낌을 받음.  팬심으로는 아쉽지만 이 시대에 꼭 아이들이 봤으면 하는 애니메이션 이긴 함.
lP0E85yva92bx,유태,3.5,2026-06-17T17:18:22+09:00,2026-06-17T00:00:00+09:00,4,0,False,쿠키 꼭 보세요:)
6PzQ44Yvk7QqV,디논,4.0,2026-06-17T16:50:25+09:00,,4,0,False,용산아이파크몰 4DX 프라임석 / F8 ULTRA 4DX 별점 : ★★★★ 4.0  주요 효과 별점 모션 효과 최대 강도 : ★★★★☆ 4.5 ▲ 모션 효과 평균 강도 : ★★★☆ 3.5 모션 효과 비중 : ★★★★ 4.0 환경 효과 비중 : ★★★★ 4.0  윈드 : ★★★★☆ 4.5 레인워터 : ★★★★ 4.0 레그티클러 : ★★★ 3.0 백티클러 : ★★★ 3.0 향기 : ★★★ 3.0 포그 : ★★★ 3.0  하이라이트 효과 별점 : ★★ 2.0  4DX 감상포인트 말 질주 장난감 추격전
wlL2Domp3OEyZ,정헌영,4.5,2026-06-17T16:25:48+09:00,2026-06-17T00:00:00+09:00,4,0,False,"스티브 잡스의 유산들이 한 자리에 모이면서 비로소 빛을 발하는 그의 마음, ""기술은 아무것도 아닙니다. 중요한 것은 사람들에 대한 믿음, 즉 사람들이 기본적으로 선하고 똑똑하며, 그들에게 도구를 주면 그 도구로 놀라운 일들을 해낼 것이라는 믿음을 갖는 것입니다."" -1994, 스티브 잡스."
droQ0YndDzEyN,세영,5.0,2026-06-17T16:19:49+09:00,,4,0,False,Jessie was Here.  제시가 최애인 사람으로써 20년의 한이 풀린 기분...눈물버튼인 타이어 나무 보자마자 흘린 슬픔의 눈물이 이후 기쁨의 눈물로 변했을 때 너무 행복했다....
BglQaabLrgQX0,lnonvne,4.0,2026-06-17T15:43:11+09:00,,4,0,False,편안하고 착한 컨텐츠 사랑해용
5yz2YVd900MWj,먼겅,4.0,2026-06-17T11:46:05+09:00,,4,0,False,씨간장을 아무리 우려도 명가는 명가다
jxZQRxx4L32bq,leigh,5.0,2026-02-22T13:57:45+09:00,,4,0,False,미치겠다 이제는 예고편만 봐도 눈물이 난다
ZGYMGGdea0Mr8,고고,4.0,2026-07-23T19:30:37+09:00,,3,0,False,솜이 다 꺼져서 납작해졌을지라도 넌 영원히 내 곰돌이야 ~ ~ 🧸
bW3Qk79A4DQ9p,대중적 B,3.5,2026-07-16T16:46:03+09:00,,3,0,False,뒷부분으로 갈 수록 살아나는 토이들. 여전하다~
GO6MZ4bVopENx,jyjea,4.0,2026-07-15T11:57:18+09:00,,3,0,False,마음 깊은곳에서 언제나 기다리고 있는 영원한 친구에게...
3WB2qoyJDjQpj,강보,5.0,2026-07-08T20:41:58+09:00,,3,0,False,토이스토리는 실망시키지 않아
1Vl2bb7nV72rR,이윤민,3.5,2026-07-08T19:58:10+09:00,,3,0,False,나 초딩때 처음 나왔던 시리즈를 중딩 딸이랑 보고 있으니 세월이 싱기방기
wlL2Doj9oBEyZ,말랭이,4.0,2026-07-08T18:57:31+09:00,,3,2,False,폰 버릴게
BVoM9q9N8NMP0,관객,3.5,2026-07-08T12:14:48+09:00,,3,0,False,"변해가는 시대 속, 우리가 잊고 살았던 변하지 않은 그 시절만의 추억들."
POkEweNPLWMql,방구석 영화덕후,3.5,2026-07-07T22:12:05+09:00,,3,0,False,참 영리하다 영리해. 소박한 이야기지만 그 의미가 대단하다.
7JVEoXJZmL29y,킹갓진인,2.5,2026-07-06T19:27:08+09:00,2026-07-06T00:00:00+09:00,3,1,False,앤드류 스탠튼은 토이스토리에도 낭만만 가득 담아왔다. 근데 나한테는 그게 좀 무성의하게 느껴졌다.
BVoM9q9KpXMP0,박해원,4.0,2026-07-06T08:46:59+09:00,,3,0,False,"햐... 어쩜 이렇게 시대의 흐름을 잘 읽고 컨텐츠 활용도 잘할까ㅋㅋ 소포모어 징크스, 3편의 저주를 다 깨고 (심지어 3편은 개인적으로 2보다 나았음) 4편을 히트시키다 못해 5편까지 이렇게 훌륭하게 뽑아내다니 토이스토리는 진짜 전무후무한 애니 프렌차이즈다. 그런데 뭐랄까... 4편에서 이미 어른이(키덜트) 애니가 된 것 같은데 본편은 오히려 더 어른쪽으로 기운 데서 양가적인 감정이 들기는 한다. 물론 이건 장점도, 단점도 아니다. 이미 20년이 넘어 세대교체도 끝난 시리즈인데 뭘ㅋㅋ 우선 새삼스럽지만 작품의 퀄리티에 대해 언급하자면 기존의 캐릭터들을 제외하면 이젠 거의 실사를 향해 간다. 시작하자마자 각종 자연 경관이 살아 숨쉬는 무인도를 조명하지 않나, 작중 빌런의 위치에 있는 패드 및 각종 전자기기들이 바로 엊그제 이부자리에서 본 것과 같은 라이트 이펙트를 보여주질 않나... 무엇보다 본작의 주무기는 동물인데 그 질감 하며 털 하며 덜렁거리는 살까지 실로 경이로운 퀄을 자랑했다. 더구나 그게 다 기술력 자랑이 아니라 플롯에 직간접적으로 연관이 되기에 더 치밀하고 디테일한 인상을 받을 수 있었다. 스토리나 주제도 참 시의적절했다. 디지털 세상을 살아가는 우리에게 있어 전자기기는 양날의 검이고, 특히 자녀를 둔 부모에겐 딜레마 그 자체다. 잠시의 평온과 안정을 위해 폰이나 패드를 쥐어줄 것인지, 할 수 있는 최대한 그것과 거리를 두게 할 것인지는 앞으로도 많은 이들이 풀어가야 할 숙제일 것이다. 이 작품은 그 현상을 장난감들의 시선으로 조명했다. 아직 자아가 형성되지 않은 아이들이 기기 하나에 일희일비하는 모습은 아이다움이란 무엇인가에 대해 생각하게 하고, 동시에 장난감의 역할과 목적에 대해 재고해보게끔 한다. 물론 정답은 없다. 그래서 본작도 명확한 스텐스를 취하진 않는다. 하지만 '콘택트'에서 ""저에게 중요한 건 진리를 향한 추구입니다""라고 했듯 정답 유무를 떠나서 진짜 중요한 건 온라인과 오프라인의 균형을 위해 노력하는 자세인 것 같다. 더이상 이 시리즈를 아이의 입장에서 바라보긴 힘들 것 같다. 하지만 어른의, 부모의 시선에서 본 작품을 감상한다면 그 안에 내재된 함의는 경종을 울리기에 충분할 것이다. 더구나 인간은 사회적 동물이고, 어떻게든, 어떤 방식으로든 타인과 소통하고 교류하며 살아간다. 그러나 타인과 타인에게 비춰지는 자신의 모습을 너무 의식해 주관도, 자율성도 포기한다면 어른들도 언제든지 천진난만함과 창의성을 저버린 작중 아이의 처지가 될 수 있다. 그런 의미에서 이 작품은 눈과 귀도 즐거웠지만 정말 많은 것을 생각하게 하고 일깨워주는 수작 애니메이션이었다."
wlL2Dojp9PEyZ,긴꼬딱,2.0,2026-07-04T23:22:46+09:00,,3,0,False,"난 진짜 토이스토리랑 안 맞아 역대급 개개개최악인데?? 장난감 갖고 노는 어린이만 순수하고 착하고 밝고, 릴리패드(디지털 기기) 갖고 노는 애들은 음침하고 나쁘고? 그래놓고 마지막에는 릴리패드도 내 친구! 이러네… 그리고 스토리가 듬성듬성 대충대충 만들어진 게 너무 티나서 깜~ 짝 놀람 캐릭터 설명이나 캐릭터 개성은 조또 없고 울다가 화내다가 프로포즈 했다가 뽀뽀했다가 말 탔다가 돼지 나왔다가 기부트럭 탔다가 울다가 버렸다가 회수했다가 싸웠다가 화해했다가 역할극했다가 어후 산만해 그냥 어른들이 편견 갖고 본 어린이들의 모습임 쯧쯧  그나마 봐줄 만했던 것 1. 버즈 군단 군사작전(?) 간지남 2. 추격씬 연출이 시원시원했다 3. 메모리카드가 주마등처럼 지나갔어~ (귀여운 멘트) 4. 우디 탈모랑 볼록배 (ㅠㅠ)"
BglQaaRqLjQX0,영서,4.0,2026-07-04T19:14:06+09:00,2026-07-04T00:00:00+09:00,3,0,False,한 아이를 키우려면 온 마을의 장난감이 필요하다
j7kQzkPdnNEl4,Hash Brown,5.0,2026-07-04T18:22:34+09:00,,3,0,False,시리즈의 연장에 대한 우려를 뛰어넘는 앤드류 스탠튼의 깊은 인사이트가 찬란히 빛난다. 그래서 버즈 하이테크 에디션은 언제 판매하나요.
6GWQ1B7B7vEJ5,은지,5.0,2026-07-03T22:59:36+09:00,,3,0,True,"토이스토리의 팬이라면 행복할 수 밖에 없는 이야기  토이스토리의 5번째 이야기를 잘 보고왔다 토이들이 각자의 세월을 이미 겪어서 모든일에 의연하고 성장했다! 더이상 주인에게 목매지 않는 우디, 창고에 정리되어도 불안해하지 않는 장난감들, 과거의 주인에게 버려진것에 대한 아픔이 있던 제시의 행복, 게다가 날던게 아닌 떨어지던 버즈의 비행까지❤️  아이들이 8살 9살이 아닌 중고등학생 같다는 말을 장난감을 보며 맞아 아이는 아이답게 뛰어놀아야지!! 생각했고 모두 주인인 보니를 위해 노력하는 모습을 보면서 기특했다 5번째인만큼 화질과 퀄리티도 너무 성장해서 몰입하는 맛도 있었다 버즈가 제시에게 마음을 전하려고 전전긍긍때도 귀엽고오!!! 받아준거도 너무 예쁘고 그리고 우디가 이제 주인에게 벗어나 자기 인생을 사는것도 너무 너무너무 좋아아으았어유 나중에 한번 더 볼거같아유 다들 보세유"
69oMvpkpkdEal,Bin,5.0,2026-07-03T22:59:22+09:00,,3,0,False,내수준에딱맞아
6aLMP8W8l0MOw,준희박박,5.0,2026-07-03T22:01:47+09:00,,3,0,False,나를 만들어준 모든 것에게 5점을!
rdVMNLW6kZEql,김준서,4.0,2026-07-03T21:38:48+09:00,,3,0,False,오랜만이야. 여전히 건강하게 흔들리고 있구나. 언제 또 놀자. 잘 지내~
bW3Qk784zoQ9p,티후김이박모미지도원시야웅현빈,3.5,2026-07-03T17:31:13+09:00,2026-06-28T00:00:00+09:00,3,0,False,"나를 거쳐 그대의 성장을 지켜보는 것, 그 아름다운 시간.  👍🏻: 사랑할 수밖에 없는 토이스토리. 👎🏻: 여전한 3편의 위엄."
boY2lYzJA8MWO,Soo..,5.0,2026-07-03T17:30:14+09:00,,3,0,False,쟤네 싸우는 거 또 보니까 좋다.
ZGYMGGLwY5Mr8,Lee Ja Bok,4.0,2026-07-03T16:44:36+09:00,,3,0,False,함께하지 않아도 함께하는 추억의 힘. / 드디어 버즈가 진짜로 나는걸 보게되었네.
PkvE6Dkm6yMpg,Modern Times,3.5,2026-07-03T03:43:44+09:00,2026-07-02T00:00:00+09:00,3,1,False,"우리가 여전히 <토이 스토리>를 필요로 하는 이유. <토이 스토리> 시리즈의 가장 큰 성취는 시대의 흐름과 엇박자를 타며 추억팔이에 머물 수 밖에 없는 시리즈물의 한계를 벗어나려는 고심이 엿보인다는 점이다. 4편과의 불균질한 연결성이 아쉽다거나 1~3편의 무난한 변주라고 생각할지도 모르겠으나, 3D 애니메이션의 역사와 궤를 같이하는 <토이 스토리> 시리즈가 30년 동안 5편이 되도록 건재할 수 있다는 사실이 믿기지 않을 정도다. 특히 어릴 적 가지고 놀던 장난감 세계라는 상상의 산물을 형상화하는 것을 넘어, 디지털 시대로 접어든 현시점에 유대감의 필요성이라는 메시지를 녹슬지 않은 유머와 감동으로 전달하는 스토리텔링의 영리함이 돋보인다."
6PzQ447NynQqV,one&_,4.5,2026-07-02T23:48:31+09:00,,3,0,False,"객관적인 판단이 불가함,, 나 토이스토리 영원히 사랑해."
gwVQxnNVa02B0,수이니,3.0,2026-07-02T22:48:27+09:00,2026-06-26T00:00:00+09:00,3,0,False,나도 니 장난감이 되고싶다
rdVMNLWV66Eql,정빈,4.0,2026-07-02T21:51:43+09:00,2026-07-02T00:00:00+09:00,3,1,True,아이패드 붙들고 있는 요즘 애들을 위한 영화가 아니었나보다.. 어린 시절을 홀딱 잊어버리고 폰만 보느라 거북목이 되어버린.. 우디랑 같이 머리가 벗겨진 우리를 위한 영화였다.. 근데 제시랑 버즈 드디어 결혼함 ㅁㅊ
GO6MZ4RoabENx,현초,3.5,2026-07-02T06:51:03+09:00,,3,0,False,"시간은 끝내 우리를 밀어내지만, 우리가 지나온 궤적은 그 자리에 남아 의미를 새긴다."
OAxM71B5VpEbm,시네필 희망,3.5,2026-07-01T23:13:20+09:00,,3,0,False,매일같이 변화하는 우리를 한결같이 응원하는 불변의 존재가 있다는 마음의 안식
8n92Vpg5bqQAJ,nOwOn,4.0,2026-07-01T16:38:57+09:00,,3,0,False,"반복되어야 하는 이야기이고, 반복될 수 있는 이야기였기에, 반복되는 것이 반갑다."
6PzQ44j67aQqV,말챤욱,4.0,2026-07-01T16:34:15+09:00,,3,0,False,이 시대의 모든 사람들에게 필요한 이야기. 혐오대신 사랑과 화합을....! 엔딩이 너무 좋았다. 어른아이 남녀노소 함께할 수 있는 이야기인듯.
boPQjo1kP0EKL,육회,4.5,2026-07-01T13:03:19+09:00,,3,0,False,너네 어릴때 버려서 미안해ㅠㅠ
bW3Qk75Yk9Q9p,kyu,3.0,2026-06-30T23:24:28+09:00,,3,0,False,내 서랍장속 PMP도 내가 드라마 보면서 친구들과 행복하게 지내는 걸 원했을거야
P7kEWpg5qB2J9,신용규,3.5,2026-06-29T19:52:27+09:00,,3,0,False,앤디가 할아버지 될 때까지 어떻게든 영화는 계속 만들어라.
W4zQrOABebEw1,현 성,4.0,2026-06-28T19:44:35+09:00,,3,0,False,"“산타클로스를 믿다가, 믿지 않다가, 결국에는 본인이 산타 할아버지가 되는 거야. 그게 인생이야.” - 언어의 온도, 이기주  좋은 산타 할아버지가 되어주고 싶다."
7JVEoXmgJX29y,이가은,3.5,2026-06-28T14:23:27+09:00,,3,0,False,보니의 토이스토리가 나랑 안맞는 이유를 5편을 보니 확실히 알았다!! 보니의 잘못은 아닌데 기질적으로 약한 보니를 내가 이해해주면서까지 봐야돼? 라고 고백하기에는 너무 창피하고 부끄러운 나이이지만...‘보니만을 위해서’ 애쓰는 장난감들을 보는게 버겁다..  앤디는 그저 내 감동을 일으키기 위한 도구고! 그저 나와 장난감만 생각하면서 봐도 되는 전작 토이스토리들이 나한테는 더 감동을 느끼기에 쉬웠었나봄 그당시에 나는 그저 같이 있고 싶으니까 같이 있기 위해 이 모든 사단을 벌였던 장난감들에 나를 투영했었던 것 같다. 그래서 그 사이에 들어온 보니가 달갑지가 않았었나봐. 좋지 않은 영화는 아니다 그냥 보니를 이해하면서 보는게 힘들다는 내가 못난 어른이지
wlL2Do6OJqEyZ,별빠,3.5,2026-06-28T10:37:34+09:00,,3,0,False,"‘우디’의 빛바랜 컴백, ‘버즈‘의 불안한 사랑, 더스티한 메모리, 스마티한 스토리, 우물 안 개구리 엑소더스, 절친 찾기의 거머리 작전, 팬심 자극한 티격태격 좌충우돌 콤비네이션, 시대 흐름을 반영한 디바이스의 시츄에이션, 불안정한 휴머니즘의 결핍에 필요한 고도화 문명 사회 속 「네트워크」 미래의 숙제, 「토이 스토리」의 유산과 사이드 킥 캐릭터 활용으로, 세대를 이어가려는 ’디즈니 픽사’의 향후 전략 과제."
6aLMP8gDlqMOw,코모레비,5.0,2026-06-27T21:10:02+09:00,2026-06-27T00:00:00+09:00,3,0,False,"이젠 아이보다는 부모의 눈이 익숙하더라도, 이 몸집만 큰 어른 아이를, 여전히 그 천진한 상상 속 이야기로 데려가는건 바로 너희뿐."
wlL2Do6r5VEyZ,사월🌱,4.0,2026-06-27T12:42:09+09:00,,3,0,False,"찰나의, 어쩌면 영원한 친구. . . # 장난감의 역할은 유한하기에 그들이 필요한 시기 역시도 한계가 정해져 있다. 그들은 언젠가 쓸모가 다한 존재가 될 것이다. 하지만 그럼에도 아이의 눈부신 성장을 함께했다는 이유로 모두 중요한 존재이다. 그러니 모두모두 쓸모없는 존재가 아니라 중요한 존재야 알겠지 얘들아 ㅠㅠㅠㅠㅠㅠ . # 처음에 패드와 기계를 경계하던 고전(?) 장난감들이었지만, 결국 모두가 장난감으로서 자신의 친구가 행복하기를 바란다는 마음을 지니고 있음이 드러나는 순간 나는 엉엉 울었다. 왜 이렇게까지 헌신적이야 장난감들아 엉어어어엉 ㅠㅠㅠㅠㅠ 얼마나 수많은 장난감들이 내 친구가 되어 주고, 나를 나로서 만들어 주었는지 모르지만 모두 모두 고마워. 기억에 남은, 기억에 남지 않은 너희를 사랑해. 너희는 지금의 나야. 우리가 함께하지 않더라도 함께인 이유. . # 제시의 씩씩함을 사랑하는 나는 이번 서사가 너무 행복했고 한편으로는 마음이 너무너무 아팠다 ㅠㅠㅠㅠㅠㅠㅠ 제시야 넌 최고의 장난감이자 최고의 보안관이고 최고의 대장이야 ㅠㅠㅠㅠㅠㅠㅠㅠ 보니에게 필요한 것이 무엇인지 제일 잘 아는 건 우리 제시야 ㅠㅜㅜㅜㅠㅠㅠ 불스아이 넘넘 깜찍슨 ㅠㅠ 말의 해답게(???) 온갖 말들이 함께한 토이스토리 5 ㅋㅋㅋㅋ . # 우디 어르신 대우(?) 받는 것이 너무 짠하고 웃겼다. 빛나라 머리머리 때문에 장난감들이 눈부셔하는 거 ㅠ ㅋㅋㅋㅋ 누구 아이디어인가요 ㅋㅋㅋㅋㅋ 진짜 웃기는데 잔인하셔 ㅠㅠ ㅋㅋㅋㅋㅋㅋ 사실 우디 분량이 적은 것이 약간 서운 포인트ㅠ인데 우디는 크게 신경 안 쓸 것 같다. 이제 우디는 대장이 아니라 친구를 도와주는 게 더 중요한 것 같으니!! 그래도 난 우디랑 버즈 우정 서사가 좋은데 ㅠ 모처럼 둘이 싸우는 거 보니까 행복하더라고..."
NXnE5Zjzw92zG,강하람 (캉 더 무비),4.0,2026-06-26T12:01:03+09:00,,3,0,False,아날로그와 디지털 놀이 둘 다 경험한 세대가 전하는 진심 어린 충고와 위로.
bW3Qk75jARQ9p,완전불멸의포경,1.5,2026-06-25T14:06:16+09:00,,3,0,False,누가 토이스토리 팬픽을 영화로 만들었네?
8n92VpgDBeQAJ,borntoloveto,2.0,2026-06-25T03:01:36+09:00,,3,0,False,시리즈가 필히 연속돼야만 그 세계가 영원해지는 건 아니잖아요.
BVoM9qpqyqMP0,후디캣,4.0,2026-06-24T23:48:14+09:00,,3,1,False,야속한 성장을 수용하는 최선의 화합 복귀를 납득시키는 진하고 애틋한 존재론
POkEweOxWpMql,욘사마,4.0,2026-06-24T21:50:25+09:00,,3,0,False,이런 걸 보고 커야지
P7kEWpg6Pp2J9,뚱땡바리,3.5,2026-06-24T19:22:01+09:00,2026-06-24T00:00:00+09:00,3,0,False,우려했지만 쓸때없는 생각이였다.
y4ZMO8gGKXQOp,Hojun Sim,5.0,2026-06-24T11:15:02+09:00,,3,0,False,너희들이 나의 삶에 엄청난 도움이 되었듯이 이영화의 시리즈 또한 그렇다.
bW3Qk75n49Q9p,수땡,4.0,2026-06-24T09:58:46+09:00,,3,0,False,"잊혀질까 두려웠는데, 잊혀지는게 아니라 남아있는거야. 내가 모모를 기억하듯이. 이별하기 싫은 나에게 제시가 자연스럽게 성장하는과정이라고, 그리고 그건 잊혀지는 게 아니라고 말해준다. #20260623 #션"
PkvE6Dj05RMpg,강유진,4.0,2026-06-24T01:23:22+09:00,,3,0,False,"사랑은 본래 '주는 것' 이지, 받는 것이 아니라고 설명할 수 있다  - 에리히 프롬, <사랑의 기술>에서 -"
P7kEWpgz5k2J9,내가누구개,2.0,2026-06-24T00:56:51+09:00,,3,0,False,할얘기가 얼마나 많은 소재였는데 대실망
BVoM9qplpoMP0,Isaac,3.5,2026-06-24T00:15:55+09:00,,3,0,False,제시의 트라우마 극복기. 3편의 완벽한 엔딩을 끝으로 4편부터는 완전히 새로운 시리즈라고 생각하는 게 편할듯하다.
ZGYMGGA6VDMr8,배성진,3.5,2026-06-23T18:15:10+09:00,,3,0,False,사람이 죽으면 먼저 가 있던 반려동물과 장난감이 마중나온다는 얘기가 있다 나는 이 이야기를 무척 좋아한다
POkEwe6DvKMql,쥬쥬,3.5,2026-06-23T15:50:34+09:00,,3,0,False,극장 가기 전 두근거리는 마음까지가 러닝타임
BVoM9q4jNqMP0,강은종,4.5,2026-06-23T14:53:57+09:00,,3,0,False,이왕 이렇게 된 거 평생 가자.
OAxM71P5rZEbm,박씨,5.0,2026-06-23T01:05:40+09:00,,3,0,False,"좋았다. 장난감이 아니라 내 얘기 같아서.  끝이 두렵고 다시 속상한 상황을 마주하는 것이 두려워서 우겨대던 모습의 제시가 어느날의 나같다.  끝이 없는 무한한 미래를 그리는것 보다 한시절 속에서 내가 누군가에게, 누군가가 나에게 의미있고 소중했다면 그것으로 충분한 것임을 인정하는 모습이 멋졌다.  부모만큼이나 누군가를 위하며, 한 사람의 행복을 최우선으로 행동하는 장난감들의 모습에 뭉클하면서  나에게도 저런 존재가 있나, 나는 누구에게 저런 커다란 지지자가 되어준 적이 있다 돌아보기도 하고  그 지지하는 과정속에서  성장의 한페이지에 내가 있었다면 그걸로 충분하다며  나의 쓸모와 나의 인정에서 너의 행복이 더 우선시해지는 장난감들의 태도와 성장이, 1편 부터 애정을 가득 담고 봐온 나한테는 너무 크고 멋진 성장처럼 다가왔다.  20년도 넘는 시간동안 함께 성장한 우디 버즈 제시 그리고 많은 친구들이 대견하기도 하고 외형은 그대로인 모습이 애틋하기도 했다.  보면서 영화에 대해 뭉클하기도 했는데  20년의 시간이 지난동안 수많은 장난감을 방구석에 처박고 잊어버리는 어른으로 자라난 내가 새삼스럽게 더 어른이 된 것 처럼 느껴져서. 세월이 야속하고 애틋해서 눈물이 났다.  너무 재밌었다.  토이스토리는 언제까지나 내 마음속 일등영화~"
W4zQrODvGOEw1,건재나,2.0,2026-06-22T23:39:25+09:00,,3,2,False,어느 부분에서 감동해야할지 모르겠어요
bW3Qk7GvJ9Q9p,수달달,3.5,2026-06-22T22:57:54+09:00,,3,0,False,"때로는 아무것도 아닌 낡고 바랜 사물이, 사람이 주지 못했던 대단한 위로를 줄 때가 있다."
j7kQzkzvwVEl4,윤준서,2.5,2026-06-22T22:21:34+09:00,,3,3,False,내가 너무 커버린걸까…. 일단 내 애착인형 겨울이 안고 자긴 할게
7JVEoXVnWK29y,유나Na,3.0,2026-06-22T20:05:16+09:00,,3,0,False,생각보다 엄청 재미있지는 않았음 리뷰 보면 펑펑 울었다는 내용이 있어서 기대하고 봤는데 그정도는 아닌듯…  그래도 친구 관계에 대한거는 좀 공감이 가긴했다 나도 한 때는 주류에 속하려고 나를 바꾸려고 노력했었는데 어차피 안된다는걸 깨달았음… 걍 끼리끼리 인생이 제일 좋다는 것을 깨닫고 인생이 편해졌다
BglQaab0OBQX0,미소,5.0,2026-06-22T16:29:48+09:00,,3,1,False,"토이 스토리는 영원하다, 파트너!"
XpeMJGNg8VQJn,손혁,2.0,2026-06-22T13:09:09+09:00,,3,0,True,"우디의 존재는 이번 작품에서 상징적 출현에 그쳤고, 웃음의 활력과 감동의 깊이는 사라졌다. 아이들에게 교훈적 메시지를 던지지만 결국 ‘성향이 맞는 친구를 찾으면 된다’는 단순한 해결책은 감동과 의미를 주기엔 부족하다."
6aLMP8NkbrMOw,김진우,4.0,2026-06-22T11:22:59+09:00,,3,0,False,"⭐ 별점｜ ★★★★ (4/5) 🎬 한 줄 평｜완결된 명작 대신 살아남는 길을 택한, 가장 영리한 5편. 👍 GOOD｜'핸드폰 좀 그만 봐' 설교로 빠지지 않고, 태블릿 시대를 화합과 공존으로 풀어낸 영리함. ⚠ CAUTION｜깔끔한 마침표를 기대했다면, 다음 세대로 이어가는 열린 선택이 살짝 아쉬울 수 있음.  Watched at Megabox 경북도청 on 2026.6.21.  ​"
boY2lY8wNPMWO,자유로운소년,4.0,2026-06-22T10:33:01+09:00,2026-06-21T00:00:00+09:00,3,0,False,4보다 나았던 5 그리고 전자기기들도 결국은 자신의 주인을 행복하게 하는 것이 존재의 이유라고 장난감과 같은 입장이라는 것을 보여주면서 여러가지 생각을 가지게 했던 점이 좋았음. 그리고 제시의 이야기도 좋아서 후반부에는 울컥하게 만드는 장면이 있었고 마음에 들어서 재밌게 잘 봤습니다. 마음같아서는 토이스토리 시리즈가 계속 이어졌으면 좋겠다라는 생각이 나이가 들어갈수록 짙어져서 오래도록 이어졌으면 좋겠다 라는 생각이 들게끔 한 영화.
ZGYMGGA1aoMr8,미미밈르,3.5,2026-06-21T23:55:38+09:00,,3,0,False,앤디처럼 보니도 언젠가는 장난감들을 손에서 놓는 순간이 오겠지
droQ0YnyoAEyN,함니,5.0,2026-06-21T22:08:54+09:00,,3,0,False,"나는 이 시리즈를 엄청 많이 사랑했고, 더 사랑할거야😌"
ZGYMGGArqpMr8,권샤방,3.0,2026-06-21T21:07:05+09:00,,3,0,False,웃기다 그런데 뭔가 슬프다. 소재고갈이고 옛날시류 그대로인듯. 어른을 위한 동화가 되가는듯.
PkvE6Dlx7jMpg,로건,4.5,2026-06-21T20:40:22+09:00,,3,0,False,"사랑보단 증오가 편이한 세상에서, 반목 대신 포용을."
W4zQrODmwDEw1,푸른기린,4.0,2026-06-21T20:36:38+09:00,2026-06-21T00:00:00+09:00,3,0,False,💻 장난감의 삶도 기술의 발전에 적응해나가는 우리와 같을지도 🐎 친구 만들기는 언제나 어렵지만 넌 할 수 있어라고 말해주는 소중한 장난감 친구들
3WB2qoZJdDQpj,HKK,4.0,2026-06-21T19:59:02+09:00,,3,0,False,"#101  우정이란 유희와 연대라는 사실과 어린 시절의 기억들을 결코 잊지 말 것을 편리와 고립의 시대에 태어난 아이들에게 충고한다. 소위 '요즘 미국 감수성'에 맞춰 슬랩스틱이 과해진 점이 아쉽지만, 제시가 에밀리와의 기억을 출토해내는 장면과 장난감들이 본연의 목적에 맞게 '가지고 놀아지는' 장면들은 그야말로 백미이다."
W4zQrODmpOEw1,inoji,4.0,2026-06-21T19:40:57+09:00,,3,0,False,장난감을 선물받은 기분을 매번 다시 느끼게하는 선물같은 시리즈.
PkvE6DlzXnMpg,마스커,3.5,2026-06-21T17:03:15+09:00,,3,0,False,이제는 애틋한 대체역사가 돼버렸어요.
xplMdbZrgoE4o,박정모,3.0,2026-06-21T13:49:06+09:00,,3,0,False,놀이와 게임은 다르다. 정곡을 찌르는 현재의 상황. 그런데 거기까지.
NXnE5ZYK3A2zG,최현진,2.5,2026-06-21T11:17:23+09:00,2026-06-20T00:00:00+09:00,3,0,False,"그럼에도 나올 만한 가치가 있었던 4편과 달리, 다시금 ‘트릴로지로 끝났으면 어땠을까’ 하는 의미 없는 아쉬움만을 유발하는 사족."
zD82XX4k1R253,신승오,3.5,2026-06-21T11:16:11+09:00,2026-06-21T00:00:00+09:00,3,0,False,우주사령부
boPQjo6Pl5EKL,on,3.0,2026-06-21T02:40:48+09:00,2026-06-20T00:00:00+09:00,3,0,False,버즈 차세계 닮았슨
xplMdbZ5GNE4o,dinozzo,3.0,2026-06-20T23:43:20+09:00,,3,0,False,새로운 시도을 하고 시대적 흐름을 날카롭게 읽을 줄 알지만…
nd3M3z98wK2Ng,JYH(ceps),4.5,2026-06-20T23:42:12+09:00,,3,0,False,3편이라는 가장 완벽했을 마무리 이후 4편을 지나 이제는 그냥 픽사가 계속 아이디어가 떠올라서 세계관을 이어가도 모른척 해줄거같다.
wlL2DomdPVEyZ,이짜요,4.0,2026-06-20T23:00:28+09:00,2026-06-20T00:00:00+09:00,3,0,False,"우디, 원형 탈모가 올 만큼 고생 많았구나."
rdVMNLn1RJEql,김창석,3.5,2026-06-20T22:08:03+09:00,2026-06-19T00:00:00+09:00,3,0,False,시리즈의 완벽한 엔딩 물건너간 김에 계속 속편 내자. 이 사랑스러운 캐릭터들이라도 쭉 보게.
bW3Qk7GeNDQ9p,향단,4.0,2026-06-20T21:10:59+09:00,,3,0,False,"한 편을 멋지게 리드하는 제시와 깜찍한 전자기기들 땜에 울고, 임성한 뺨치는 마지막 막장 스토리에 깔깔 웃었다"
xzaQAvqxJxEg5,귤뱀,2.5,2026-06-20T21:05:57+09:00,,3,0,False,"초중반은 그냥 시간채우기용 같았고 후반부만 봐도 될 거 같음ㅠ  후반부도 토이스토리라서 이만큼 공감갔던 거여서,, 아쉽지만,, 이제 그만해도 되지않을까"
WzO2g45XkRMXZ,이재헌,3.0,2026-06-20T01:39:39+09:00,,3,0,False,신선함보다 향수가 얼마나 강한지 체감됨
1Vl2bbgl9G2rR,Phosphorus,4.0,2026-06-19T23:44:58+09:00,,3,4,False,역시 친구는 놀줄아는놈이랑 해야됨
6GWQ1BWOaNEJ5,이하진,4.5,2026-06-19T23:04:47+09:00,,3,0,False,최강 감동 최강 버즈!
3kNEpeJdGb2Og,페이드아웃,3.0,2026-06-19T20:29:53+09:00,2026-06-19T00:00:00+09:00,3,0,False,"기대만큼 즐거운 모험은 아니었지만 세월이 지났음에도 여전한 정감이 남아있다는 걸 확인할 수 있었다. 과한 관념 같기도 하지만, 이리도 순진하게 동심을 믿는 영화들이 사라지지 않았으면 좋겠다. 놀이의 즐거움이 무시 받지 않는 세상이 되기를."
BglQaabdkjQX0,주렁주렁,5.0,2026-06-19T17:29:09+09:00,2026-06-19T00:00:00+09:00,3,0,False,역시 실망을 저버리지 않는 토이스토리 이번에도 한건 함!!!  CGV용산아이파크몰 아이맥스
6PzQ44YV8dQqV,최안,4.5,2026-06-19T14:57:18+09:00,,3,1,False,"여전한 캐릭터들에 예상하지 못했던 새로운 스타일의 질감을 더하고, 얼렁뚱땅이 아닌 꼼꼼한 스토리로 캐릭터의 성장을 보여주며 우리에게 찾아왔다는 것 자체가 감동... 1,2편의 캐릭터들의 상처를 스스로 받아들이게 될 때의 슬픔은 말로 다 할 수 없다..."
wlL2DomL7kEyZ,Jh,2.5,2026-06-19T08:31:34+09:00,,3,0,False,안전하고 가벼운 길을 선택한 탓에 울림을 주지 못한다.
zD82XX4jPk253,GS,3.0,2026-06-19T00:09:52+09:00,2026-06-18T00:00:00+09:00,3,0,True,"토이 스토리 시리즈의 전통적인 매력은 무엇일까. 살아 움직이지만 인간에게 그 모습을 보여서는 안 된다는 태생적 한계를 바탕으로 장난감과 인간이 관계 맺는 일. 몰래 인간을 이용하거나 인간 때문에 계획이 꼬이는 일. 인간의 문제를 극복하기 위한 장난감들의 협력을 특유의 애니메이션적 상상력으로 표현하는 일에 있을 것이다.  이런 관점에서 <토이 스토리 5>는 여전히(더 단순한 방식으로) 인간과의 서사를 얘기하면서도 정작 인간에 의한 제약은 거의 다루지 않는 이상한 후속편이다. <토이 스토리 4>에서 장난감이라는 정체성을 넘어서는 것은 인간에 의해서만 규정되지 않는 존재에 대한 긍정이었지, 인간 세계의 제약으로부터 완전히 벗어난 삶이 아니었다. 하지만 <토이 스토리 5>는 이 둘 자체를 혼동한 듯 장난감도, 장난감이 아닌 존재도 선택하지 못한 채 헤맨다.  한 노부부에 의해 우편함에 갇힌 제시가, 아무 일도 아니라는 듯 그냥 발로 차서 손쉽게 빠져나오는 장면이 그 대표적인 예시다."
gwVQxnGjBY2B0,장근욱,2.0,2026-06-18T23:45:27+09:00,,3,0,False,"<끝난 시대의 이야기를 부여잡고 삐걱삐걱 나대는 장난감들>  30년 된 시리즈 그리고 장난감들을 살려 내기 위해 급하게 쥐어짜낸 듯한 설정들의 지루한 나열.. 정해진 결론을 내기 위해서인 듯, 어떻게든 이야기를 이어가려다 보니, 장면 장면마다 계속해서 장황한 설명이 늘어붙는다.  긴 상영시간 내내 옛 정을 생각해서 참고 봐주는 기분. 찬란한 영광을 뽐냈던 그때의 토이스토리 라기보다는 비슷한 시기 학교의 애국조회 때 교장선생님 훈화 말씀에 가까웠다. 이제는 ’올드맨‘인 어른들이 옛날에 재밌게 장난감 가지고 놀던 추억과 감동을 2020년대 아이들에게 강제로 떠먹이는 꼴이랄까.  꾸역꾸역 위태위태 이어지는 이야기 도중에 발전된 그래픽 기술들이 그래도 시리즈의 체면은 살려준 느낌이다. 3D 애니메이션으로 거꾸로 색칠 동화책 화풍을 재현하는 부분의 연출은 꽤 좋았다. 다만 굳이 우디의 벗겨진 탈모 머리가 번쩍거리게 하는 등 장면들은 빛 표현 같은 신기술을 자랑하겠다는 그 속내가 보이는 것 같아 짜쳤다.  그리고 픽사가 정치적 올바름, PC를 가지고 노는 능력만큼은 도를 텄나 보다. 여성의 주체성과 이민자의 연대를 담아내겠다는 의도 자체는 역시 노골적이지만, 다행히도 억지 교훈의 거부감은 없이 극에 자연스레 녹아든다."
wlL2DomjRmEyZ,Meltingbrain,3.5,2026-06-18T21:37:31+09:00,2026-06-17T00:00:00+09:00,3,0,False,장난감이 인형이든 전자기기든 자연스레 잊게 되지만 충만했던 마음은 몸이 커져도 영원히 남는다.  CGV 용산
ZGYMGGAzlwMr8,김냐냥,3.5,2026-06-18T19:14:25+09:00,2026-06-18T00:00:00+09:00,3,0,False,???:울어!!!!  나 : 네!!!!
kpeQKvNoveMYN,정웅기,4.0,2026-06-18T15:45:03+09:00,,3,0,False,결국 우리는 모두 장난감이었던 거야.
bW3Qk7GGKoQ9p,승!,4.5,2026-06-18T14:11:55+09:00,,3,5,False,알지 가족이라 어쩔 수 없는 그런 거.
zD82XX4474253,밖에비온다,3.0,2026-06-18T13:03:05+09:00,,3,0,False,"아이들에게는 성장을, 어른들에게는 동심을."
boY2lY88L6MWO,김예또,4.5,2026-06-18T07:59:16+09:00,,3,0,False,모든 장난감들은 주인을 너무나도 사랑한다. 전자기기도 예외없다.
mkPMneAA0p2wq,gov88,5.0,2026-06-18T04:58:17+09:00,2026-06-17T00:00:00+09:00,3,0,False,연속5편을 짜치지않게 만드는것은 정말 대단하며  제작진들이  인류를 대하는 마음이 따뜻하다
zD82XX49Pk253,8&,4.0,2026-06-18T02:21:50+09:00,,3,1,False,"4는 따로 다시 보기도 안 했는데 5는 다시 볼 만하다 디지털에 대항한단 점에서 짱구 낙서 왕국 생각도 났고… 그런데 그것보다 더 현실성 있고 토이 스토리만의 어울리는 결론을 찾아낸 것 같아서 좋았다 그게 모두의 결론은 아니라고 할지라도 사실 토이 스토리 장난감들은 모두의 장난감이 아닌걸  4를 딛고 더 잘 나온 만큼 다음 시리즈도 기대하겠다고 말하고 싶은데 그래도 될까? 여기서 더 뽑아낼 수 있을까? 다음 시리즈가 나올 수는 있을까? 미스터 포테이토 분량이 생각보다 많아서 중간중간 뭉클할 수밖에 없었는데… 우디와 제시 성우의 목소리도 시간이 지났다는 게 느껴져서 슬펐기에……  어떤 이별은 내가 변한 게 아니라 그저 자라서, 시간이 지나서 찾아온다지만 여전히 내가 잠든 새벽에 장난감들이 파티를 열지도 모른다고 생각했던 시절을 기억한다 그렇기에 나는 토이 스토리와 영원하고 완전한 이별은 할 수 없을지도 모른다"
NXnE5ZYzL92zG,카쵸에페페,4.0,2026-06-18T00:53:11+09:00,,3,0,False,"안락한 완결성에 안주하기를 거부한 이 위대한 세계관은 자칫 난잡할 수 있는 수많은 테마를 영리하게 조율해 냅니다. 더불어 앞서 축적된 시리즈의 힘을 적극적으로 빌려와 본질적인 존재 가치를 스스로 입증합니다. ​특히 영화가 제시를 통해 성장과 이별을 풀어내는 방식은 정말 좋았습니다. 또 흥미로운 서브플롯이 메인 플롯과 이어질 때의 쾌감은 이 작품의 백미가 아닐까 싶습니다. ​개인적으로 4편은 완벽한 트릴로지의 흠으로 여겼습니다만, 5편이 그 오해를 완전히 풀고 저절로 6편을 기대하게 만드는 훌륭한 교두보가 되어 주었습니다."
lP0E85ynkP2bx,MOON,3.5,2026-06-18T00:41:19+09:00,,3,0,False,시대가 변하고 토이의 기준도 변하겠지만 어느 시대나 클래식은 영원하니까 걱정 말라구!! 올드 스쿨이여 영원하라!!!
3kNEpeJbpd2Og,배성민,4.0,2026-06-17T23:44:55+09:00,,3,0,False,더 이상 옆에 있지 않아도 추억으로 함께하기에
jxZQRxNXOd2bq,나가,3.5,2026-06-17T23:35:49+09:00,,3,0,False,어떻게 장난감의 사명을 이렇게 잘 알지? 픽사는 장난감이 되어봤나?
W4zQrODYw5Ew1,조한수,5.0,2026-06-17T23:28:52+09:00,,3,0,False,"유한하기에 아름답다 모든게 변한다. 함께 있을 때 행복했다면, 그 마음은 영원히 마음속에 머문다.  이별이 있어서 삶이 아름답다"
69oMvprYZ1Eal,천길,4.0,2026-06-17T23:28:25+09:00,,3,0,False,“누구의 잘못도 아니야. 그냥 어른이 되가고 있는거야” 근데 나는 어린이가 되가는 건가 장난감을 더 사고 있다. 내 나이 24살
xkPEmezLd7EK3,인생참쉽지않다,4.0,2026-06-17T23:17:55+09:00,,3,0,False,"어디 장난감 뿐이겠나, 서랍 한구석에서 꺼내지길 기다리는 것들이."
8kXQebDnvvEP6,비안,3.5,2026-06-17T23:16:42+09:00,,3,0,False,고민 많이 한 듯
zD82XX4ZwA253,영화 한 잔 A cup of film,4.0,2026-06-17T23:13:14+09:00,2026-06-17T00:00:00+09:00,3,0,False,시대가 변해도 항상 같은 마음으로 사랑해
xzaQAvqAb5Eg5,옌써,3.0,2026-06-17T23:10:00+09:00,2026-06-17T00:00:00+09:00,3,0,False,21세기 애들아 좀 봐라 폰그만해라 장난감이랑 놀아라
PkvE6DlJNzMpg,WATCHA,4.5,2026-06-17T22:50:27+09:00,,3,0,False,우디가 원톱 주연에서 물러난게 시간의 흐름 속에서 자연스러운 변화를 보여주는 것 같아서 너무 슬프고 감동적이었다.  버즈는 무한한 우주 저 너머로 가고 싶어하던 소망을 이룬것 같아 심장이 뭉클했다.  아쉬운 면도 다소 있었지만 토이스토리는 언제나 내 마음속에서 불멸의 존재로 남아있을 것이다.  내 영원한 주인공은 너야. 우디.
zD82XX4ZPx253,710km,4.0,2026-06-17T22:48:36+09:00,,3,0,False,토이스토리 3 이후로 안본다는 놈들이랑 상종 안함
NXnE5ZYmy72zG,Wjiii,3.5,2026-06-17T22:44:58+09:00,2026-06-17T00:00:00+09:00,3,0,False,여전히 좋지만 여전히 사랑스럽고 여전히 함께하고 싶지만 기존 캐릭터들의 출연시간 부족과 새로운 캐릭터들의 흑화가 부족하게 느껴진다. 쉽게 쉽게 풀어낸 느낌.
POkEwe6wGYMql,Celine,4.5,2026-06-17T22:35:08+09:00,2026-06-17T00:00:00+09:00,3,0,False,32.9살을 9살로 돌려주는 마법사들
jxZQRxNX032bq,이사슴,4.5,2026-06-17T22:16:06+09:00,2026-06-17T00:00:00+09:00,3,0,False,게임이 아니라 놀이야! 뭐가 다르냐고 하지만 분명히 달라  토이스토리2까지만 알고 5를 봤었는데 이렇게 감동 클 줄 몰랐다. (주먹울음) 장난감은 단순히 놀이용 그 이상의 의미가 있다. 적어도 나와 보니와 그레이스에게는. 나무 뒤에 제시가 놀던 곳 표시해놓은거 보고 가슴 찡했는데 그 머리방울 제시가 머리에 하고 갔더라ㅜ.ㅜ 제시 이 멋진 카우걸!!🤠 눈물 한 세번 흘린듯...ㅜㅜ 이런 감동을 전해주는 픽사 애니메이션 너무 좋다. 누구나 마음속에 장난감과의 동심이 있으니까 어린 시절의 나도 상상력을 더해서 미미와 켄과 치정극을 벌이곤 했으니까 ㅋㅋ 간만에 또 그렇게 놀고 싶다~
lP0E85yDOz2bx,슬기로운생활,4.0,2026-06-17T22:04:27+09:00,,3,1,False,세월을 정통으로 맞은 제시의 목소리만은 좀..
3WB2qoZXybQpj,리도리,5.0,2026-06-17T21:25:30+09:00,,3,0,True,💚장난감 친구들아 사랑한다 🐸내가멋진어른이되어가는모습을영원히지켜봐줘아니야멋진장난감라이프를위해은은하게만떠올려줘그리고불스아이너는정말최고의말이야
boY2lY8xYlMWO,당신에게 영화란,3.5,2026-06-17T20:25:08+09:00,,3,0,False,늘 고맙다 픽사야 내 동심이 죽지 않았다는 걸 알려줘서
7JVEoXVYXj29y,동물원,3.5,2026-06-17T20:23:47+09:00,,3,1,False,그 시절을 함께했다는 것만으로도 서로의 존재의 이유는 충분하다는 걸
j7kQzkzDZdEl4,이인섭,4.0,2026-06-17T20:16:41+09:00,,3,0,False,Ai 시대에 왜 장난감이 필요한 이유에 대한 픽사의 대답
5yz2YVdDaPMWj,장성훈,3.0,2026-06-17T19:54:29+09:00,,3,0,False,아쉽지만 이 시리즈는 여기까지가 맞는 것 같다
lP0E85yvgZ2bx,모물리코,4.0,2026-06-17T19:48:21+09:00,,3,0,False,"변해간 것들, 변하지 않길 바라는 것들, 끝내 변하지 않을 것들에게 동시에 건네는 안녕"
boY2lY8476MWO,기록,3.0,2026-06-17T19:35:09+09:00,,3,0,False,전자기기 소재는 기발하다고 느꼈다. 근데 막 재밌다는 느낌은 안드네..
3kNEpeJ50y2Og,시네필호소인호소인,4.0,2026-06-17T19:27:31+09:00,,3,0,False,함께하지 못하게 되어도 소중했던 기억은 마음속에 계속 남는다
xplMdbZLWJE4o,피터,4.5,2026-06-17T19:06:14+09:00,2026-06-17T00:00:00+09:00,3,0,False,아직 토이스토리는 안죽은게 분명하다
P7kEWp9KoN2J9,JW,4.5,2026-06-17T18:56:48+09:00,,3,0,False,난 아직 네가 필요해
NXnE5ZYvry2zG,체리밤,3.5,2026-06-17T18:53:00+09:00,,3,0,False,"내가 어린시절 가지고 놀던 장난감들이 생각났다. 그 아이들도 지금의 나를 보면 많이 컸다고, 잘 컸다고 해줄까? 궁금하네"
mkPMneADJJ2wq,허쓰루머쓰루,4.0,2026-06-17T18:35:08+09:00,,3,0,True,에밀리 너 딸 이름으로 지을 정도로 제시를 사랑했으면서 엉엉
jxZQRxN9LN2bq,밤산책의 영화생각,3.0,2026-06-17T17:49:04+09:00,,3,0,False,우디의 머리만큼 세월이 지날수록 가치가 떨어질 수 밖에 없는...
3kNEpeJ5gB2Og,수정,4.0,2026-06-17T17:13:18+09:00,,3,0,False,"변화하는 시대 속에서 추억과 동심을 찾아주는 고마운 영화. 토이스토리 싫다는 사람하고는 친구 못하겠다 영화 곳곳에 모든 곳에 인간을 사랑하는 마음이 덕지 덕지 붙어서 흘러내리고 있걸랑… 여유를 잃었을 때, 인류애 상실했을 때 꺼내볼 최고의 처방약과 같아… ✨✨✨✨✨  이번 시즌 내 최애 캐릭터 : 🧻🧻🧻💩"
1Vl2bbgLq12rR,카야라반투,3.0,2026-06-17T16:49:00+09:00,,3,0,False,제시 목소리가 너무 쉬었어요
lP0E85yvxG2bx,김성혁,4.0,2026-06-17T16:45:50+09:00,,3,0,False,"픽은영 선생님의 장난감 심리학, 여전히 먹힌다!"
Vw8MLJOx9dEel,국병한,4.0,2026-06-17T15:34:20+09:00,,3,0,False,명실상부한 지구 최고의 프랜차이즈 시리즈.
PkvE6DlvmLMpg,비염수술해도 콧물나오는데 코뼈 부러짐,4.5,2026-06-17T13:59:22+09:00,,3,0,False,3줄 요약  1. 제시(제시카) 카우걸 어린시절 이야기  2. 버즈 업그레이드 했다. (미션버즈임파서블)  3. 토이스토리도 이제는 토이 멀티버스  대대손손 나올 예정
xplMdbZGV4E4o,rose1207,4.0,2026-06-17T12:56:11+09:00,,3,0,False,장난감이랑 스마트 기기는 다르지만 아이들에게 의미 있는 화합의 장을 만들어준다
PkvE6Dlp55Mpg,채린,3.5,2026-06-17T12:42:26+09:00,2026-06-17T00:00:00+09:00,3,0,False,완벽하진 않지만 오래갈 친구
PkvE6DlpKjMpg,서우석,4.5,2026-06-17T12:18:55+09:00,,3,0,False,"의도적으로 시대적 흐름까지 반영한듯한 MZ스런 속도감과 연출에 당황스럽지만, 변한 건 너희고 우리는 그대로라며 여전히 심금을 울리는 토이들이란."
boPQjo6nq5EKL,230,3.5,2026-06-17T11:53:17+09:00,,3,0,False,이 시리즈를 싫어하는건 내겐 불가능하다.
WzO2g4V9a0MXZ,희•:.•:.,3.5,2026-06-11T23:57:40+09:00,2026-06-11T00:00:00+09:00,3,0,False,제시처럼 누군가에 좋은 기억을 남겼으면 잊혀도 괜찮을 수 있을까.  내가 어렸을 때 보고 자랐던 것을 어른이 됐는데도 끝없이 볼 수 있다는 건 너무 감동적인 것 같다. 그래서 너무 좋았다.
PkvE6DA6oRMpg,범수,4.5,2026-06-11T21:43:47+09:00,,3,0,False,"여전히 빛을 발하는 기발한 상상력, 귀엽고 사랑스러운 캐릭터들, 시의적절한 소재로 빚어내는 무해한 우리들의 동화"
mkPMneW4Yj2wq,NULL,,2026-02-20T06:39:08+09:00,,3,0,False,분명 4에서 마무리했는데 보고 싶어 지는 이 마법
P7kEWpD18B2J9,김찬영,5.0,2026-07-26T17:58:12+09:00,,2,0,True,"내가 지금 04년생 23살인데 어렸을때 1,2,3,4까지 다 보고 이번에 시즌5를 보게 되었다. 장난감들이 인격을 가지고 움직이고 시간이 변하면서 주인이 바뀌고 상황과 장소들이 바뀌게 되는데 이번에는 새로운 친구가 릴리패드라는 패드가 새로운 캐릭터로 나왔다. 릴리패드와 싸움에서 이기려고 애쓰는 우디, 버즈, 제시를 비롯한 이야기를 보면서 뭔가 현재의 아이들의 모습과 겹쳐저 보여서 많이 뭉클했다. 특히 이번에는 우디가 아닌 제시의 이야기가 많이 나왔다. 그리고 또 보니를 제외한 아이들이 이제는 장난감이 아니라 패드로 게임하고 문자를 하면서 친구들과 만나는 게 아니라 온라인에서만 소통하는 모습이 너무 안타깝고 슬펐다. 또 장난감을 좋아하는 보니는 패드가 없을때는 혼자 놀고 또 패드가 생기게 되면 방안에서 장난감 보다 패드에 빠져있는 모습을 보면서 많이 안타까웠다. 사실 애니메이션 영화를 그렇게 많이 보지 않았고 애니메이션 영화에서 감동을 느끼기는 어렵다고 생각이 들었는데 이번 토이스토리5를 보면서 마음 뭉클, 감동을 느낄수 있어서 너무 동심으로 돌아간것 같아서 너무 좋았다. 아이로서의 동심, 또 지금 23살의 청년으로서 느끼는 것들이 다르지만 두가지를 다 경험할수 있음에 정말 좋았다. 토이스토리를 처음 보는 사람들도 토이스토리 5를 봤을때 이질감 없이 한편만에 와닿을수 있는것들이 충분히 있다고 생각해서 정말 강력 추천하는 영화이다. 그리고 이런 좋은 작품을 만든 존 라세터 감독님, 월트 디즈니 선생님을 비롯한 제작진 분들에게 정말 존경스러운 분들이라고 생각이다. 그래서 디즈니, 픽사의 작품들을 계속해서 찾아보는 것 같다. 남녀노소 누구든 보면 너무 좋은 작품 강추합니다~!!"
8n92VpmZmqQAJ,청소년관람불가,3.5,2026-07-26T17:46:10+09:00,,2,3,False,옛 생각에 울컥
BglQaaV0nAQX0,JE,3.5,2026-07-25T15:55:46+09:00,2026-06-29T00:00:00+09:00,2,0,False,"<토이 스토리>의 새로운 시리즈라기보다는 스핀 오프 같은 느낌이었다. <토이 스토리 3>에서 시리즈 자체에 대한 아름다운 작별을 고했고, <토이 스토리 4>에서는 우디를 위한 안녕을 말했으니 어쩔 수 없기도 한가 싶다. 그러면서도 시리즈에 대한 향수 속 변주를 이루어가는 이야기가 인상적이기도 했고, 장난감 대신 패드가 아이들의 마음을 빼앗고 있다는 지적은 정말 시의적절하고 영리한 소재처럼 느껴졌다.  아무튼 만족과 아쉬움이 이런저런 모습으로 생각을 괴롭히던 차에, 어린 조카가 <토이 스토리 5>를 통해 처음 극장 영화를 보았고, 심지어 끝까지 자리를 지켰다는 사실을 알게 되었다. 나도 아마 보니 정도의 나이일 때 <토이 스토리> 시리즈를 처음 접했을 텐데, 이제는 보니보다 조금 어린 조카가 <토이 스토리 5>를 보고 있는 것이다. 어린이날 선물로 장난감을 조르던 내가, 어느덧 조카에게 되레 장난감 선물을 하는 그 오랜 시간을 지나서 <토이 스토리>가 함께하고 있다.  마치 장난감을 물려주는 영화 속 아이들처럼, 나도 <토이 스토리>의 감성을 조카에게, 자식에게, 영영 물려주고 싶다는 마음이 든 순간, 영화에 대한 고민이 무색해졌다. 종전의 시리즈든, 새로운 시리즈든, 누군가 즐겁게 보고 새로운 추억을 시작할 수만 있다면 아무렴 어떨까."
XpeMJGwWnZQJn,정우 홍,3.0,2026-07-21T18:05:00+09:00,,2,0,False,돈만 벌 수 있다면 예술성 따위는 필요없다
5yz2YV5PmPMWj,남정호,3.5,2026-07-21T01:18:23+09:00,,2,0,False,내 모든 시절인연에게 나 또한 유의미했기를.
6GWQ1B1Z5vEJ5,TK Lee,5.0,2026-07-18T20:02:27+09:00,2026-07-18T00:00:00+09:00,2,0,False,Star-! Commander-!
6aLMP8bpe4MOw,Sol,2.5,2026-07-16T22:57:56+09:00,,2,0,False,방금봤는데기억이안나네..
69oMvp3gY9Eal,최강희,5.0,2026-07-15T20:28:43+09:00,2026-07-15T00:00:00+09:00,2,1,False,최고의 작품이다  제시가 우연에 휘말려 에밀리와의 오해가 풀어진 장면도 인상깊었다 우리는 다른 사람의 마음을 모두 들여다 볼 수 없다 선으로 사람을 바라 볼 수 있다면 그것은 분명 사실이 될 것이다. 왜냐하면 사실이기때문에. 너무 감동적이었다  가장 인상적이었던 건 서로 모르는 다 큰 어른들이 여자 남자 할 것 없이 동심의 젖어 들어 웃고 귀여워 하고 우는 모습이었다 불이 켜지 자 눈물을 닦던 여자가 옆에 친구를 괜히 때리며 웃는 장면이 인상깊다  묘한 동질감을 느꼈다 보니 와 카우걸처럼  정말로 좋은 영화는 세계관을 확장 시켜 주고 감동을 준다. 그리고 우리를 사고 하게 하고 좀 더 나은 사람으로 만든다.  이 영화로 나의 상처도 치유 되는 기분이 들었다 어른은 나이로 되는 게 아닌 것 같다 사랑이란 온전한 소유가 아니라 어쩌면? 내가 사랑하는 상대의 성장을 바라봐 주고 응원하고 기뻐 하는 마음이 아닐까 생각해 본다
WzO2g4mVeXMXZ,LPLPLP,4.0,2026-07-13T21:08:40+09:00,,2,0,False,7:2:1의 법칙 10명이 있다면 일곱은 내게 무관심하고 둘은 날 좋아할 것이며 한 명은 날 싫어한다는 말을 나는 아주 좋아한다 결국 어디에서든 누군가는 내 친구가 된다는 거니까!
WzO2g4mppGMXZ,GORMAMMU,4.5,2026-07-12T21:26:39+09:00,,2,0,False,"문화 대멸종의 시대에 픽사는 말한다. 스탠튼이 <<밤비>>를 기억하듯이, 에밀리가 제시를 기억하듯이 관객이 토이 스토리 시리즈를 기억한다면 그것으로 충분하다고"
1Vl2bbB1q12rR,11,3.5,2026-07-12T19:00:14+09:00,,2,0,False,"그래비티 폴즈, 엉클 그랜파를 좋아하던 사람들이 애니메이터로 성공한 결과 스마티 팬츠 어딘가 익숙한데 이런 미애니 캐릭터 너무 많아서 사심을 많이 넣었구나 싶다"
0ezQyejPxvQpq,zero,4.0,2026-07-12T17:33:49+09:00,,2,0,False,불꽃에서 피어오른 푸른 눈물과 아이의 풍부하고 엉뚱한 상상이 사랑의 첫 맺음을 성장의 과정으로 흐뭇하게 물들인다.
xzaQAv1v4pEg5,다비,5.0,2026-07-12T12:14:48+09:00,2026-07-12T00:00:00+09:00,2,0,False,잃어버리고 질려서 소홀했던 모든 장난감들에게 미안해 그치만 평생 잊은 적 없어! 앞으로도
6GWQ1B1BkKEJ5,JH Dorothy,4.5,2026-07-12T08:13:07+09:00,,2,0,False,"어른이 되어가는 거야. 그 여정에 우리가 도움이 되었다면, 그거로 됐어."
Vw8MLJoyjgEel,하하하지민,4.5,2026-07-11T23:03:56+09:00,,2,0,False,토이스토리 처음 봄 인생 손해보고 산 듯  있는 줄도 몰랐던 상처를 조심스레 감싸주는 영화구나
OAxM7180v0Ebm,okol,4.5,2026-07-11T22:35:28+09:00,,2,1,True,왜 요즘 영화에 여자아이만 나오묜 줌마미소짓다가도 질질 눈물 나오지  릴리패드도 제시도 보니를 사랑하는 마음은 같구나 장남감이 아이를 사랑하는 마음이 눈물 포인트임 개인적으로 덩굴가득한 곳에서 티타임을 기다리던 장난감들이 너무 신경쓰여.. 엔딩크레딧에도 안나와서 더 신경쓰임..  일본 더빙판으로봄
j7kQzk3YYNEl4,준호,3.0,2026-07-11T22:15:15+09:00,,2,0,False,"상상력만으로도 세상이 즐거웠던 어린 시절, 그 동심이 문득 그리워지는 영화."
ZGYMGGL0gDMr8,정은홍,4.5,2026-07-09T17:00:48+09:00,,2,0,False,그들은 어린아이를 사랑하고 성장하도록 노력하겠지 아이가 아이를 낳을 때까지...
6aLMP8Wy1ZMOw,Finn the Human,4.0,2026-07-08T22:22:50+09:00,,2,0,False,마음 한켠에 2편을 고이 간직해온 이들에게 바치는 헌사
ZGYMGGLD7oMr8,sssoooyyy,3.0,2026-07-08T21:18:41+09:00,,2,2,False,내 동심은 뒤졋나보다..ㅠ
OAxM71mKjZEbm,듀듀듀뱌뱌뱌,4.5,2026-07-08T21:04:48+09:00,,2,0,False,어릴 때 진짜 나 자체를 바라보고 사랑하기에는 참 많은 어려움이 있다. 그럼에도 날 것의 나를 사랑해주는 사람들이 있기에 이겨낼 수 있었다. 다 큰 지금도 이따금씩 진짜 내가 무엇인지 알다가도 모르겠지만. 그래서 이 사실을 좀 더 빨리 알았다면 좋았을텐데.
6GWQ1B7AdlEJ5,파푸리카,3.5,2026-07-08T19:09:07+09:00,,2,0,False,어릴때 봤으면 울지않앗을지도….
gwVQxnNxdl2B0,영화는 마치 요리에 대한 취향과 같다,3.5,2026-07-08T17:13:00+09:00,,2,0,False,레거시가 된 장난감이야기
bW3Qk78JJ9Q9p,김도연,3.5,2026-07-08T10:09:25+09:00,,2,0,False,장난감들의 아날로그가 좋았는데 디지털 시대가 되며 장난감들도 진화(?)를 했다 적응 안되는 부분들이 있어서 그런지 감성차원에서 조금 아쉬웠지만 우디와 버즈와 제시가 성장했음을 보여주는 의도는 좋았다
8n92Vpn15vQAJ,이름,3.5,2026-07-08T01:43:05+09:00,,2,0,False,시대에 발맞춰 소재가 진화하네 내용은 똑같지만ㅋ
POkEweNGBWMql,lovestorty,3.5,2026-07-08T00:46:19+09:00,,2,0,False,구리시 부보안관은 제가 맡겠습니다.
j7kQzkPAedEl4,gam..,5.0,2026-07-07T23:56:45+09:00,,2,0,False,내가 자라는 내내 토이스토리는 행복했으니까 다시 만나지 못해도 괜찮다고 알려줬는데 나한테는 아직도 너무 어려웠던 것 같애 ….. 그래서 이번에도 똑같이 이 영화를 껴안을 수 밖에 없지
boY2lYzVeoMWO,허준서,3.5,2026-07-07T23:13:33+09:00,,2,0,False,"제시랑 버즈, 우디 빼고 다른 캐릭터들의 비중이 적어서 아쉬웠어요, 버즈 군단이 아주 마음에 들었어요"
j7kQzkPlJoEl4,조은형,3.5,2026-07-07T23:11:34+09:00,,2,0,False,"토이스토리라는 익숙한 프랜차이즈가 주는 즐거움은 여전하다. 버즈 군단이 나올 때마다 아이처럼 꺄르르 웃었다. 그렇지만 테크가 뒤덮은 세계에서 구세대 장난감의 역할이라는 메인 메시지는 안타까울 정도로 연약하다. 에밀리를 떠나보냈던 고통을 다시 반복하고 싶지 않다는 제시의 (2~5편에 걸쳐 이어진) PTSD적인 호소는 땅에서 파낸 사진 한 장으로 허무하리만치 쉽게 매듭지어지고, 구세대 장난감들이 스크린 기기에게서 주도권을 되찾아오는 것은 오로지 릴리패드가 (캐릭터성을 해쳐 가며) 스스로를 기부 박스에 던져넣음으로써 아이의 시야에서 물러났을 때뿐이다. 딱 보기에도 나이대가 달라 보이는 ’보니‘와 ’블레이즈‘가 놀이로 어울리는 장면도 어색하고 작위적이다.  결국 제시의 입을 빌린 메시지 - 우리 장난감들은 아이들이 언제 어른이 될지 결정할 수 없어, 그 여정에 우리가 도움이 됐다면 우린 할 일을 한 거야 - 는 아이들에게 선택받지 못하는 한 장난감들 스스로는 무언가를 할 수 없다는, 자못 맥빠지고 자조적인 패배 선언으로 보이기까지 한다. 이제 한 시간 반이 넘는 ‘롱폼’ 영상을 견디지 못하는 요즘 아이들이 아니라, 다 나이들어 추억을 곱씹는 30, 40대가 토이스토리 영화와 굿즈에 열광하는 사람들의 대부분을 차지하는 풍경은 구세계의 패배에 방점을 찍는 서글픈 하이라이트다."
NXnE5Z7A6y2zG,권권후,4.0,2026-07-07T22:04:57+09:00,,2,0,False,"시즌 2부터 이어진 제시의 서사를 완전히 매듭짓기. 버려진 것이 아니라 사랑하는 방식이 달라진 것뿐이니까, 언젠가 헤어지더라도 함께한 시간이 빛난다는 사실은 달라지지 않아."
ZGYMGGLjabMr8,행복한고고미,2.5,2026-07-07T18:49:22+09:00,2026-07-04T00:00:00+09:00,2,0,False,보니야 친구 못사겨도 괜찮아 나도 21살인데 친구 사귀는게 제일 어렵다 그치만 넌 결국 해냈잖아! 대단한 아기!
6GWQ1B7lPKEJ5,곰요,4.0,2026-07-07T17:57:45+09:00,,2,0,False,헤어지기 싫어…
wlL2Dojd4BEyZ,syj쭌1,4.0,2026-07-07T17:10:18+09:00,,2,0,False,변화로 가득한 세상 속에서 영원으로 남게 될 상상력 가득한 추억에 눈물이 맺힌다.
BglQaaROWpQX0,해제로,5.0,2026-07-07T07:37:05+09:00,,2,0,False,와 너무 감동적이라서 눈물날 뻔 했어….
8kXQeb1j7KEP6,승아,4.5,2026-07-06T21:54:31+09:00,,2,0,False,다커버린 주인이 자신을 잊어버린줄 알았지만 딸아이의 이름 마저 제시라고 지을정도로 소중했던 그 관계성ㅜㅜㅜ
gwVQxnN4AN2B0,Sunny Youm,3.0,2026-07-06T17:20:13+09:00,,2,0,False,"나이가 든건지, 공식들이 보이기 시작하는건지... 익숙한 테마들이 나올때마다 파블로브 개마냥 침을 흘리긴 했다."
ZGYMGGLVrVMr8,어 흥,2.5,2026-07-06T12:07:01+09:00,,2,0,False,"현실을 반영한 이야기가 재밌게 다가오긴 했지만, 한편으론 내 어린시절도 함께 멀어지는 것 같아 조금은 아쉬웠음"
XpeMJGWwGlQJn,최고,0.5,2026-07-05T22:58:47+09:00,,2,0,False,죽은 자식 불알좀 적당히 만져야지 아주 30년을 만지고있네
5yz2YVn4qaMWj,어니부기,4.0,2026-07-05T20:50:32+09:00,,2,0,False,관계의 시간의 변화를 받아들이지 못했던 경험들이 모두 있다. 그 모습이 부박하지않음을 알려주는 영화. 시즌 5임에도 또 다른 감동을 주는 시리즈를 제작할 수 있다는건 대단한 일임이 분명하다.  여름철에 따뜻함을 느낄 수 있었다.
droQ0Y7qBGEyN,알깐따라,3.5,2026-07-05T02:38:43+09:00,2026-07-02T00:00:00+09:00,2,0,False,드디어 멋있게 날았다!
lP0E85kDxj2bx,투바키,4.0,2026-07-05T00:53:10+09:00,,2,0,False,어렸을 때 내가 좋아했던 장난감을 떠올려 보려 했는데 아무리 기억을 되짚어도 떠오르지 않는다 분명 있었을 텐데 온 마음을 다해 사랑했던 내 친구가……………
GO6MZ4n3KgENx,영식쓰 a.k.a 악빈이,3.5,2026-07-04T23:34:06+09:00,2026-07-04T00:00:00+09:00,2,0,False,여러분은 이진법 숫자 데이터 쪼가리에 사로잡혀서 옆을 보지 못하는 세상에 살고 있어요. 여러분 세상은 창문 밖에 있어요.  추신. 픽사 영화보고 운 쉬었음 청년 됨.
6GWQ1B7veLEJ5,준아,4.0,2026-07-04T23:04:46+09:00,,2,0,False,잊혀지는 것과 잊혀지게 되는 것의 차이
8n92Vpn497QAJ,두유,5.0,2026-07-04T22:35:21+09:00,,2,0,False,어린이다움을 잃지 않는 어린이들이 있기에 희망을 버릴 수 없다
BVoM9q9xm3MP0,김감자,4.5,2026-07-04T15:21:28+09:00,2026-07-04T00:00:00+09:00,2,0,False,"제시, 넌 언제까지나 우리의 작은 카우걸이야."
gwVQxnN3Nl2B0,두현무비,3.5,2026-07-04T01:42:57+09:00,,2,0,False,남겨진다는것은 버려지는게 아니라 영원히 기억된다는 것
BVoM9q9qqXMP0,chochomingi,4.5,2026-07-03T22:25:09+09:00,,2,0,False,스토리 스토리 아이 러브 토이스토리~~
lP0E85kwWw2bx,성준,3.0,2026-07-03T21:12:52+09:00,2026-07-03T00:00:00+09:00,2,0,False,난잡하고 과하지만 사랑스럽다.
xplMdbDJqOE4o,로나리,4.5,2026-07-03T07:52:07+09:00,,2,0,False,버려진다는 것조차 이해해주는 그들의 무한한 사랑
6GWQ1B7GBgEJ5,아뿌,4.0,2026-07-02T22:02:13+09:00,2026-06-29T00:00:00+09:00,2,0,False,뭉끌 ......
W4zQrONen5Ew1,재박,4.0,2026-07-02T21:49:16+09:00,,2,0,False,돌아왔다 내 동심
Vw8MLJ3LyxEel,듀라,4.0,2026-07-02T21:48:40+09:00,,2,0,False,엄마가 보니 위로해줄때 울엇고 이후 릴리 땜에 또 울음 장난감들이주인을위해ㅈㄹ뺑이를쳐  제시버즈 야무지게 말아줘서 야르~ 토이스토리20까지나오면좋겟어여저죽을때까지볼래요
8n92Vpgj6GQAJ,민짜,3.0,2026-07-02T15:31:14+09:00,,2,0,False,이제는 꼰대가 된 추억의 그것들.
1Vl2bbXRlD2rR,김동근,4.0,2026-07-02T15:27:04+09:00,,2,0,False,"난 겨우야 어른이 되었으면서도 아들 녀석은 더 빨리, 당연히 어른스러운 아이가 되길 바랐구나. 미안하구나. 더 너답게 있다가, 좀 더 이따 어른이 되고 싶다고 하면 기쁘게 널 도와 지켜봐주마."
boPQjo1XG0EKL,LED's,4.0,2026-07-02T14:54:56+09:00,,2,0,False,"(온연한)3편(의 철학)과 (논쟁적인)4편(의 철학) 사이 없었던, 완벽한 링크... 언젠가 사라질 우리의 절대 사라지지 않을 유산(legacy)-삶의 이유에 대하여...."
WzO2g4jgyYMXZ,Hun,4.5,2026-07-02T12:34:33+09:00,,2,0,False,난 토이스토리 병에 걸렸다. 이거만 보면 눈물이 나. 내 추억을 기억하게 만들어줘서 코멘트도 쓸수없고 점수를 메기는거 조차 의미없다.  주체가 우디 버즈에서 제시로 넘어간건 조금 아쉬웠지만 제시도 너무 좋았어!  장난감은 상술이 아니다. 꿈이다!
3kNEpe8OkX2Og,정재홍,4.0,2026-07-02T09:46:20+09:00,,2,0,False,"그래, 이 맛이었지"
3WB2qozpWxQpj,이레,3.0,2026-07-02T00:58:35+09:00,,2,0,False,"아무런 이유 없이 그저 어린시절을 함께했다는 것만으로도 사랑하게 되는 나무, 햇빛, 오래된 노래와 타이어 제멋대로 흐트러진 말발굽 마치 낡은 앨범을 들여다보듯이 이제는 남의 이야기 같지만 한번쯤 뒤돌아보고 싶어지는 내가 잘 아는 얼굴"
PkvE6Dj177Mpg,mandu,3.0,2026-07-02T00:32:42+09:00,2026-07-01T00:00:00+09:00,2,0,False,누가 토이스토리 안보면 고아라고 해서 봤어요
xplMdbjzavE4o,민지,4.0,2026-07-02T00:01:29+09:00,,2,0,False,올드토이 남일같지 않다…늙어가고 버려지고 잊혀져가고..날 스쳐지나간 모두에게..마음속에 남겨져있기를…….
PkvE6Dj1OvMpg,김민규,3.5,2026-07-01T23:36:47+09:00,,2,0,False,순수한 성숙함.
jxZQRxnaDd2bq,BB,4.0,2026-07-01T22:36:05+09:00,,2,0,False,"260701 향수 티저도 안 보고 갑자기 보러간 영화, 얼마만의 영화관인지 기억도 안난다.  우디가 안 나올까봐 걱정했는데 버즈와 제시가 영화를 이끌며 정겨운 얼굴들이 나와서 너무 좋았음  인형 놀이를 할 때 작화가 그림처럼 바뀌는 것도 너무 좋았고 제시의 첫 주인이 어른이 된 설정도 정말 좋았음 여기서 눈물 주르륵 흘림 수많은 버즈들이 주인을 찾고 그중 어른에게도 간 설정도 좋았다 마치 이 영화를 보면서 자라고, 기다리고, 또 함께 마무리한 어른들에게 바치는 것 같았음  쿠키 두개까지 챙겨보고 테일러스위프트의 노래도 좋았다  마블도, 토이스토리도. 내 청춘 영화들이 자꾸 끝맺어서 너무 아쉽고 찬란했다!"
kpeQKvopkJMYN,집가고싶다,5.0,2026-07-01T21:42:05+09:00,,2,0,False,구관이 명관이다
W9bEBeqxKLQpZ,TO,4.5,2026-07-01T21:29:55+09:00,2026-06-29T00:00:00+09:00,2,0,False,첫사랑이기만 했다면 그냥 5점을 줬겠지 하지만 내 토이스토리는 현재진행형이다 이거야
NXnE5ZjGNB2zG,ㅁ1ㄱㅗng,1.0,2026-07-01T19:02:59+09:00,,2,0,False,미안합니다 잤어요 .. 나중에다시볼게요..
6GWQ1Bn53qEJ5,FILMOVIE,,2026-07-01T18:43:36+09:00,,2,0,False,토이 스토리 4를 보고나서 썼던 평에 어릴 때 가지고 놀던 장난감을 찾아보겠다는 말과 5편은 만들지 말라는 말을 했던 걸 말이 유독 많이 나오는 5를 보기 직전에 다시 보게 되었다. 4를 보고 장난감을 찾아봤는지에 대한 기억은 흐릿하고 나오지 않길 바랐던 5는 전작들에 비하면 옅은 감동을 줬지만 여전히 감정선을 건드리는 요소들이 있다.
ZGYMGGzlr9Mr8,👁️👁️,4.5,2026-07-01T18:12:24+09:00,2026-06-28T00:00:00+09:00,2,1,False,릴리패드라는 소재도 참신했고 스토리가 뻔할지라도 너무 좋아서 울고 웃으면서 봤다 유머코드 수준 >버즈군단< 얘네랑 너무 잘 맞아서 꺽꺽웃음  집에 있는 장난감 하나하나쓰다듬어줄테야… ㅜㅜ
lP0E85pdKw2bx,KCW,3.5,2026-07-01T13:35:13+09:00,2026-06-28T00:00:00+09:00,2,0,False,4가 '매력적인 외전'이라면 5는 '안전한 시리즈'
5yz2YVgxKeMWj,익명의 땅다람쥐,5.0,2026-07-01T08:45:28+09:00,,2,0,False,"세상이 변해도 결국 중요한 것은 자기 이해와 진짜 관계라는 생각이 들었다. 아이들의 장난감은 패드가 대신했고, 어릴 적 토이스토리를 보던 어린 우리는 이제 어른이 되어 장난감을 찾지 않게 되었다. 세 번째 시리즈에서 막을 내렸어야 했다는 평가도 있지만, 버즈와 우디가 다시 극장으로 찾아와 준 것만으로도 즐거운 감상이 되었다. 어린 시절을 떠올리며 팝업을 방문하고 굿즈를 사는 등 장난감의 소비 방식은 달라졌지만, 결국 장난감이라는 것은 사람과 사람을 이어주기도 하고 내면의 자신과 이야기하게 만들기도 한다. 세상이 빠르게 변하고 관계의 형태도 달라졌지만, 결국 중요한 것은 내가 어떤 사람인지 스스로 알고, 그 모습 그대로의 나를 받아들여 줄 친구를 만나는 일이라는 생각이 들었다. 토이스토리가 늘 이야기해 온 것도 어쩌면 그것 아닐까. 누군가의 곁에 남아 함께 시간을 보내는 것, 그리고 서로에게 ‘네가 있어서 괜찮다’는 존재가 되어주는 것. 그래서 이번 영화는 단순한 향수 이상의 의미로 다가왔다."
3kNEpe8qy12Og,방진우,3.0,2026-07-01T00:02:51+09:00,,2,0,False,어쩌면 버려지고 잊혀진다는 것은 없을지도 모른다. 함께 하는 순간부터 앞으로도 이어질 삶의 일부가 되기 때문이다.
3WB2qozr9GQpj,김범수,1.5,2026-06-30T22:42:00+09:00,,2,0,False,“뭐 또 상부상조 엔딩이겠지”
wlL2Do6XNoEyZ,도현,3.0,2026-06-30T21:37:40+09:00,,2,0,False,많이 자라 어른이 된 나에게 보여주는 선물
OAxM71BXBmEbm,Kaelo,3.5,2026-06-30T19:54:20+09:00,2026-06-26T00:00:00+09:00,2,0,False,대체하는 것과 대체되는 것 경계에서 호기롭고 안전하게 내딛은 발돋움.
NXnE5Zjbar2zG,손정호,3.0,2026-06-30T18:13:56+09:00,,2,0,False,3에서 끝냈어야했다.
mkPMne6JR92wq,한덕광,3.5,2026-06-30T18:07:09+09:00,,2,1,False,커여운것들 ㅋ
mkPMne6Jag2wq,yeahlinee,5.0,2026-06-30T15:49:01+09:00,,2,0,False,우리는 게임이 아닌 놀이가 필요하다!
boPQjo1DBKEKL,蒼井優,3.5,2026-06-30T00:26:10+09:00,,2,0,False,와이파이로 이어진 관계보다 마음으로 이어진 사랑이 더 소중하다는 것. 제시와 친구들의 감동적인 변화구.
boY2lYqpbjMWO,로이아나준,3.0,2026-06-29T20:07:58+09:00,,2,0,False,"내 동심도, 아직은 엔딩이 아니다"
boY2lYqpdYMWO,휴지말이,4.0,2026-06-29T18:28:33+09:00,,2,0,False,"누구나 자신만의 상상력이 있으며, 우리 안의 상상력은 어릴 적 함께한 '장난감'을 가지고 놀며 자연스럽게 자라난다. 이 영화는 자신과 노는 아이를 '우리 애'라고 소중하게 부르는 장난감의 시선을 통해, 장난감이 아이의 상상력을 길러준 부모와도 같다는 것을 보여준다."
6PzQ44jpkzQqV,토리19,2.5,2026-06-29T17:56:44+09:00,,2,0,False,솔직히 의리로 봤다
PkvE6Djgm7Mpg,이병,4.0,2026-06-29T15:54:02+09:00,,2,0,False,타임머신 체험. 잊고있던 그 시절의 동심을 떠올리게 해준다.
bW3Qk75AZLQ9p,수씨,3.0,2026-06-29T15:23:06+09:00,,2,0,False,장난감들아 나 자라는거 지켜봐줘서 고마워😍😍😍
8kXQebPq3vEP6,Pikaia,3.5,2026-06-29T13:27:35+09:00,2026-06-28T00:00:00+09:00,2,0,False,"토이스토리 1,2,3,4,5... 다 보진 못했지만 시리즈의 기획에 감탄했다. 1을 구상하던 작가와 감독은 5를 상상할 수 없었을 것이다. 시리즈물의 아름다운 점은 시대성이다. 아이가 어른이 되고 어른이 노인이 되어가며 시간은 흐르고 세상은 변한다."
W4zQrOAWVVEw1,진진,4.0,2026-06-29T12:23:42+09:00,,2,0,False,방 한칸에서 여전히 나를 가장 응원하는 누군가
6PzQ44jeVqQqV,최은서,4.0,2026-06-28T23:51:52+09:00,,2,3,False,4보다훨재밋음 버즈50마리너무구ㅣ엽다 중간중간에 개그포인트가 억지스럽거나 유치하지 않고 재밌음
7JVEoXmj9X29y,레고,5.0,2026-06-28T23:16:44+09:00,2026-06-27T00:00:00+09:00,2,0,False,게임이 아닌 놀이가 필요한 아이들
boY2lYqBglMWO,뚠빵,3.0,2026-06-28T21:29:09+09:00,,2,0,False,"커트 코베인은 비디오 스타가 되는 것을 거부하려 했지만, 아이러니하게도 MTV의 스타가 되었다. 토이스토리 5는 ‘놀이’의 낭만을 되찾는 것을 이야기하지만, 역시 아이러니하게도 그 메시지는, 영화라는 ‘미디어’  문물로 전달되었다."
6GWQ1BnyBNEJ5,정동현,3.5,2026-06-28T20:09:18+09:00,,2,0,False,"기술의 발전은 아이들에게 이로운가.  아이들이 어린 시절부터 디지털 세상에 빠져사는 것이 비관적으로 보이는 것은 나만의 시대착오적 견해가 아닐 것이다. 아이들은 시공간을 초월하여 연결되어 있지만, 동시에 그 어느 때보다 외롭다. 무엇이든 손쉽게 할 수 있지만, 동시에 그 무엇도 상상하지 못한다.  결정적으로 요즘 아이들의 동심은 보호를 받지 못한다. 어른들의 시선으로 더렵혀진 세상에 무방비하게 노출되고, 그 나이대에 누려야 할, 그 나이대만이 누릴 수 있는 자연적 특권을 박탈당한다.  하지만 기술의 발전은 거스를 수 없는 역사의 흐름이기에, 이에 대한 <토이 스토리>만의 낙관적 해답."
kpeQKvoK8OMYN,베이컨토마토디럭스,4.0,2026-06-28T19:58:32+09:00,,2,0,False,좀더 기술이 발전하면 버즈랑 가상현실에서 만나 같이 놀아볼 수도 있을 것 같다. 매우 높은 확률로 그럴 것이다. 돌이켜봤을때 나는 어린시절 소중하게 아껴본 장난감이 기억에 없다.
6PzQ44jRKVQqV,별이5개,3.0,2026-06-28T16:14:19+09:00,,2,0,False,수선스럽더라 이제는 우디에서 제시로?
W9bEBeq87jQpZ,구조주의자,4.0,2026-06-28T13:33:23+09:00,,2,0,False,언제 어른이 되는지는 우리가 정할 수 있는 게 아니야. 우리가 할 수 있는 건 어른이 될 수 있도록 도와주는 거지. 그 과정에 조금이라도 도움이 되었다면 난 행복해.
W4zQrOA5wJEw1,중이,3.5,2026-06-28T12:28:26+09:00,2026-06-27T00:00:00+09:00,2,0,True,아이들이 터치패드에 익숙한 현실을 반영해 장난감들이 위기를 맞는다는 설정 자체는 흥미롭다. 그러나 제시를 제외한 대부분의 캐릭터가 소모적으로 소비된 점은 아쉬움을 남긴다.
W4zQrOA389Ew1,낚시,4.0,2026-06-28T00:19:35+09:00,,2,0,False,버즈가 너무 못생겨서 울엇어
zD82XXgzkB253,유서진,4.5,2026-06-27T23:02:25+09:00,,2,0,False,"스토리가 어떻든 간에, 연출이 어떻든 간에, 완성도가 어떻든 간에, 너희들은 언제나 사랑할 거야"
6GWQ1BnK13EJ5,박지원_리뷰를 리뷰하다,4.0,2026-06-27T18:59:55+09:00,,2,0,False,"아이들에게 좋은 어른이 되고 싶다는 이 마음은, 모두 너희가 만들어 준 거야.  Thank you for making me want to be a good grown-up for kids.  202.06.27"
6PzQ44j35dQqV,초록,5.0,2026-06-27T17:17:54+09:00,2026-06-27T00:00:00+09:00,2,0,False,가슴에 국밥 쏟음. 버즈라이트이어 갖고싶다 나한테도 날아와라
jxZQRxnlxd2bq,POOH,4.0,2026-06-27T00:12:33+09:00,,2,0,False,"에밀리에게 제시는 그녀 인생의 시작이였고 이정표였고 삶에서 가장 중요한 부분중 하나였던것처럼 이 영화도 나에게 있어 그런 존재일것이다. 어릴때 이 영화만큼 사랑한 영화는 없었고, 그랬기에 보고 또 볼때마다 제시가 에밀리에게 그랬던것처럼 나에게 항상 새롭고 행복한 추억을 만들어줬다고 생각한다. 가끔은 흐릿해지겠지만 그럼에도 언제까지나 이 시리즈는 나에게 그런 존재일 것이다."
6GWQ1BnnolEJ5,robyn,3.5,2026-06-26T23:46:28+09:00,,2,0,False,억감동도 감동이다..
gwVQxnOO992B0,재우몬,4.0,2026-06-26T23:40:30+09:00,,2,0,False,이 나이 먹고 계속 토이스토리를 기다리는 이유는 뭘까
NXnE5ZjjvP2zG,ncorz,4.5,2026-06-26T21:41:49+09:00,2026-06-26T00:00:00+09:00,2,0,False,모든게 변해도 변하지 않는 것이 있어..
BglQaaggevQX0,da,3.0,2026-06-26T21:07:36+09:00,,2,0,False,다 떠나서 개운하지가 않네… 패러다임의 변화가 너무 크고 중차대한데 편법으로 매조지하구 장난감들이 행복할지도 모르겠구 쩝 너무 동시대적이야기라 그른가  5 기다리면서 1-4편 다시보게 해줘서 별 찍눈다..
69oMvpwr66Eal,재준,3.0,2026-06-26T19:12:01+09:00,,2,0,False,"디지털 시대에서 사람과 사람 사이의 관계는 아날로그 시대의 유대감에 비해 약화되었다. 영화는 게임이 놀이와 달리 결여한 요소를 창의성으로 보고 있다. 분명 놀이는 직접적으로 내 세계를 창조하여야 한다는 점에서 재미의 개입성과 몰입도에 차이를 보인다.  이전 시리즈에서 장난감이 자신의 위치를 깨닫는 데까지 시간이 필요했듯이 제시에게 변화한 시대에서 역할을 이해하고 수용하는 과정을 흥미진진하게 그려냈다.  몇 가지 장면은 과거 토이스토리를 감상했던 관객의 향수를 불러일으키게 충분했지만, 스토리 후반부 말하고자 하는 메시지를 급격하게 마무리하기 위해 캐릭터의 배치가 소비적으로 후퇴한 점은 아쉬운 부분이다."
boY2lYq8z7MWO,주관적으로,3.5,2026-06-26T17:43:37+09:00,2026-06-21T00:00:00+09:00,2,0,False,매력적인 시리즈가 잊혀질만 하면 다시 이어진다는 게 얼마나 감사한 일인지 이래서 시리즈물에 빠지게 되는 것 같다 다시 또 나타나줘
0ezQyeO8lnQpq,홍우빈,3.5,2026-06-26T16:39:41+09:00,,2,0,False,변화되는 것은 사라지는 것이 아니라 남겨지는 것.
5yz2YVg9gZMWj,홍덕팔,4.5,2026-06-25T21:25:11+09:00,,2,0,False,누구나 만져봤을 한 줌의 찰흙을 치대어 완성한 결이 풍성하고 다단한 세공품
j7kQzkOe5zEl4,ADHD,3.5,2026-06-25T16:44:09+09:00,,2,0,False,이번에도 절 울리시는군요...
bW3Qk75j9oQ9p,이승우,4.0,2026-06-25T12:16:48+09:00,,2,0,False,계속해서 웃음 짓게 만드는 픽사의 마법.
lP0E85pl7Y2bx,ㅈㅎ,4.0,2026-06-25T08:17:16+09:00,,2,0,False,몽글몽글 너무 귀엽다 토이스토리 팬 아니면 별 감흥 없을지도
3WB2qozoeNQpj,EuiSeok Hwang,4.0,2026-06-24T22:23:53+09:00,,2,0,False,"픽셀과 플라스틱의 5묘한 조화, 기어이 두 세계의 따뜻한 상생을 완성하다."
XpeMJGJoZdQJn,열빙어 먹는 포차,4.0,2026-06-24T21:58:24+09:00,2026-06-21T00:00:00+09:00,2,0,False,흐엉 많은 새로운 것들을 마주하는 오래된 나를 위하여  ** 와이파이가 터지는 버전의 나를 마주하는 기분이라니
0ezQyeOJX3Qpq,정민요,4.0,2026-06-24T21:55:22+09:00,2026-06-24T00:00:00+09:00,2,1,False,장난감도 마음을 돌려받을 수 있는거임? 조이도?
0ezQyeOJzRQpq,허허녀석,4.5,2026-06-24T21:31:56+09:00,,2,0,False,"보니까 또 좋다…  어느샌가 제시와 보가 선두에 나온 흐름처럼, 바뀌어가는 시대상의 흐름에 자연스러운 스토리가 와닿았다 그래서인지 4보다 좋았음"
droQ0YjB7KEyN,은지,3.5,2026-06-24T20:39:42+09:00,,2,0,False,친구는 영원하지 ~ 제시 ~ You’ve got a friend in me~~
NXnE5ZjgYy2zG,sseum,3.0,2026-06-24T20:32:35+09:00,,2,0,True,에밀리가 딸 이름를 제시로 지었어 ㅜㅜㅜㅜ
zD82XXglKA253,boeny•,3.5,2026-06-24T20:10:24+09:00,,2,0,False,혼자서는 어른이 될 수 없다는 걸 왜 자꾸 까먹게 될까
XpeMJGJAneQJn,youth,4.0,2026-06-24T18:56:05+09:00,,2,0,False,"Kids must play  언젠가 모두가 어른이 되겠지만, 적어도 어린이일 적에는 놀아야 한다는 순수한 믿음."
droQ0Yj9e9EyN,이민현,3.5,2026-06-24T17:49:39+09:00,2026-06-22T00:00:00+09:00,2,0,False,"우리의 세상은 아이의 방 안이 전부였으나, 아이의 세상은 손바닥만 한 화면 너머로 한없이 넓어졌다."
wlL2Do6gmqEyZ,Xein Hossler,3.0,2026-06-24T11:40:05+09:00,,2,0,False,불스아이 너무 귀여워
GO6MZ4RmX6ENx,DW Son,4.0,2026-06-24T09:32:55+09:00,,2,0,False,이제는 시리즈가 또 나온다고 해도 걱정없을 것 같다.
WzO2g4jBnjMXZ,Movie Train,0.5,2026-06-24T04:33:40+09:00,,2,0,False,"박수칠 때 떠날 줄 모르는 디즈니의 돈 욕심. 앤디와의 소중한 약속도 무시하며 만든 존재감 없는 캐릭터에게 분량만 늘리면? 앤디는 3편까지 총 등장 시간이 30분도 안됐지만, 할일 다했다.  존 라세터, 마이클 안트, 브래드 버드가 없으면 브레인트러스트 못하는 것도 아닐텐데, 진짜 디즈니의 외압이 너무너무 싫다."
nd3M3zj41a2Ng,노동준,4.5,2026-06-24T01:29:13+09:00,,2,0,False,나를 키운건 팔 할이 바람이다
1Vl2bbgpm72rR,악!,4.0,2026-06-23T23:02:12+09:00,,2,0,False,ㅠ집가서 인형들 꼬옥 안아줄꺼임……
gwVQxnGo592B0,몽가,3.5,2026-06-23T18:16:06+09:00,,2,0,False,제시 스토리
NXnE5ZYamr2zG,참아,4.5,2026-06-23T17:25:26+09:00,,2,0,False,우주특똥대원
jxZQRxNWqr2bq,처뤼,3.0,2026-06-23T17:10:17+09:00,2026-06-23T00:00:00+09:00,2,0,False,"지천명을 향해가며 이사도 대여섯번 했지만 아직도 국딩때 가지고 놀던 장남감, 인형은 가지고 있다. 딱 그런 존재의 시리즈"
xzaQAvqZjLEg5,Sun n Rain,4.5,2026-06-23T17:02:01+09:00,,2,0,False,"바람처럼 스쳐 지나간 줄 알았지만 어느새 내 인생의 단단한 줄기가 된, 시절인연의 소중함을 일깨워주는 장난감들.  사실 <토이스토리 4>가 재미있긴 하지만 다소 실망스럽게 다가왔던지라 이번에 볼까말까 망설였는데, 아직도 장난감이라는 소재를 가지고 이렇게나 풍부하게 다룰 이야기가 남아있다는 점을 다시금 일깨워주는 좋은 후속편이었다.  이번엔 우디나 버즈보다 제시의 서사에 좀 더 집중한 면이 있는데, 2편에서 못다한 이야기를 술술 풀어내는 솜씨가 탁월했다. 단순하게 기술과 아날로그의 대립각을 세우는 데서 끝나는 것이 아닌, 결국 어떤 방식으로든 사람들이 서로 진정으로 연결되게 해주는 것이 중요하다는 메시지를 담은 것이 마음에 기분 좋은 잔상을 남긴다. 요즘 내가 즐겨보는 컨텐츠에서 전반적으로 화두가 되고 있는 '시절인연'에 대해서도 생각하게 해줌.  솔직히 이 시리즈는 이제 사골을 우리다 못해 맑은 물 나올 때가 되지 않았나 싶었는데, 제시와 에밀리의 테마송인 When She Loved Me의 반주가 흐르자마자 쌈디처럼 울었다..."
6GWQ1BWoY3EJ5,ㅋㅅㅋ,3.5,2026-06-23T16:00:05+09:00,2026-06-23T15:00:00+09:00,2,0,False,널 곱씹어 보다가 찾아 헤매는 날이 많은데 그럼에도 널 삼켜내고 있는 건 나에게는 모든 게 고마운 일이어서야
lP0E85yNkY2bx,문어상어뱀악어,4.0,2026-06-23T13:02:19+09:00,,2,3,False,어떤 이별은 그저 그들 사이에 시간이 흘러갔기 때문에 찾아온다.  @이동진 연전연승 세계관
7JVEoXVPAn29y,키높이오,3.0,2026-06-23T09:00:53+09:00,2026-06-20T00:00:00+09:00,2,0,False,"안 맞는 친구를 안 볼 수 없는 상태가 지옥이라면, 『토이 스토리 5』는 그 지옥을 가장 귀여운 얼굴로 보여주는 영화다."
0ezQye8v01Qpq,그뇨,3.5,2026-06-22T23:07:34+09:00,,2,0,True,"자라나는 아이들과 동시에 성장하는 장난감들 . . . fly with style, 1편에서 정체성의 좌절을 맛보게한 현실을 5편에서 발전된 버즈로서 보여주는 비행은 엄청난 희열을 준다. 기술의 진보를 경계하는 듯한 스토리에서, 결국 공존을 이야기하는 변화 속에서 버즈의 비행은 상징적이다"
8n92Vp95aqQAJ,에브릴,3.0,2026-06-22T18:24:02+09:00,2026-06-22T00:00:00+09:00,2,0,False,지속되면서 대체 되는 것. 부정하고 싶지만 받아들여야하는 현실이지 않을까.
POkEwe6z08Mql,천병,4.0,2026-06-22T18:15:21+09:00,,2,0,False,버즈 라이트이어를 품에 안아 숨긴 남자처럼 나도 끌어안은 채 놓지 못하던 것들이 있다. 오랫동안 붙잡고 있던 그것들을 비로소 떠나보낼 수 있게 된 것 같다.
P7kEWp9o892J9,minseo,3.5,2026-06-22T16:05:20+09:00,,2,0,False,집 가서 바로 실바니안 꺼냈다…
droQ0Ynm7OEyN,지안,5.0,2026-06-22T15:52:13+09:00,2026-06-17T00:00:00+09:00,2,0,False,추억에도 점수를 매길 수 있다면
1Vl2bbgYpn2rR,이서영,4.0,2026-06-22T07:35:45+09:00,,2,0,False,아무리 세상이 바뀌어도 아이들이 잘 자랐으면 하는 마음만큼은 그대로니까  토이 스토리는 계속될 것이다 자라나는 아이들을 보내주고 또 새로운 아이들 곁에 존재하며
xzaQAvqlZpEg5,minjony,3.0,2026-06-22T06:59:25+09:00,2026-06-21T00:00:00+09:00,2,0,False,그 여정에 우리가 도움이 되었다면 우리는 우리가 할 일을 한거야 dedicated to our loved ones past and present who were there for us at the right time-you mattered
gwVQxnGdWe2B0,BBbbb,2.0,2026-06-21T23:25:33+09:00,2026-06-21T00:00:00+09:00,2,0,False,넌 나의 영원한 장난감이야
jxZQRxNopk2bq,제발 재밌어라 ㅠㅠ,4.0,2026-06-21T23:08:01+09:00,,2,0,False,믿고보는 토이스토리
69oMvprKJ8Eal,정인우,3.5,2026-06-21T23:05:49+09:00,2026-06-21T00:00:00+09:00,2,0,False,"무한한 공간, 저 너머로!"
boPQjo68G0EKL,entmphbia,3.5,2026-06-21T21:40:29+09:00,,2,0,False,토이스토리는 3에서 끝났다고 확고하게 믿는 나를 흔들었어
3WB2qoZxNpQpj,메이,4.0,2026-06-21T21:29:10+09:00,,2,0,False,렉스가 또 다시 멸종되지 않길 바라며..
3kNEpeJyKN2Og,아델리,3.5,2026-06-21T21:16:37+09:00,,2,0,False,상영관에 애기들이 많을 줄 알았는데 다 어른들이었다 찡.. 6편은 AI와 장난감의 대결이려나~?
boY2lY8AK8MWO,로민,4.5,2026-06-21T20:54:31+09:00,,2,0,False,"영화를 보는 내내 미안했어. 하얀 강아지 인형, 경찰 미니피겨, 마법 반지, 레고로 만든 마을. 너희 모두 이름이 있었는데. 언제인지 기억나지 않는 그날 마지막으로 가지고 놀았겠지. 모두 어디로 갔는지도 모르겠구나. 이제 내 방에는 컴퓨터와 책으로 가득해. 나도 보니와 아이들 처럼 언젠가부터 폰만 보며 지냈겠지. 내가 미안한건 내 상상속 너희들일까? 아니면 이런 어른이 되어버릴줄 몰랐던 너희와 놀던 어린 나일까? 난 멋지지도 않고 날지도 못하는데 말야. 그땐 멋지게 추락하기라도 했지.  고마워. 내가 너희를 버린게 아니라고 말해줘서 고마워. 내가 그저 자란 것 뿐이라고, 그래도 우리 덕분에 이정도라도 멋지게 자라지 않았냐고 자랑스러워 해줘서 고마워. 괜찮으면 언제 한 번 내 꿈에 놀러와줘 친구들. 그럼 정말 반갑게 인사하고 하룻밤 정도는 그때처럼 다시 놀자."
